18.4412 	INFO 	Median frames per second =59.9, which is close enough to desired val of 60.0
18.4413 	INFO 	longFrameLimit=21.167 Recording trials where one or more interframe interval exceeded this figure 
18.4414 	ERROR 	Instead of desired resolution of 800x600 pixels, screen apparently 1920x1200
18.4414 	INFO 	computer platform=win32
18.4414 	INFO 	File that generated this = sys.argv[0]= c:/Users/vipla/Documents/GitHub/MOTcircularClean/MOTintersect.py
18.4414 	INFO 	has_retina_scrn=False
18.4414 	INFO 	trialsPerCondition =3
18.4414 	INFO 	random number seed =1786888466
18.4439 	WARNING 	User requested fullscreen with size [800 600], but screen is actually [1920, 1200]. Using actual size
18.7602 	INFO 	Using renderer 'Intel(R) Iris(R) Xe Graphics' for graphics
18.7602 	INFO 	OpenGL version supported by driver is 4..
20.6079 	WARNING 	Instead of desired resolution of 800x600 pixels, screen is apparently 1920x1200 will base calculations off that.
20.6079 	INFO 	Screen resolution, which is also being used for calculations, is 1920 by 1200
25.2951 	INFO 	second window opening runInfo mean ms=16.679035593416163
25.2951 	INFO 	#[ PsychoPy3 RuntimeInfoStart ]
  #[[ PsychoPy ]] #---------
    psychopyVersion: 2026.1.1
    psychopyHaveExtRush: True
  #[[ Experiment ]] #---------
    experimentAuthVersion: None
    experimentAuthor: None
    experimentRunTime: 2026_08_16 23:54 (Year_Month_Day Hour:Min)
    experimentRunTime.epoch: 1786888481
    experimentScript: MOTintersect.py
    experimentScript.digestSHA1: 1d15024f988d6fa17ff26d1735b380431ec09080
    experimentScript.directory: c:\Users\vipla\Documents\GitHub\MOTcircularClean
  #[[ System ]] #---------
    systemHaveInternetAccess: True
    systemHostName: Viplav-Dell
    systemLocale: English_United Kingdom.1252
    systemMemFreeRAM: 1671.19921875
    systemMemTotalRAM: 16055.0546875
    systemPlatform: windowsversion=sys.getwindowsversion(major=10, minor=0, build=26200, platform=2, service_pack='')
    systemRebooted: System Boot Time:              2026-08-14, 13:36:32
    systemSec.pythonSSL: True
    systemTimeNumpySD1000000_sec: 0.0054
    systemUser: vipla
    systemUserID: 1000
    systemUserProcCmdPid:  aggregatorhost.exe winlogon.exe shellhost.exe crossdeviceresume.exe kndbwmservice.exe kndbwm.exe fontdrvhost.exe dell.techhub.instrumentation.userprocess.exe onedrive.exe dell.uca.manager.exe telemetry_agent.exe runtimebroker.exe filecoauth.exe wavessvc64.exe lsass.exe system securityhealthsystray.exe mpdefendercoreservice.exe taskhostw.exe jhi_service.exe wlanext.exe kaps.exe sihost.exe crossdeviceservice.exe wmiregistrationservice.exe registry unsecapp.exe dell.d3.winsvc.exe esrv_svc.exe zen.exe killernetworkservice.exe esrv.exe dwm.exe openconsole.exe csrss.exe svchost.exe fusionservice.exe collector_service.exe services.exe nissrv.exe gk.exe filesynchelper.exe ngciso.exe phoneexperiencehost.exe wmiapsrv.exe serviceshell.exe dell.techhub.exe shellexperiencehost.exe applicationframehost.exe wmiprvse.exe ipf_helper.exe dell.techhub.instrumentation.subagent.exe dellpair.exe intelaudioservice.exe useroobebroker.exe dell.update.subagent.exe onedrive.sync.service.exe nvdisplay.container.exe intel_pie_service.exe conhost.exe powershell.exe textinputhost.exe pet.exe supportassistagent.exe kapsservice.exe intelgraphicssoftware.service.exe ipf_uf.exe killerproviderdatahelperservice.exe tismartampservice.exe gamingservices.exe microsoftsecurityapp.exe lsaiso.exe everything.exe wslservice.exe rstmwservice.exe altserver.exe logi_lamparray_service.amd64.exe dllhost.exe code.exe goodixsessionservice.exe dell.techhub.datamanager.subagent.exe bitwarden.exe searchhost.exe backgroundtaskhost.exe ddvcollectorsvcapi.exe 'system idle process' xgamehelper.exe dell.coreservices.client.exe audiodg.exe ipfsvc.exe startmenuexperiencehost.exe mdnsresponder.exe trustedinstaller.exe smss.exe wudfhost.exe presentmonservice.exe ctfmon.exe wavessyssvc64.exe gameinputredistservice.exe dellsupportassistremedationservice.exe officeclicktorun.exe python.exe wavesaudioservice.exe mullvad-daemon.exe ddvdatacollector.exe ddvrulesprocessor.exe msmpeng.exe sursvc.exe dell.techhub.analytics.subagent.exe msedgewebview2.exe intelcphdcpsvc.exe searchindexer.exe killeranalyticsservice.exe tiworker.exe securityhealthservice.exe explorer.exe lockapp.exe memcompression dellpairservice.exe appactions.exe autodarkmodesvc.exe gamingservicesnet.exe wininit.exe spoolsv.exe applemobiledeviceservice.exe dell.techhub.diagnostics.subagent.exe systemsettings.exe rtkauduservice64.exe
    systemUserProcCount: 322
    systemUserProcFlagged: explorer.exe
    systemUsersCount: False
  #[[ Window ]] #---------
    windowWinType: pyglet
    windowWaitBlanking: False
    windowUseNativeGamma: True
    windowUnits: deg
    windowSize_pix: [1920 1200]
    windowScreen: 0
    windowRgb: [-1 -1 -1]
    windowRefreshTimeSD_ms: 0.144
    windowRefreshTimeMedian_ms: 16.689
    windowRefreshTimeAvg_ms: 16.679
    windowRefreshThreshold_sec: 0.0200
    windowRecordFrameIntervals: False
    windowPos_pix: (0, 0)
    windowMonitor.name: testMonitor
    windowMonitor.getWidth_cm: 38.0
    windowMonitor.getLinearizeMethod: 1
    windowMonitor.getGammaGrid: [[ 0.  1.  1. nan nan nan]
 [ 0.  1.  1. nan nan nan]
 [ 0.  1.  1. nan nan nan]
 [ 0.  1.  1. nan nan nan]]
    windowMonitor.getDistance_cm: 50.0
    windowMonitor.gammaInterpolator2: None
    windowMonitor.gammaInterpolator: None
    windowMonitor.currentCalibName: 2026_03_20 04:06
    windowIsFullScr: 1
    windowHaveShaders: True
    windowAllowGUI: False
  #[[ Python ]] #---------
    pythonWxVersion: 4.2.5 msw (phoenix) wxWidgets 3.2.9
    pythonVersion: 3.10.11
    pythonScipyVersion: 1.14.1
    pythonPygletVersion: 1.4.11
    pythonPygameVersion: 2.6.1
    pythonNumpyVersion: 2.2.6
    pythonMatplotlibVersion: 3.10.8
    pythonFullVersion: 3.10.11 (tags/v3.10.11:7d4cc5a, Apr  5 2023, 00:38:17) [MSC v.1929 64 bit (AMD64)]
    pythonExecutable: C:\Users\vipla\AppData\Local\Programs\PsychoPy\python.exe
  #[[ OpenGL ]] #---------
    openGLmaxVerticesInVertexArray: 1048576
    False: openGLext.GL_STEREO
    True: openGLext.GL_EXT_framebuffer_object
    True: openGLext.GL_ARB_vertex_shader
    True: openGLext.GL_ARB_texture_non_power_of_two
    True: openGLext.GL_ARB_texture_float
    True: openGLext.GL_ARB_shader_objects
    True: openGLext.GL_ARB_multitexture
    True: openGLext.GL_ARB_fragment_program
    openGLVersion: 4.6.0 - Build 32.0.101.7084
    openGLVendor: Intel
    openGLRenderingEngine: Intel(R) Iris(R) Xe Graphics
#[ PsychoPy3 RuntimeInfoEnd ]

25.2955 	INFO 	gammaGrid=[[ 0.  1.  1. nan nan nan]
 [ 0.  1.  1. nan nan nan]
 [ 0.  1.  1. nan nan nan]
 [ 0.  1.  1. nan nan nan]]
25.2955 	INFO 	linearizeMethod=1
25.5335 	INFO 	Loaded psychtoolbox audio version 3.0.19.696976569
25.6012 	WARNING 	No default speaker specified in Preferences / Hardware, using first speaker found: Speakers (2- Realtek(R) Audio)
25.6685 	INFO 	Created stream for speaker device: Speakers (2- Realtek(R) Audio) (5.0)
25.6699 	EXP 	: sampleRate = 44100
25.6699 	EXP 	: channels = None
25.6751 	INFO 	Resampled audio from 44100Hz to 48000Hz using method 'default'.
25.6910 	WARNING 	No default speaker specified in Preferences / Hardware, using first speaker found: Speakers (2- Realtek(R) Audio)
25.7126 	INFO 	Created stream for speaker device: Speakers (2- Realtek(R) Audio) (5.0)
25.7146 	EXP 	: sampleRate = 48000
25.7147 	EXP 	: channels = None
25.7214 	INFO 	Resampled audio from 44100Hz to 48000Hz using method 'default'.
25.7391 	WARNING 	No default speaker specified in Preferences / Hardware, using first speaker found: Speakers (2- Realtek(R) Audio)
25.7577 	INFO 	Created stream for speaker device: Speakers (2- Realtek(R) Audio) (5.0)
25.7591 	EXP 	: sampleRate = 48000
25.7591 	EXP 	: channels = None
25.7682 	INFO 	Resampled audio from 44100Hz to 48000Hz using method 'default'.
25.7793 	WARNING 	No default speaker specified in Preferences / Hardware, using first speaker found: Speakers (2- Realtek(R) Audio)
25.7960 	INFO 	Created stream for speaker device: Speakers (2- Realtek(R) Audio) (5.0)
25.7981 	EXP 	: sampleRate = 48000
25.7982 	EXP 	: channels = None
25.8100 	INFO 	Resampled audio from 44100Hz to 48000Hz using method 'default'.
25.8237 	WARNING 	No default speaker specified in Preferences / Hardware, using first speaker found: Speakers (2- Realtek(R) Audio)
25.8377 	INFO 	Created stream for speaker device: Speakers (2- Realtek(R) Audio) (5.0)
25.8387 	EXP 	: sampleRate = 48000
25.8388 	EXP 	: channels = None
25.8432 	INFO 	Resampled audio from 44100Hz to 48000Hz using method 'default'.
26.2094 	EXP 	Created sequence: random, trialTypes=40, nReps=3, seed=None
26.2103 	INFO 	starting exp with name: "TemporalFrequencyLimit" at 16Aug2026_23-54
26.2103 	INFO 	numtrials=120, trialDurMin= 2 trackVariableIntervMax= 2.5refreshRate=60.0
26.2103 	INFO 	cueRampUpDur=0 cueRampDownDur= 0 secs
26.2103 	INFO 	task=track   respType=order
26.2104 	INFO 	ring radii=[15 15 15]
26.2104 	INFO 	drawingAsGrating=False gratingTexPix=1024 antialiasGrating=False
26.2136 	EXP 	New trial (rep=0, index=0): {'basicShape': 'circle', 'numObjectsInRing': 4, 'speed': 'staircase', 'initialDirRing0': 1, 'numTargets': 2, 'whichIsTargetEachRing': array([-999., -999., -999.]), 'ringToQuery': 999}
28.3349 	ERROR 	Not enough reversal times allocated, reached 4 reversals at 5.6and still going (only allocated the following:[2.6 3.7 5.  5.6] n= 60 current time =1.0 asking for time of next one, will assume no more reversals
28.3496 	ERROR 	Not enough reversal times allocated, reached 4 reversals at 5.6and still going (only allocated the following:[2.6 3.7 5.  5.6] n= 61 current time =1.02 asking for time of next one, will assume no more reversals
28.3670 	ERROR 	Not enough reversal times allocated, reached 4 reversals at 5.6and still going (only allocated the following:[2.6 3.7 5.  5.6] n= 62 current time =1.03 asking for time of next one, will assume no more reversals
28.3841 	ERROR 	Not enough reversal times allocated, reached 4 reversals at 5.6and still going (only allocated the following:[2.6 3.7 5.  5.6] n= 63 current time =1.05 asking for time of next one, will assume no more reversals
28.4007 	ERROR 	Not enough reversal times allocated, reached 4 reversals at 5.6and still going (only allocated the following:[2.6 3.7 5.  5.6] n= 64 current time =1.07 asking for time of next one, will assume no more reversals
28.4176 	ERROR 	Not enough reversal times allocated, reached 4 reversals at 5.6and still going (only allocated the following:[2.6 3.7 5.  5.6] n= 65 current time =1.08 asking for time of next one, will assume no more reversals
28.4333 	ERROR 	Not enough reversal times allocated, reached 4 reversals at 5.6and still going (only allocated the following:[2.6 3.7 5.  5.6] n= 66 current time =1.1 asking for time of next one, will assume no more reversals
28.4525 	ERROR 	Not enough reversal times allocated, reached 4 reversals at 5.6and still going (only allocated the following:[2.6 3.7 5.  5.6] n= 67 current time =1.12 asking for time of next one, will assume no more reversals
28.4667 	ERROR 	Not enough reversal times allocated, reached 4 reversals at 5.6and still going (only allocated the following:[2.6 3.7 5.  5.6] n= 68 current time =1.13 asking for time of next one, will assume no more reversals
28.4836 	ERROR 	Not enough reversal times allocated, reached 4 reversals at 5.6and still going (only allocated the following:[2.6 3.7 5.  5.6] n= 69 current time =1.15 asking for time of next one, will assume no more reversals
28.5012 	ERROR 	Not enough reversal times allocated, reached 4 reversals at 5.6and still going (only allocated the following:[2.6 3.7 5.  5.6] n= 70 current time =1.17 asking for time of next one, will assume no more reversals
28.5166 	ERROR 	Not enough reversal times allocated, reached 4 reversals at 5.6and still going (only allocated the following:[2.6 3.7 5.  5.6] n= 71 current time =1.18 asking for time of next one, will assume no more reversals
28.5334 	ERROR 	Not enough reversal times allocated, reached 4 reversals at 5.6and still going (only allocated the following:[2.6 3.7 5.  5.6] n= 72 current time =1.2 asking for time of next one, will assume no more reversals
28.5508 	ERROR 	Not enough reversal times allocated, reached 4 reversals at 5.6and still going (only allocated the following:[2.6 3.7 5.  5.6] n= 73 current time =1.22 asking for time of next one, will assume no more reversals
28.5671 	ERROR 	Not enough reversal times allocated, reached 4 reversals at 5.6and still going (only allocated the following:[2.6 3.7 5.  5.6] n= 74 current time =1.23 asking for time of next one, will assume no more reversals
28.5804 	ERROR 	Not enough reversal times allocated, reached 4 reversals at 6.4and still going (only allocated the following:[2.6 3.4 5.  6.4] n= 75 current time =1.25 asking for time of next one, will assume no more reversals
28.5971 	ERROR 	Not enough reversal times allocated, reached 4 reversals at 6.4and still going (only allocated the following:[2.6 3.4 5.  6.4] n= 76 current time =1.27 asking for time of next one, will assume no more reversals
28.6135 	ERROR 	Not enough reversal times allocated, reached 4 reversals at 6.4and still going (only allocated the following:[2.6 3.4 5.  6.4] n= 77 current time =1.28 asking for time of next one, will assume no more reversals
28.6318 	ERROR 	Not enough reversal times allocated, reached 4 reversals at 6.4and still going (only allocated the following:[2.6 3.4 5.  6.4] n= 78 current time =1.3 asking for time of next one, will assume no more reversals
28.6470 	ERROR 	Not enough reversal times allocated, reached 4 reversals at 6.4and still going (only allocated the following:[2.6 3.4 5.  6.4] n= 79 current time =1.32 asking for time of next one, will assume no more reversals
28.6634 	ERROR 	Not enough reversal times allocated, reached 4 reversals at 6.4and still going (only allocated the following:[2.6 3.4 5.  6.4] n= 80 current time =1.33 asking for time of next one, will assume no more reversals
28.6802 	ERROR 	Not enough reversal times allocated, reached 4 reversals at 6.4and still going (only allocated the following:[2.6 3.4 5.  6.4] n= 81 current time =1.35 asking for time of next one, will assume no more reversals
28.6969 	ERROR 	Not enough reversal times allocated, reached 4 reversals at 6.4and still going (only allocated the following:[2.6 3.4 5.  6.4] n= 82 current time =1.37 asking for time of next one, will assume no more reversals
28.7137 	ERROR 	Not enough reversal times allocated, reached 4 reversals at 6.4and still going (only allocated the following:[2.6 3.4 5.  6.4] n= 83 current time =1.38 asking for time of next one, will assume no more reversals
28.7303 	ERROR 	Not enough reversal times allocated, reached 4 reversals at 6.4and still going (only allocated the following:[2.6 3.4 5.  6.4] n= 84 current time =1.4 asking for time of next one, will assume no more reversals
28.7469 	ERROR 	Not enough reversal times allocated, reached 4 reversals at 6.4and still going (only allocated the following:[2.6 3.4 5.  6.4] n= 85 current time =1.42 asking for time of next one, will assume no more reversals
28.7638 	ERROR 	Not enough reversal times allocated, reached 4 reversals at 6.4and still going (only allocated the following:[2.6 3.4 5.  6.4] n= 86 current time =1.43 asking for time of next one, will assume no more reversals
28.7804 	ERROR 	Not enough reversal times allocated, reached 4 reversals at 6.4and still going (only allocated the following:[2.6 3.4 5.  6.4] n= 87 current time =1.45 asking for time of next one, will assume no more reversals
28.7971 	ERROR 	Not enough reversal times allocated, reached 4 reversals at 6.4and still going (only allocated the following:[2.6 3.4 5.  6.4] n= 88 current time =1.47 asking for time of next one, will assume no more reversals
28.8138 	ERROR 	Not enough reversal times allocated, reached 4 reversals at 6.4and still going (only allocated the following:[2.6 3.4 5.  6.4] n= 89 current time =1.48 asking for time of next one, will assume no more reversals
29.5658 	ERROR 	Not enough reversal times allocated, reached 3 reversals at 6.3and still going (only allocated the following:[3.1 4.4 6.3] n= 134 current time =2.23 asking for time of next one, will assume no more reversals
29.5836 	ERROR 	Not enough reversal times allocated, reached 3 reversals at 6.3and still going (only allocated the following:[3.1 4.4 6.3] n= 135 current time =2.25 asking for time of next one, will assume no more reversals
29.6002 	ERROR 	Not enough reversal times allocated, reached 3 reversals at 6.3and still going (only allocated the following:[3.1 4.4 6.3] n= 136 current time =2.27 asking for time of next one, will assume no more reversals
29.6167 	ERROR 	Not enough reversal times allocated, reached 3 reversals at 6.3and still going (only allocated the following:[3.1 4.4 6.3] n= 137 current time =2.28 asking for time of next one, will assume no more reversals
29.6332 	ERROR 	Not enough reversal times allocated, reached 3 reversals at 6.3and still going (only allocated the following:[3.1 4.4 6.3] n= 138 current time =2.3 asking for time of next one, will assume no more reversals
29.6506 	ERROR 	Not enough reversal times allocated, reached 3 reversals at 6.3and still going (only allocated the following:[3.1 4.4 6.3] n= 139 current time =2.32 asking for time of next one, will assume no more reversals
29.6684 	ERROR 	Not enough reversal times allocated, reached 3 reversals at 6.3and still going (only allocated the following:[3.1 4.4 6.3] n= 140 current time =2.33 asking for time of next one, will assume no more reversals
29.6838 	ERROR 	Not enough reversal times allocated, reached 3 reversals at 6.3and still going (only allocated the following:[3.1 4.4 6.3] n= 141 current time =2.35 asking for time of next one, will assume no more reversals
29.7003 	ERROR 	Not enough reversal times allocated, reached 3 reversals at 6.3and still going (only allocated the following:[3.1 4.4 6.3] n= 142 current time =2.37 asking for time of next one, will assume no more reversals
29.7184 	ERROR 	Not enough reversal times allocated, reached 3 reversals at 6.3and still going (only allocated the following:[3.1 4.4 6.3] n= 143 current time =2.38 asking for time of next one, will assume no more reversals
29.7331 	ERROR 	Not enough reversal times allocated, reached 3 reversals at 6.3and still going (only allocated the following:[3.1 4.4 6.3] n= 144 current time =2.4 asking for time of next one, will assume no more reversals
29.7500 	ERROR 	Not enough reversal times allocated, reached 3 reversals at 6.3and still going (only allocated the following:[3.1 4.4 6.3] n= 145 current time =2.42 asking for time of next one, will assume no more reversals
29.7675 	ERROR 	Not enough reversal times allocated, reached 3 reversals at 6.3and still going (only allocated the following:[3.1 4.4 6.3] n= 146 current time =2.43 asking for time of next one, will assume no more reversals
29.7851 	ERROR 	Not enough reversal times allocated, reached 3 reversals at 6.3and still going (only allocated the following:[3.1 4.4 6.3] n= 147 current time =2.45 asking for time of next one, will assume no more reversals
29.8004 	ERROR 	Not enough reversal times allocated, reached 3 reversals at 6.3and still going (only allocated the following:[3.1 4.4 6.3] n= 148 current time =2.47 asking for time of next one, will assume no more reversals
32.5461 	WARNING 	No default speaker specified in Preferences / Hardware, using first speaker found: Speakers (2- Realtek(R) Audio)
32.5637 	INFO 	Created stream for speaker device: Speakers (2- Realtek(R) Audio) (5.0)
32.5664 	EXP 	: sampleRate = 48000
32.5665 	EXP 	: channels = None
32.5674 	EXP 	: sampleRate = 44100
32.5729 	INFO 	Resampled audio from 44100Hz to 48000Hz using method 'default'.
33.9230 	DATA 	Mouse: Left button down, pos=(1636,681)
34.0274 	DATA 	Mouse:  Left button up, pos=(1636,681)
34.1956 	EXP 	New trial (rep=0, index=1): {'basicShape': 'circle', 'numObjectsInRing': 4, 'speed': 'staircase', 'initialDirRing0': -1, 'numTargets': 1, 'whichIsTargetEachRing': array([-999., -999., -999.]), 'ringToQuery': 999}
37.6561 	ERROR 	Not enough reversal times allocated, reached 4 reversals at 6.0and still going (only allocated the following:[2.2 3.1 4.3 6. ] n= 131 current time =2.18 asking for time of next one, will assume no more reversals
37.6732 	ERROR 	Not enough reversal times allocated, reached 4 reversals at 6.0and still going (only allocated the following:[2.2 3.1 4.3 6. ] n= 132 current time =2.2 asking for time of next one, will assume no more reversals
37.6894 	ERROR 	Not enough reversal times allocated, reached 4 reversals at 6.0and still going (only allocated the following:[2.2 3.1 4.3 6. ] n= 133 current time =2.22 asking for time of next one, will assume no more reversals
37.7068 	ERROR 	Not enough reversal times allocated, reached 4 reversals at 6.0and still going (only allocated the following:[2.2 3.1 4.3 6. ] n= 134 current time =2.23 asking for time of next one, will assume no more reversals
37.7231 	ERROR 	Not enough reversal times allocated, reached 4 reversals at 6.0and still going (only allocated the following:[2.2 3.1 4.3 6. ] n= 135 current time =2.25 asking for time of next one, will assume no more reversals
37.7394 	ERROR 	Not enough reversal times allocated, reached 4 reversals at 6.0and still going (only allocated the following:[2.2 3.1 4.3 6. ] n= 136 current time =2.27 asking for time of next one, will assume no more reversals
37.7562 	ERROR 	Not enough reversal times allocated, reached 4 reversals at 6.0and still going (only allocated the following:[2.2 3.1 4.3 6. ] n= 137 current time =2.28 asking for time of next one, will assume no more reversals
37.7734 	ERROR 	Not enough reversal times allocated, reached 4 reversals at 6.0and still going (only allocated the following:[2.2 3.1 4.3 6. ] n= 138 current time =2.3 asking for time of next one, will assume no more reversals
37.7900 	ERROR 	Not enough reversal times allocated, reached 4 reversals at 6.0and still going (only allocated the following:[2.2 3.1 4.3 6. ] n= 139 current time =2.32 asking for time of next one, will assume no more reversals
37.8063 	ERROR 	Not enough reversal times allocated, reached 4 reversals at 6.0and still going (only allocated the following:[2.2 3.1 4.3 6. ] n= 140 current time =2.33 asking for time of next one, will assume no more reversals
37.8232 	ERROR 	Not enough reversal times allocated, reached 4 reversals at 6.0and still going (only allocated the following:[2.2 3.1 4.3 6. ] n= 141 current time =2.35 asking for time of next one, will assume no more reversals
37.8400 	ERROR 	Not enough reversal times allocated, reached 4 reversals at 6.0and still going (only allocated the following:[2.2 3.1 4.3 6. ] n= 142 current time =2.37 asking for time of next one, will assume no more reversals
37.8567 	ERROR 	Not enough reversal times allocated, reached 4 reversals at 6.0and still going (only allocated the following:[2.2 3.1 4.3 6. ] n= 143 current time =2.38 asking for time of next one, will assume no more reversals
37.8731 	ERROR 	Not enough reversal times allocated, reached 4 reversals at 6.0and still going (only allocated the following:[2.2 3.1 4.3 6. ] n= 144 current time =2.4 asking for time of next one, will assume no more reversals
37.8904 	ERROR 	Not enough reversal times allocated, reached 4 reversals at 6.0and still going (only allocated the following:[2.2 3.1 4.3 6. ] n= 145 current time =2.42 asking for time of next one, will assume no more reversals
39.6835 	WARNING 	No default speaker specified in Preferences / Hardware, using first speaker found: Speakers (2- Realtek(R) Audio)
39.6980 	INFO 	Created stream for speaker device: Speakers (2- Realtek(R) Audio) (5.0)
39.7006 	EXP 	: sampleRate = 48000
39.7006 	EXP 	: channels = None
39.7011 	EXP 	: sampleRate = 44100
39.7039 	INFO 	Resampled audio from 44100Hz to 48000Hz using method 'default'.
40.8098 	DATA 	Mouse: Left button down, pos=(334,423)
40.9149 	DATA 	Mouse:  Left button up, pos=(334,423)
41.0776 	EXP 	New trial (rep=0, index=2): {'basicShape': 'circle', 'numObjectsInRing': 4, 'speed': 'staircase', 'initialDirRing0': -1, 'numTargets': 1, 'whichIsTargetEachRing': array([-999., -999., -999.]), 'ringToQuery': 999}
47.0556 	WARNING 	No default speaker specified in Preferences / Hardware, using first speaker found: Speakers (2- Realtek(R) Audio)
47.0711 	INFO 	Created stream for speaker device: Speakers (2- Realtek(R) Audio) (5.0)
47.0721 	EXP 	: sampleRate = 48000
47.0721 	EXP 	: channels = None
47.0724 	EXP 	: sampleRate = 44100
47.0768 	INFO 	Resampled audio from 44100Hz to 48000Hz using method 'default'.
48.1318 	DATA 	Mouse: Left button down, pos=(1143,750)
48.2210 	DATA 	Mouse:  Left button up, pos=(1143,750)
48.4000 	EXP 	New trial (rep=0, index=3): {'basicShape': 'circle', 'numObjectsInRing': 2, 'speed': 'staircase', 'initialDirRing0': 1, 'numTargets': 1, 'whichIsTargetEachRing': array([-999., -999., -999.]), 'ringToQuery': 999}
49.9783 	ERROR 	Not enough reversal times allocated, reached 3 reversals at 6.0and still going (only allocated the following:[2.7 4.  6. ] n= 13 current time =0.22 asking for time of next one, will assume no more reversals
50.8640 	ERROR 	Not enough reversal times allocated, reached 4 reversals at 5.4and still going (only allocated the following:[2.  2.9 4.2 5.4] n= 66 current time =1.1 asking for time of next one, will assume no more reversals
53.7598 	WARNING 	No default speaker specified in Preferences / Hardware, using first speaker found: Speakers (2- Realtek(R) Audio)
53.7780 	INFO 	Created stream for speaker device: Speakers (2- Realtek(R) Audio) (5.0)
53.7792 	EXP 	: sampleRate = 48000
53.7792 	EXP 	: channels = None
53.7797 	EXP 	: sampleRate = 44100
53.7846 	INFO 	Resampled audio from 44100Hz to 48000Hz using method 'default'.
55.0371 	DATA 	Mouse: Left button down, pos=(1191,806)
55.1373 	DATA 	Mouse:  Left button up, pos=(1190,805)
55.7038 	DATA 	Mouse: Left button down, pos=(1184,796)
55.8107 	DATA 	Mouse:  Left button up, pos=(1184,795)
55.9739 	EXP 	New trial (rep=0, index=4): {'basicShape': 'circle', 'numObjectsInRing': 2, 'speed': 'staircase', 'initialDirRing0': 1, 'numTargets': 2, 'whichIsTargetEachRing': array([-999., -999., -999.]), 'ringToQuery': 999}
57.4190 	ERROR 	Not enough reversal times allocated, reached 2 reversals at 4.4and still going (only allocated the following:[2.6 4.4] n= 7 current time =0.12 asking for time of next one, will assume no more reversals
57.4343 	ERROR 	Not enough reversal times allocated, reached 3 reversals at 5.1and still going (only allocated the following:[2.3 3.6 5.1] n= 8 current time =0.13 asking for time of next one, will assume no more reversals
57.4510 	ERROR 	Not enough reversal times allocated, reached 3 reversals at 5.1and still going (only allocated the following:[2.3 3.6 5.1] n= 9 current time =0.15 asking for time of next one, will assume no more reversals
57.4675 	ERROR 	Not enough reversal times allocated, reached 3 reversals at 5.1and still going (only allocated the following:[2.3 3.6 5.1] n= 10 current time =0.17 asking for time of next one, will assume no more reversals
57.4843 	ERROR 	Not enough reversal times allocated, reached 3 reversals at 5.1and still going (only allocated the following:[2.3 3.6 5.1] n= 11 current time =0.18 asking for time of next one, will assume no more reversals
57.5009 	ERROR 	Not enough reversal times allocated, reached 3 reversals at 5.1and still going (only allocated the following:[2.3 3.6 5.1] n= 12 current time =0.2 asking for time of next one, will assume no more reversals
57.5176 	ERROR 	Not enough reversal times allocated, reached 3 reversals at 5.1and still going (only allocated the following:[2.3 3.6 5.1] n= 13 current time =0.22 asking for time of next one, will assume no more reversals
57.5343 	ERROR 	Not enough reversal times allocated, reached 3 reversals at 5.1and still going (only allocated the following:[2.3 3.6 5.1] n= 14 current time =0.23 asking for time of next one, will assume no more reversals
57.5516 	ERROR 	Not enough reversal times allocated, reached 3 reversals at 5.1and still going (only allocated the following:[2.3 3.6 5.1] n= 15 current time =0.25 asking for time of next one, will assume no more reversals
57.5678 	ERROR 	Not enough reversal times allocated, reached 3 reversals at 5.1and still going (only allocated the following:[2.3 3.6 5.1] n= 16 current time =0.27 asking for time of next one, will assume no more reversals
57.5837 	ERROR 	Not enough reversal times allocated, reached 3 reversals at 5.1and still going (only allocated the following:[2.3 3.6 5.1] n= 17 current time =0.28 asking for time of next one, will assume no more reversals
57.6007 	ERROR 	Not enough reversal times allocated, reached 3 reversals at 5.1and still going (only allocated the following:[2.3 3.6 5.1] n= 18 current time =0.3 asking for time of next one, will assume no more reversals
57.6172 	ERROR 	Not enough reversal times allocated, reached 3 reversals at 5.1and still going (only allocated the following:[2.3 3.6 5.1] n= 19 current time =0.32 asking for time of next one, will assume no more reversals
57.6340 	ERROR 	Not enough reversal times allocated, reached 3 reversals at 5.1and still going (only allocated the following:[2.3 3.6 5.1] n= 20 current time =0.33 asking for time of next one, will assume no more reversals
57.6505 	ERROR 	Not enough reversal times allocated, reached 3 reversals at 5.1and still going (only allocated the following:[2.3 3.6 5.1] n= 21 current time =0.35 asking for time of next one, will assume no more reversals
57.6676 	ERROR 	Not enough reversal times allocated, reached 3 reversals at 5.1and still going (only allocated the following:[2.3 3.6 5.1] n= 22 current time =0.37 asking for time of next one, will assume no more reversals
57.6847 	ERROR 	Not enough reversal times allocated, reached 3 reversals at 5.1and still going (only allocated the following:[2.3 3.6 5.1] n= 23 current time =0.38 asking for time of next one, will assume no more reversals
57.7007 	ERROR 	Not enough reversal times allocated, reached 3 reversals at 5.1and still going (only allocated the following:[2.3 3.6 5.1] n= 24 current time =0.4 asking for time of next one, will assume no more reversals
60.8648 	WARNING 	No default speaker specified in Preferences / Hardware, using first speaker found: Speakers (2- Realtek(R) Audio)
60.8822 	INFO 	Created stream for speaker device: Speakers (2- Realtek(R) Audio) (5.0)
60.8843 	EXP 	: sampleRate = 48000
60.8843 	EXP 	: channels = None
60.8847 	EXP 	: sampleRate = 44100
60.8881 	INFO 	Resampled audio from 44100Hz to 48000Hz using method 'default'.
62.1070 	DATA 	Mouse: Left button down, pos=(337,785)
62.2061 	DATA 	Mouse:  Left button up, pos=(337,785)
62.3776 	EXP 	New trial (rep=0, index=5): {'basicShape': 'circle', 'numObjectsInRing': 2, 'speed': [0.02, 0.1], 'initialDirRing0': -1, 'numTargets': 1, 'whichIsTargetEachRing': array([-999., -999., -999.]), 'ringToQuery': 999}
68.2389 	WARNING 	No default speaker specified in Preferences / Hardware, using first speaker found: Speakers (2- Realtek(R) Audio)
68.2551 	INFO 	Created stream for speaker device: Speakers (2- Realtek(R) Audio) (5.0)
68.2561 	EXP 	: sampleRate = 48000
68.2561 	EXP 	: channels = None
68.2565 	EXP 	: sampleRate = 44100
68.2646 	INFO 	Resampled audio from 44100Hz to 48000Hz using method 'default'.
68.9610 	DATA 	Mouse: Left button down, pos=(1186,754)
69.0553 	DATA 	Mouse:  Left button up, pos=(1186,754)
69.2321 	EXP 	New trial (rep=0, index=6): {'basicShape': 'circle', 'numObjectsInRing': 2, 'speed': [0.02, 0.1], 'initialDirRing0': 1, 'numTargets': 1, 'whichIsTargetEachRing': array([-999., -999.,    1.]), 'ringToQuery': 999}
74.9767 	WARNING 	No default speaker specified in Preferences / Hardware, using first speaker found: Speakers (2- Realtek(R) Audio)
74.9940 	INFO 	Created stream for speaker device: Speakers (2- Realtek(R) Audio) (5.0)
74.9951 	EXP 	: sampleRate = 48000
74.9952 	EXP 	: channels = None
74.9956 	EXP 	: sampleRate = 44100
75.0009 	INFO 	Resampled audio from 44100Hz to 48000Hz using method 'default'.
75.6342 	DATA 	Mouse: Left button down, pos=(1379,880)
75.7214 	DATA 	Mouse:  Left button up, pos=(1379,880)
75.9050 	EXP 	New trial (rep=0, index=7): {'basicShape': 'circle', 'numObjectsInRing': 2, 'speed': 'staircase', 'initialDirRing0': -1, 'numTargets': 2, 'whichIsTargetEachRing': array([   0.,    0., -999.]), 'ringToQuery': 999}
80.4842 	ERROR 	Not enough reversal times allocated, reached 4 reversals at 6.9and still going (only allocated the following:[2.5 3.9 5.8 6.9] n= 190 current time =3.17 asking for time of next one, will assume no more reversals
82.9294 	WARNING 	No default speaker specified in Preferences / Hardware, using first speaker found: Speakers (2- Realtek(R) Audio)
82.9446 	INFO 	Created stream for speaker device: Speakers (2- Realtek(R) Audio) (5.0)
82.9457 	EXP 	: sampleRate = 48000
82.9457 	EXP 	: channels = None
82.9461 	EXP 	: sampleRate = 44100
82.9506 	INFO 	Resampled audio from 44100Hz to 48000Hz using method 'default'.
84.2058 	DATA 	Mouse: Left button down, pos=(1598,436)
84.2843 	DATA 	Mouse:  Left button up, pos=(1598,436)
84.4763 	EXP 	New trial (rep=0, index=8): {'basicShape': 'circle', 'numObjectsInRing': 4, 'speed': 'staircase', 'initialDirRing0': -1, 'numTargets': 1, 'whichIsTargetEachRing': array([-999., -999., -999.]), 'ringToQuery': 999}
87.8076 	ERROR 	Not enough reversal times allocated, reached 4 reversals at 5.4and still going (only allocated the following:[1.9 3.4 4.  5.4] n= 133 current time =2.22 asking for time of next one, will assume no more reversals
87.8222 	ERROR 	Not enough reversal times allocated, reached 3 reversals at 4.8and still going (only allocated the following:[3.2 4.  4.8] n= 134 current time =2.23 asking for time of next one, will assume no more reversals
87.8255 	ERROR 	Not enough reversal times allocated, reached 4 reversals at 5.4and still going (only allocated the following:[1.9 3.4 4.  5.4] n= 134 current time =2.23 asking for time of next one, will assume no more reversals
87.8384 	ERROR 	Not enough reversal times allocated, reached 3 reversals at 4.8and still going (only allocated the following:[3.2 4.  4.8] n= 135 current time =2.25 asking for time of next one, will assume no more reversals
87.8425 	ERROR 	Not enough reversal times allocated, reached 4 reversals at 5.4and still going (only allocated the following:[1.9 3.4 4.  5.4] n= 135 current time =2.25 asking for time of next one, will assume no more reversals
87.8552 	ERROR 	Not enough reversal times allocated, reached 3 reversals at 4.8and still going (only allocated the following:[3.2 4.  4.8] n= 136 current time =2.27 asking for time of next one, will assume no more reversals
87.8589 	ERROR 	Not enough reversal times allocated, reached 4 reversals at 5.4and still going (only allocated the following:[1.9 3.4 4.  5.4] n= 136 current time =2.27 asking for time of next one, will assume no more reversals
87.8719 	ERROR 	Not enough reversal times allocated, reached 3 reversals at 4.8and still going (only allocated the following:[3.2 4.  4.8] n= 137 current time =2.28 asking for time of next one, will assume no more reversals
87.8753 	ERROR 	Not enough reversal times allocated, reached 4 reversals at 5.4and still going (only allocated the following:[1.9 3.4 4.  5.4] n= 137 current time =2.28 asking for time of next one, will assume no more reversals
87.8886 	ERROR 	Not enough reversal times allocated, reached 3 reversals at 4.8and still going (only allocated the following:[3.2 4.  4.8] n= 138 current time =2.3 asking for time of next one, will assume no more reversals
87.8922 	ERROR 	Not enough reversal times allocated, reached 4 reversals at 5.4and still going (only allocated the following:[1.9 3.4 4.  5.4] n= 138 current time =2.3 asking for time of next one, will assume no more reversals
87.9052 	ERROR 	Not enough reversal times allocated, reached 3 reversals at 4.8and still going (only allocated the following:[3.2 4.  4.8] n= 139 current time =2.32 asking for time of next one, will assume no more reversals
87.9084 	ERROR 	Not enough reversal times allocated, reached 4 reversals at 5.4and still going (only allocated the following:[1.9 3.4 4.  5.4] n= 139 current time =2.32 asking for time of next one, will assume no more reversals
87.9219 	ERROR 	Not enough reversal times allocated, reached 3 reversals at 4.8and still going (only allocated the following:[3.2 4.  4.8] n= 140 current time =2.33 asking for time of next one, will assume no more reversals
87.9250 	ERROR 	Not enough reversal times allocated, reached 4 reversals at 5.4and still going (only allocated the following:[1.9 3.4 4.  5.4] n= 140 current time =2.33 asking for time of next one, will assume no more reversals
87.9385 	ERROR 	Not enough reversal times allocated, reached 3 reversals at 4.8and still going (only allocated the following:[3.2 4.  4.8] n= 141 current time =2.35 asking for time of next one, will assume no more reversals
87.9416 	ERROR 	Not enough reversal times allocated, reached 4 reversals at 5.4and still going (only allocated the following:[1.9 3.4 4.  5.4] n= 141 current time =2.35 asking for time of next one, will assume no more reversals
87.9553 	ERROR 	Not enough reversal times allocated, reached 3 reversals at 4.8and still going (only allocated the following:[3.2 4.  4.8] n= 142 current time =2.37 asking for time of next one, will assume no more reversals
88.1067 	ERROR 	Not enough reversal times allocated, reached 2 reversals at 5.0and still going (only allocated the following:[3.2 5. ] n= 151 current time =2.52 asking for time of next one, will assume no more reversals
88.1246 	ERROR 	Not enough reversal times allocated, reached 2 reversals at 5.0and still going (only allocated the following:[3.2 5. ] n= 152 current time =2.53 asking for time of next one, will assume no more reversals
88.1406 	ERROR 	Not enough reversal times allocated, reached 2 reversals at 5.0and still going (only allocated the following:[3.2 5. ] n= 153 current time =2.55 asking for time of next one, will assume no more reversals
88.1573 	ERROR 	Not enough reversal times allocated, reached 2 reversals at 5.0and still going (only allocated the following:[3.2 5. ] n= 154 current time =2.57 asking for time of next one, will assume no more reversals
88.1736 	ERROR 	Not enough reversal times allocated, reached 2 reversals at 5.0and still going (only allocated the following:[3.2 5. ] n= 155 current time =2.58 asking for time of next one, will assume no more reversals
88.1908 	ERROR 	Not enough reversal times allocated, reached 2 reversals at 5.0and still going (only allocated the following:[3.2 5. ] n= 156 current time =2.6 asking for time of next one, will assume no more reversals
88.2075 	ERROR 	Not enough reversal times allocated, reached 2 reversals at 5.0and still going (only allocated the following:[3.2 5. ] n= 157 current time =2.62 asking for time of next one, will assume no more reversals
88.2241 	ERROR 	Not enough reversal times allocated, reached 2 reversals at 5.0and still going (only allocated the following:[3.2 5. ] n= 158 current time =2.63 asking for time of next one, will assume no more reversals
88.2409 	ERROR 	Not enough reversal times allocated, reached 2 reversals at 5.0and still going (only allocated the following:[3.2 5. ] n= 159 current time =2.65 asking for time of next one, will assume no more reversals
90.1527 	WARNING 	No default speaker specified in Preferences / Hardware, using first speaker found: Speakers (2- Realtek(R) Audio)
90.1698 	INFO 	Created stream for speaker device: Speakers (2- Realtek(R) Audio) (5.0)
90.1710 	EXP 	: sampleRate = 48000
90.1710 	EXP 	: channels = None
90.1715 	EXP 	: sampleRate = 44100
90.1741 	INFO 	Resampled audio from 44100Hz to 48000Hz using method 'default'.
91.2118 	DATA 	Mouse: Left button down, pos=(673,343)
91.3096 	DATA 	Mouse:  Left button up, pos=(673,343)
91.4823 	EXP 	New trial (rep=0, index=9): {'basicShape': 'circle', 'numObjectsInRing': 4, 'speed': 'staircase', 'initialDirRing0': 1, 'numTargets': 2, 'whichIsTargetEachRing': array([-999., -999., -999.]), 'ringToQuery': 999}
93.5757 	ERROR 	Not enough reversal times allocated, reached 4 reversals at 7.1and still going (only allocated the following:[2.  3.8 5.2 7.1] n= 36 current time =0.6 asking for time of next one, will assume no more reversals
93.9443 	ERROR 	Not enough reversal times allocated, reached 3 reversals at 6.2and still going (only allocated the following:[2.8 4.7 6.2] n= 58 current time =0.97 asking for time of next one, will assume no more reversals
93.9616 	ERROR 	Not enough reversal times allocated, reached 3 reversals at 6.2and still going (only allocated the following:[2.8 4.7 6.2] n= 59 current time =0.98 asking for time of next one, will assume no more reversals
93.9780 	ERROR 	Not enough reversal times allocated, reached 3 reversals at 6.2and still going (only allocated the following:[2.8 4.7 6.2] n= 60 current time =1.0 asking for time of next one, will assume no more reversals
93.9949 	ERROR 	Not enough reversal times allocated, reached 3 reversals at 6.2and still going (only allocated the following:[2.8 4.7 6.2] n= 61 current time =1.02 asking for time of next one, will assume no more reversals
94.0118 	ERROR 	Not enough reversal times allocated, reached 3 reversals at 6.2and still going (only allocated the following:[2.8 4.7 6.2] n= 62 current time =1.03 asking for time of next one, will assume no more reversals
94.0277 	ERROR 	Not enough reversal times allocated, reached 3 reversals at 6.2and still going (only allocated the following:[2.8 4.7 6.2] n= 63 current time =1.05 asking for time of next one, will assume no more reversals
94.0449 	ERROR 	Not enough reversal times allocated, reached 3 reversals at 6.2and still going (only allocated the following:[2.8 4.7 6.2] n= 64 current time =1.07 asking for time of next one, will assume no more reversals
94.0615 	ERROR 	Not enough reversal times allocated, reached 3 reversals at 6.2and still going (only allocated the following:[2.8 4.7 6.2] n= 65 current time =1.08 asking for time of next one, will assume no more reversals
94.0786 	ERROR 	Not enough reversal times allocated, reached 3 reversals at 6.2and still going (only allocated the following:[2.8 4.7 6.2] n= 66 current time =1.1 asking for time of next one, will assume no more reversals
94.0946 	ERROR 	Not enough reversal times allocated, reached 3 reversals at 6.2and still going (only allocated the following:[2.8 4.7 6.2] n= 67 current time =1.12 asking for time of next one, will assume no more reversals
94.1119 	ERROR 	Not enough reversal times allocated, reached 3 reversals at 6.2and still going (only allocated the following:[2.8 4.7 6.2] n= 68 current time =1.13 asking for time of next one, will assume no more reversals
94.1293 	ERROR 	Not enough reversal times allocated, reached 3 reversals at 6.2and still going (only allocated the following:[2.8 4.7 6.2] n= 69 current time =1.15 asking for time of next one, will assume no more reversals
94.1452 	ERROR 	Not enough reversal times allocated, reached 3 reversals at 6.2and still going (only allocated the following:[2.8 4.7 6.2] n= 70 current time =1.17 asking for time of next one, will assume no more reversals
94.1621 	ERROR 	Not enough reversal times allocated, reached 3 reversals at 6.2and still going (only allocated the following:[2.8 4.7 6.2] n= 71 current time =1.18 asking for time of next one, will assume no more reversals
94.1785 	ERROR 	Not enough reversal times allocated, reached 3 reversals at 6.2and still going (only allocated the following:[2.8 4.7 6.2] n= 72 current time =1.2 asking for time of next one, will assume no more reversals
94.1967 	ERROR 	Not enough reversal times allocated, reached 3 reversals at 6.2and still going (only allocated the following:[2.8 4.7 6.2] n= 73 current time =1.22 asking for time of next one, will assume no more reversals
94.2137 	ERROR 	Not enough reversal times allocated, reached 3 reversals at 6.2and still going (only allocated the following:[2.8 4.7 6.2] n= 74 current time =1.23 asking for time of next one, will assume no more reversals
94.2294 	ERROR 	Not enough reversal times allocated, reached 3 reversals at 6.2and still going (only allocated the following:[2.8 4.7 6.2] n= 75 current time =1.25 asking for time of next one, will assume no more reversals
94.2449 	ERROR 	Not enough reversal times allocated, reached 3 reversals at 6.2and still going (only allocated the following:[2.8 4.7 6.2] n= 76 current time =1.27 asking for time of next one, will assume no more reversals
94.2615 	ERROR 	Not enough reversal times allocated, reached 3 reversals at 6.2and still going (only allocated the following:[2.8 4.7 6.2] n= 77 current time =1.28 asking for time of next one, will assume no more reversals
94.2783 	ERROR 	Not enough reversal times allocated, reached 3 reversals at 6.2and still going (only allocated the following:[2.8 4.7 6.2] n= 78 current time =1.3 asking for time of next one, will assume no more reversals
94.2954 	ERROR 	Not enough reversal times allocated, reached 3 reversals at 6.2and still going (only allocated the following:[2.8 4.7 6.2] n= 79 current time =1.32 asking for time of next one, will assume no more reversals
94.3116 	ERROR 	Not enough reversal times allocated, reached 3 reversals at 6.2and still going (only allocated the following:[2.8 4.7 6.2] n= 80 current time =1.33 asking for time of next one, will assume no more reversals
94.3288 	ERROR 	Not enough reversal times allocated, reached 3 reversals at 6.2and still going (only allocated the following:[2.8 4.7 6.2] n= 81 current time =1.35 asking for time of next one, will assume no more reversals
94.3454 	ERROR 	Not enough reversal times allocated, reached 3 reversals at 6.2and still going (only allocated the following:[2.8 4.7 6.2] n= 82 current time =1.37 asking for time of next one, will assume no more reversals
94.3618 	ERROR 	Not enough reversal times allocated, reached 3 reversals at 6.2and still going (only allocated the following:[2.8 4.7 6.2] n= 83 current time =1.38 asking for time of next one, will assume no more reversals
94.3794 	ERROR 	Not enough reversal times allocated, reached 3 reversals at 6.2and still going (only allocated the following:[2.8 4.7 6.2] n= 84 current time =1.4 asking for time of next one, will assume no more reversals
94.3948 	ERROR 	Not enough reversal times allocated, reached 3 reversals at 6.2and still going (only allocated the following:[2.8 4.7 6.2] n= 85 current time =1.42 asking for time of next one, will assume no more reversals
94.4119 	ERROR 	Not enough reversal times allocated, reached 3 reversals at 6.2and still going (only allocated the following:[2.8 4.7 6.2] n= 86 current time =1.43 asking for time of next one, will assume no more reversals
94.4282 	ERROR 	Not enough reversal times allocated, reached 3 reversals at 6.2and still going (only allocated the following:[2.8 4.7 6.2] n= 87 current time =1.45 asking for time of next one, will assume no more reversals
94.4458 	ERROR 	Not enough reversal times allocated, reached 3 reversals at 6.2and still going (only allocated the following:[2.8 4.7 6.2] n= 88 current time =1.47 asking for time of next one, will assume no more reversals
94.4619 	ERROR 	Not enough reversal times allocated, reached 3 reversals at 6.2and still going (only allocated the following:[2.8 4.7 6.2] n= 89 current time =1.48 asking for time of next one, will assume no more reversals
94.4783 	ERROR 	Not enough reversal times allocated, reached 3 reversals at 6.2and still going (only allocated the following:[2.8 4.7 6.2] n= 90 current time =1.5 asking for time of next one, will assume no more reversals
94.4949 	ERROR 	Not enough reversal times allocated, reached 3 reversals at 6.2and still going (only allocated the following:[2.8 4.7 6.2] n= 91 current time =1.52 asking for time of next one, will assume no more reversals
94.5125 	ERROR 	Not enough reversal times allocated, reached 3 reversals at 6.2and still going (only allocated the following:[2.8 4.7 6.2] n= 92 current time =1.53 asking for time of next one, will assume no more reversals
94.5283 	ERROR 	Not enough reversal times allocated, reached 3 reversals at 6.2and still going (only allocated the following:[2.8 4.7 6.2] n= 93 current time =1.55 asking for time of next one, will assume no more reversals
94.5450 	ERROR 	Not enough reversal times allocated, reached 3 reversals at 6.2and still going (only allocated the following:[2.8 4.7 6.2] n= 94 current time =1.57 asking for time of next one, will assume no more reversals
94.5620 	ERROR 	Not enough reversal times allocated, reached 3 reversals at 6.2and still going (only allocated the following:[2.8 4.7 6.2] n= 95 current time =1.58 asking for time of next one, will assume no more reversals
94.5787 	ERROR 	Not enough reversal times allocated, reached 3 reversals at 6.2and still going (only allocated the following:[2.8 4.7 6.2] n= 96 current time =1.6 asking for time of next one, will assume no more reversals
94.5954 	ERROR 	Not enough reversal times allocated, reached 3 reversals at 6.2and still going (only allocated the following:[2.8 4.7 6.2] n= 97 current time =1.62 asking for time of next one, will assume no more reversals
94.6116 	ERROR 	Not enough reversal times allocated, reached 3 reversals at 6.2and still going (only allocated the following:[2.8 4.7 6.2] n= 98 current time =1.63 asking for time of next one, will assume no more reversals
94.6282 	ERROR 	Not enough reversal times allocated, reached 3 reversals at 6.2and still going (only allocated the following:[2.8 4.7 6.2] n= 99 current time =1.65 asking for time of next one, will assume no more reversals
94.6454 	ERROR 	Not enough reversal times allocated, reached 3 reversals at 6.2and still going (only allocated the following:[2.8 4.7 6.2] n= 100 current time =1.67 asking for time of next one, will assume no more reversals
94.6620 	ERROR 	Not enough reversal times allocated, reached 3 reversals at 6.2and still going (only allocated the following:[2.8 4.7 6.2] n= 101 current time =1.68 asking for time of next one, will assume no more reversals
94.6788 	ERROR 	Not enough reversal times allocated, reached 3 reversals at 6.2and still going (only allocated the following:[2.8 4.7 6.2] n= 102 current time =1.7 asking for time of next one, will assume no more reversals
94.6956 	ERROR 	Not enough reversal times allocated, reached 3 reversals at 6.2and still going (only allocated the following:[2.8 4.7 6.2] n= 103 current time =1.72 asking for time of next one, will assume no more reversals
94.7120 	ERROR 	Not enough reversal times allocated, reached 3 reversals at 6.2and still going (only allocated the following:[2.8 4.7 6.2] n= 104 current time =1.73 asking for time of next one, will assume no more reversals
94.7288 	ERROR 	Not enough reversal times allocated, reached 3 reversals at 6.2and still going (only allocated the following:[2.8 4.7 6.2] n= 105 current time =1.75 asking for time of next one, will assume no more reversals
94.7453 	ERROR 	Not enough reversal times allocated, reached 3 reversals at 6.2and still going (only allocated the following:[2.8 4.7 6.2] n= 106 current time =1.77 asking for time of next one, will assume no more reversals
94.7633 	ERROR 	Not enough reversal times allocated, reached 3 reversals at 6.2and still going (only allocated the following:[2.8 4.7 6.2] n= 107 current time =1.78 asking for time of next one, will assume no more reversals
94.7793 	ERROR 	Not enough reversal times allocated, reached 3 reversals at 6.2and still going (only allocated the following:[2.8 4.7 6.2] n= 108 current time =1.8 asking for time of next one, will assume no more reversals
94.7953 	ERROR 	Not enough reversal times allocated, reached 3 reversals at 6.2and still going (only allocated the following:[2.8 4.7 6.2] n= 109 current time =1.82 asking for time of next one, will assume no more reversals
94.8120 	ERROR 	Not enough reversal times allocated, reached 3 reversals at 6.2and still going (only allocated the following:[2.8 4.7 6.2] n= 110 current time =1.83 asking for time of next one, will assume no more reversals
94.8301 	ERROR 	Not enough reversal times allocated, reached 3 reversals at 6.2and still going (only allocated the following:[2.8 4.7 6.2] n= 111 current time =1.85 asking for time of next one, will assume no more reversals
94.8458 	ERROR 	Not enough reversal times allocated, reached 3 reversals at 6.2and still going (only allocated the following:[2.8 4.7 6.2] n= 112 current time =1.87 asking for time of next one, will assume no more reversals
94.8631 	ERROR 	Not enough reversal times allocated, reached 3 reversals at 6.2and still going (only allocated the following:[2.8 4.7 6.2] n= 113 current time =1.88 asking for time of next one, will assume no more reversals
94.8789 	ERROR 	Not enough reversal times allocated, reached 3 reversals at 6.2and still going (only allocated the following:[2.8 4.7 6.2] n= 114 current time =1.9 asking for time of next one, will assume no more reversals
94.8953 	ERROR 	Not enough reversal times allocated, reached 3 reversals at 6.2and still going (only allocated the following:[2.8 4.7 6.2] n= 115 current time =1.92 asking for time of next one, will assume no more reversals
94.9124 	ERROR 	Not enough reversal times allocated, reached 3 reversals at 6.2and still going (only allocated the following:[2.8 4.7 6.2] n= 116 current time =1.93 asking for time of next one, will assume no more reversals
94.9283 	ERROR 	Not enough reversal times allocated, reached 3 reversals at 6.2and still going (only allocated the following:[2.8 4.7 6.2] n= 117 current time =1.95 asking for time of next one, will assume no more reversals
94.9456 	ERROR 	Not enough reversal times allocated, reached 3 reversals at 6.2and still going (only allocated the following:[2.8 4.7 6.2] n= 118 current time =1.97 asking for time of next one, will assume no more reversals
94.9628 	ERROR 	Not enough reversal times allocated, reached 3 reversals at 6.2and still going (only allocated the following:[2.8 4.7 6.2] n= 119 current time =1.98 asking for time of next one, will assume no more reversals
94.9791 	ERROR 	Not enough reversal times allocated, reached 3 reversals at 6.2and still going (only allocated the following:[2.8 4.7 6.2] n= 120 current time =2.0 asking for time of next one, will assume no more reversals
94.9962 	ERROR 	Not enough reversal times allocated, reached 3 reversals at 6.2and still going (only allocated the following:[2.8 4.7 6.2] n= 121 current time =2.02 asking for time of next one, will assume no more reversals
95.0121 	ERROR 	Not enough reversal times allocated, reached 3 reversals at 6.2and still going (only allocated the following:[2.8 4.7 6.2] n= 122 current time =2.03 asking for time of next one, will assume no more reversals
95.0294 	ERROR 	Not enough reversal times allocated, reached 3 reversals at 6.2and still going (only allocated the following:[2.8 4.7 6.2] n= 123 current time =2.05 asking for time of next one, will assume no more reversals
95.0459 	ERROR 	Not enough reversal times allocated, reached 3 reversals at 6.2and still going (only allocated the following:[2.8 4.7 6.2] n= 124 current time =2.07 asking for time of next one, will assume no more reversals
95.0623 	ERROR 	Not enough reversal times allocated, reached 3 reversals at 6.2and still going (only allocated the following:[2.8 4.7 6.2] n= 125 current time =2.08 asking for time of next one, will assume no more reversals
95.0801 	ERROR 	Not enough reversal times allocated, reached 3 reversals at 6.2and still going (only allocated the following:[2.8 4.7 6.2] n= 126 current time =2.1 asking for time of next one, will assume no more reversals
95.0960 	ERROR 	Not enough reversal times allocated, reached 3 reversals at 6.2and still going (only allocated the following:[2.8 4.7 6.2] n= 127 current time =2.12 asking for time of next one, will assume no more reversals
95.1121 	ERROR 	Not enough reversal times allocated, reached 3 reversals at 6.2and still going (only allocated the following:[2.8 4.7 6.2] n= 128 current time =2.13 asking for time of next one, will assume no more reversals
95.1290 	ERROR 	Not enough reversal times allocated, reached 3 reversals at 6.2and still going (only allocated the following:[2.8 4.7 6.2] n= 129 current time =2.15 asking for time of next one, will assume no more reversals
95.1459 	ERROR 	Not enough reversal times allocated, reached 3 reversals at 6.2and still going (only allocated the following:[2.8 4.7 6.2] n= 130 current time =2.17 asking for time of next one, will assume no more reversals
95.1617 	ERROR 	Not enough reversal times allocated, reached 3 reversals at 6.2and still going (only allocated the following:[2.8 4.7 6.2] n= 131 current time =2.18 asking for time of next one, will assume no more reversals
95.1797 	ERROR 	Not enough reversal times allocated, reached 3 reversals at 6.2and still going (only allocated the following:[2.8 4.7 6.2] n= 132 current time =2.2 asking for time of next one, will assume no more reversals
95.1950 	ERROR 	Not enough reversal times allocated, reached 3 reversals at 6.2and still going (only allocated the following:[2.8 4.7 6.2] n= 133 current time =2.22 asking for time of next one, will assume no more reversals
95.2129 	ERROR 	Not enough reversal times allocated, reached 3 reversals at 6.2and still going (only allocated the following:[2.8 4.7 6.2] n= 134 current time =2.23 asking for time of next one, will assume no more reversals
95.2289 	ERROR 	Not enough reversal times allocated, reached 3 reversals at 6.2and still going (only allocated the following:[2.8 4.7 6.2] n= 135 current time =2.25 asking for time of next one, will assume no more reversals
95.2457 	ERROR 	Not enough reversal times allocated, reached 3 reversals at 6.2and still going (only allocated the following:[2.8 4.7 6.2] n= 136 current time =2.27 asking for time of next one, will assume no more reversals
95.2623 	ERROR 	Not enough reversal times allocated, reached 3 reversals at 6.2and still going (only allocated the following:[2.8 4.7 6.2] n= 137 current time =2.28 asking for time of next one, will assume no more reversals
95.2796 	ERROR 	Not enough reversal times allocated, reached 3 reversals at 6.2and still going (only allocated the following:[2.8 4.7 6.2] n= 138 current time =2.3 asking for time of next one, will assume no more reversals
95.2959 	ERROR 	Not enough reversal times allocated, reached 3 reversals at 6.2and still going (only allocated the following:[2.8 4.7 6.2] n= 139 current time =2.32 asking for time of next one, will assume no more reversals
95.3131 	ERROR 	Not enough reversal times allocated, reached 3 reversals at 6.2and still going (only allocated the following:[2.8 4.7 6.2] n= 140 current time =2.33 asking for time of next one, will assume no more reversals
95.3295 	ERROR 	Not enough reversal times allocated, reached 3 reversals at 6.2and still going (only allocated the following:[2.8 4.7 6.2] n= 141 current time =2.35 asking for time of next one, will assume no more reversals
95.3472 	ERROR 	Not enough reversal times allocated, reached 3 reversals at 6.2and still going (only allocated the following:[2.8 4.7 6.2] n= 142 current time =2.37 asking for time of next one, will assume no more reversals
95.3622 	ERROR 	Not enough reversal times allocated, reached 3 reversals at 6.2and still going (only allocated the following:[2.8 4.7 6.2] n= 143 current time =2.38 asking for time of next one, will assume no more reversals
95.3796 	ERROR 	Not enough reversal times allocated, reached 3 reversals at 6.2and still going (only allocated the following:[2.8 4.7 6.2] n= 144 current time =2.4 asking for time of next one, will assume no more reversals
95.3954 	ERROR 	Not enough reversal times allocated, reached 3 reversals at 6.2and still going (only allocated the following:[2.8 4.7 6.2] n= 145 current time =2.42 asking for time of next one, will assume no more reversals
95.4128 	ERROR 	Not enough reversal times allocated, reached 3 reversals at 6.2and still going (only allocated the following:[2.8 4.7 6.2] n= 146 current time =2.43 asking for time of next one, will assume no more reversals
98.3097 	WARNING 	No default speaker specified in Preferences / Hardware, using first speaker found: Speakers (2- Realtek(R) Audio)
98.3266 	INFO 	Created stream for speaker device: Speakers (2- Realtek(R) Audio) (5.0)
98.3276 	EXP 	: sampleRate = 48000
98.3276 	EXP 	: channels = None
98.3281 	EXP 	: sampleRate = 44100
98.3315 	INFO 	Resampled audio from 44100Hz to 48000Hz using method 'default'.
99.4033 	DATA 	Mouse: Left button down, pos=(695,397)
99.5028 	DATA 	Mouse:  Left button up, pos=(700,372)
99.6707 	EXP 	New trial (rep=0, index=10): {'basicShape': 'circle', 'numObjectsInRing': 4, 'speed': 'staircase', 'initialDirRing0': 1, 'numTargets': 2, 'whichIsTargetEachRing': array([-999., -999., -999.]), 'ringToQuery': 999}
101.3484 	ERROR 	Not enough reversal times allocated, reached 4 reversals at 6.2and still going (only allocated the following:[3.  4.4 5.4 6.2] n= 27 current time =0.45 asking for time of next one, will assume no more reversals
101.3844 	ERROR 	Not enough reversal times allocated, reached 4 reversals at 6.9and still going (only allocated the following:[2.3 4.2 5.  6.9] n= 29 current time =0.48 asking for time of next one, will assume no more reversals
106.2141 	WARNING 	No default speaker specified in Preferences / Hardware, using first speaker found: Speakers (2- Realtek(R) Audio)
106.2317 	INFO 	Created stream for speaker device: Speakers (2- Realtek(R) Audio) (5.0)
106.2336 	EXP 	: sampleRate = 48000
106.2336 	EXP 	: channels = None
106.2342 	EXP 	: sampleRate = 44100
106.2386 	INFO 	Resampled audio from 44100Hz to 48000Hz using method 'default'.
107.0066 	DATA 	Mouse: Left button down, pos=(1304,340)
107.1169 	DATA 	Mouse:  Left button up, pos=(1302,340)
107.2736 	EXP 	New trial (rep=0, index=11): {'basicShape': 'circle', 'numObjectsInRing': 2, 'speed': 'staircase', 'initialDirRing0': -1, 'numTargets': 1, 'whichIsTargetEachRing': array([-999., -999., -999.]), 'ringToQuery': 999}
112.0388 	ERROR 	Not enough reversal times allocated, reached 4 reversals at 5.5and still going (only allocated the following:[2.7 4.1 5.  5.5] n= 209 current time =3.48 asking for time of next one, will assume no more reversals
112.0401 	ERROR 	Not enough reversal times allocated, reached 4 reversals at 5.4and still going (only allocated the following:[3.1 4.  4.7 5.4] n= 209 current time =3.48 asking for time of next one, will assume no more reversals
112.0577 	ERROR 	Not enough reversal times allocated, reached 4 reversals at 5.4and still going (only allocated the following:[3.1 4.  4.7 5.4] n= 210 current time =3.5 asking for time of next one, will assume no more reversals
112.0744 	ERROR 	Not enough reversal times allocated, reached 4 reversals at 5.4and still going (only allocated the following:[3.1 4.  4.7 5.4] n= 211 current time =3.52 asking for time of next one, will assume no more reversals
112.0902 	ERROR 	Not enough reversal times allocated, reached 4 reversals at 5.4and still going (only allocated the following:[3.1 4.  4.7 5.4] n= 212 current time =3.53 asking for time of next one, will assume no more reversals
112.1065 	ERROR 	Not enough reversal times allocated, reached 4 reversals at 5.4and still going (only allocated the following:[3.1 4.  4.7 5.4] n= 213 current time =3.55 asking for time of next one, will assume no more reversals
112.1234 	ERROR 	Not enough reversal times allocated, reached 4 reversals at 5.4and still going (only allocated the following:[3.1 4.  4.7 5.4] n= 214 current time =3.57 asking for time of next one, will assume no more reversals
112.1403 	ERROR 	Not enough reversal times allocated, reached 4 reversals at 5.4and still going (only allocated the following:[3.1 4.  4.7 5.4] n= 215 current time =3.58 asking for time of next one, will assume no more reversals
112.1563 	ERROR 	Not enough reversal times allocated, reached 4 reversals at 5.4and still going (only allocated the following:[3.1 4.  4.7 5.4] n= 216 current time =3.6 asking for time of next one, will assume no more reversals
112.1731 	ERROR 	Not enough reversal times allocated, reached 4 reversals at 5.4and still going (only allocated the following:[3.1 4.  4.7 5.4] n= 217 current time =3.62 asking for time of next one, will assume no more reversals
112.1898 	ERROR 	Not enough reversal times allocated, reached 4 reversals at 5.4and still going (only allocated the following:[3.1 4.  4.7 5.4] n= 218 current time =3.63 asking for time of next one, will assume no more reversals
112.2064 	ERROR 	Not enough reversal times allocated, reached 4 reversals at 5.4and still going (only allocated the following:[3.1 4.  4.7 5.4] n= 219 current time =3.65 asking for time of next one, will assume no more reversals
112.2235 	ERROR 	Not enough reversal times allocated, reached 4 reversals at 5.4and still going (only allocated the following:[3.1 4.  4.7 5.4] n= 220 current time =3.67 asking for time of next one, will assume no more reversals
113.4039 	WARNING 	No default speaker specified in Preferences / Hardware, using first speaker found: Speakers (2- Realtek(R) Audio)
113.4186 	INFO 	Created stream for speaker device: Speakers (2- Realtek(R) Audio) (5.0)
113.4197 	EXP 	: sampleRate = 48000
113.4197 	EXP 	: channels = None
113.4200 	EXP 	: sampleRate = 44100
113.4263 	INFO 	Resampled audio from 44100Hz to 48000Hz using method 'default'.
114.3433 	DATA 	Mouse: Left button down, pos=(681,540)
114.4358 	DATA 	Mouse:  Left button up, pos=(681,540)
114.6119 	EXP 	New trial (rep=0, index=12): {'basicShape': 'circle', 'numObjectsInRing': 4, 'speed': 'staircase', 'initialDirRing0': 1, 'numTargets': 1, 'whichIsTargetEachRing': array([-999., -999., -999.]), 'ringToQuery': 999}
118.2596 	ERROR 	Not enough reversal times allocated, reached 3 reversals at 5.1and still going (only allocated the following:[1.8 3.3 5.1] n= 140 current time =2.33 asking for time of next one, will assume no more reversals
118.2619 	ERROR 	Not enough reversal times allocated, reached 4 reversals at 6.1and still going (only allocated the following:[2.1 3.7 4.5 6.1] n= 140 current time =2.33 asking for time of next one, will assume no more reversals
120.2459 	WARNING 	No default speaker specified in Preferences / Hardware, using first speaker found: Speakers (2- Realtek(R) Audio)
120.2709 	INFO 	Created stream for speaker device: Speakers (2- Realtek(R) Audio) (5.0)
120.2724 	EXP 	: sampleRate = 48000
120.2725 	EXP 	: channels = None
120.2730 	EXP 	: sampleRate = 44100
120.2775 	INFO 	Resampled audio from 44100Hz to 48000Hz using method 'default'.
121.0825 	DATA 	Mouse: Left button down, pos=(1103,528)
121.1859 	DATA 	Mouse:  Left button up, pos=(1105,527)
121.3522 	EXP 	New trial (rep=0, index=13): {'basicShape': 'circle', 'numObjectsInRing': 4, 'speed': [0.02, 0.1], 'initialDirRing0': -1, 'numTargets': 1, 'whichIsTargetEachRing': array([-999., -999., -999.]), 'ringToQuery': 999}
126.4971 	WARNING 	No default speaker specified in Preferences / Hardware, using first speaker found: Speakers (2- Realtek(R) Audio)
126.5151 	INFO 	Created stream for speaker device: Speakers (2- Realtek(R) Audio) (5.0)
126.5180 	EXP 	: sampleRate = 48000
126.5181 	EXP 	: channels = None
126.5190 	EXP 	: sampleRate = 44100
126.5250 	INFO 	Resampled audio from 44100Hz to 48000Hz using method 'default'.
127.5726 	DATA 	Mouse: Left button down, pos=(1015,866)
127.6677 	DATA 	Mouse:  Left button up, pos=(1014,864)
127.8397 	EXP 	New trial (rep=0, index=14): {'basicShape': 'circle', 'numObjectsInRing': 2, 'speed': 'staircase', 'initialDirRing0': -1, 'numTargets': 1, 'whichIsTargetEachRing': array([-999.,    0., -999.]), 'ringToQuery': 999}
130.9687 	ERROR 	Not enough reversal times allocated, reached 2 reversals at 3.8and still going (only allocated the following:[1.9 3.8] n= 122 current time =2.03 asking for time of next one, will assume no more reversals
130.9854 	ERROR 	Not enough reversal times allocated, reached 2 reversals at 3.8and still going (only allocated the following:[1.9 3.8] n= 123 current time =2.05 asking for time of next one, will assume no more reversals
131.0021 	ERROR 	Not enough reversal times allocated, reached 2 reversals at 3.8and still going (only allocated the following:[1.9 3.8] n= 124 current time =2.07 asking for time of next one, will assume no more reversals
131.0187 	ERROR 	Not enough reversal times allocated, reached 2 reversals at 3.8and still going (only allocated the following:[1.9 3.8] n= 125 current time =2.08 asking for time of next one, will assume no more reversals
131.0353 	ERROR 	Not enough reversal times allocated, reached 2 reversals at 3.8and still going (only allocated the following:[1.9 3.8] n= 126 current time =2.1 asking for time of next one, will assume no more reversals
131.0521 	ERROR 	Not enough reversal times allocated, reached 2 reversals at 3.8and still going (only allocated the following:[1.9 3.8] n= 127 current time =2.12 asking for time of next one, will assume no more reversals
131.0688 	ERROR 	Not enough reversal times allocated, reached 2 reversals at 3.8and still going (only allocated the following:[1.9 3.8] n= 128 current time =2.13 asking for time of next one, will assume no more reversals
131.0855 	ERROR 	Not enough reversal times allocated, reached 2 reversals at 3.8and still going (only allocated the following:[1.9 3.8] n= 129 current time =2.15 asking for time of next one, will assume no more reversals
131.1021 	ERROR 	Not enough reversal times allocated, reached 2 reversals at 3.8and still going (only allocated the following:[1.9 3.8] n= 130 current time =2.17 asking for time of next one, will assume no more reversals
131.1190 	ERROR 	Not enough reversal times allocated, reached 2 reversals at 3.8and still going (only allocated the following:[1.9 3.8] n= 131 current time =2.18 asking for time of next one, will assume no more reversals
131.1216 	ERROR 	Not enough reversal times allocated, reached 3 reversals at 3.9and still going (only allocated the following:[1.9 3.  3.9] n= 131 current time =2.18 asking for time of next one, will assume no more reversals
131.1374 	ERROR 	Not enough reversal times allocated, reached 3 reversals at 3.9and still going (only allocated the following:[1.9 3.  3.9] n= 132 current time =2.2 asking for time of next one, will assume no more reversals
131.1542 	ERROR 	Not enough reversal times allocated, reached 3 reversals at 3.9and still going (only allocated the following:[1.9 3.  3.9] n= 133 current time =2.22 asking for time of next one, will assume no more reversals
131.1709 	ERROR 	Not enough reversal times allocated, reached 3 reversals at 3.9and still going (only allocated the following:[1.9 3.  3.9] n= 134 current time =2.23 asking for time of next one, will assume no more reversals
131.1876 	ERROR 	Not enough reversal times allocated, reached 3 reversals at 3.9and still going (only allocated the following:[1.9 3.  3.9] n= 135 current time =2.25 asking for time of next one, will assume no more reversals
131.2039 	ERROR 	Not enough reversal times allocated, reached 3 reversals at 3.9and still going (only allocated the following:[1.9 3.  3.9] n= 136 current time =2.27 asking for time of next one, will assume no more reversals
131.2209 	ERROR 	Not enough reversal times allocated, reached 3 reversals at 3.9and still going (only allocated the following:[1.9 3.  3.9] n= 137 current time =2.28 asking for time of next one, will assume no more reversals
131.2376 	ERROR 	Not enough reversal times allocated, reached 3 reversals at 3.9and still going (only allocated the following:[1.9 3.  3.9] n= 138 current time =2.3 asking for time of next one, will assume no more reversals
131.2548 	ERROR 	Not enough reversal times allocated, reached 3 reversals at 3.9and still going (only allocated the following:[1.9 3.  3.9] n= 139 current time =2.32 asking for time of next one, will assume no more reversals
131.2713 	ERROR 	Not enough reversal times allocated, reached 3 reversals at 3.9and still going (only allocated the following:[1.9 3.  3.9] n= 140 current time =2.33 asking for time of next one, will assume no more reversals
132.3473 	WARNING 	No default speaker specified in Preferences / Hardware, using first speaker found: Speakers (2- Realtek(R) Audio)
132.3632 	INFO 	Created stream for speaker device: Speakers (2- Realtek(R) Audio) (5.0)
132.3645 	EXP 	: sampleRate = 48000
132.3645 	EXP 	: channels = None
132.3650 	EXP 	: sampleRate = 44100
132.3719 	INFO 	Resampled audio from 44100Hz to 48000Hz using method 'default'.
133.3078 	DATA 	Mouse: Left button down, pos=(1077,364)
133.4086 	DATA 	Mouse:  Left button up, pos=(1077,364)
133.5740 	EXP 	New trial (rep=0, index=15): {'basicShape': 'circle', 'numObjectsInRing': 4, 'speed': 'staircase', 'initialDirRing0': -1, 'numTargets': 2, 'whichIsTargetEachRing': array([   1.,    3., -999.]), 'ringToQuery': 999}
135.1884 	ERROR 	Not enough reversal times allocated, reached 2 reversals at 4.7and still going (only allocated the following:[2.8 4.7] n= 22 current time =0.37 asking for time of next one, will assume no more reversals
135.2051 	ERROR 	Not enough reversal times allocated, reached 2 reversals at 4.7and still going (only allocated the following:[2.8 4.7] n= 23 current time =0.38 asking for time of next one, will assume no more reversals
135.2218 	ERROR 	Not enough reversal times allocated, reached 2 reversals at 4.7and still going (only allocated the following:[2.8 4.7] n= 24 current time =0.4 asking for time of next one, will assume no more reversals
135.2386 	ERROR 	Not enough reversal times allocated, reached 2 reversals at 4.7and still going (only allocated the following:[2.8 4.7] n= 25 current time =0.42 asking for time of next one, will assume no more reversals
135.2551 	ERROR 	Not enough reversal times allocated, reached 2 reversals at 4.7and still going (only allocated the following:[2.8 4.7] n= 26 current time =0.43 asking for time of next one, will assume no more reversals
135.2719 	ERROR 	Not enough reversal times allocated, reached 2 reversals at 4.7and still going (only allocated the following:[2.8 4.7] n= 27 current time =0.45 asking for time of next one, will assume no more reversals
135.2886 	ERROR 	Not enough reversal times allocated, reached 2 reversals at 4.7and still going (only allocated the following:[2.8 4.7] n= 28 current time =0.47 asking for time of next one, will assume no more reversals
135.3052 	ERROR 	Not enough reversal times allocated, reached 2 reversals at 4.7and still going (only allocated the following:[2.8 4.7] n= 29 current time =0.48 asking for time of next one, will assume no more reversals
135.3220 	ERROR 	Not enough reversal times allocated, reached 2 reversals at 4.7and still going (only allocated the following:[2.8 4.7] n= 30 current time =0.5 asking for time of next one, will assume no more reversals
135.3388 	ERROR 	Not enough reversal times allocated, reached 2 reversals at 4.7and still going (only allocated the following:[2.8 4.7] n= 31 current time =0.52 asking for time of next one, will assume no more reversals
135.3551 	ERROR 	Not enough reversal times allocated, reached 2 reversals at 4.7and still going (only allocated the following:[2.8 4.7] n= 32 current time =0.53 asking for time of next one, will assume no more reversals
135.3719 	ERROR 	Not enough reversal times allocated, reached 2 reversals at 4.7and still going (only allocated the following:[2.8 4.7] n= 33 current time =0.55 asking for time of next one, will assume no more reversals
135.3887 	ERROR 	Not enough reversal times allocated, reached 2 reversals at 4.7and still going (only allocated the following:[2.8 4.7] n= 34 current time =0.57 asking for time of next one, will assume no more reversals
135.4053 	ERROR 	Not enough reversal times allocated, reached 2 reversals at 4.7and still going (only allocated the following:[2.8 4.7] n= 35 current time =0.58 asking for time of next one, will assume no more reversals
135.4220 	ERROR 	Not enough reversal times allocated, reached 2 reversals at 4.7and still going (only allocated the following:[2.8 4.7] n= 36 current time =0.6 asking for time of next one, will assume no more reversals
135.4426 	ERROR 	Not enough reversal times allocated, reached 3 reversals at 4.8and still going (only allocated the following:[2.9 3.6 4.8] n= 37 current time =0.62 asking for time of next one, will assume no more reversals
135.4589 	ERROR 	Not enough reversal times allocated, reached 3 reversals at 4.8and still going (only allocated the following:[2.9 3.6 4.8] n= 38 current time =0.63 asking for time of next one, will assume no more reversals
135.4750 	ERROR 	Not enough reversal times allocated, reached 3 reversals at 4.8and still going (only allocated the following:[2.9 3.6 4.8] n= 39 current time =0.65 asking for time of next one, will assume no more reversals
135.4934 	ERROR 	Not enough reversal times allocated, reached 3 reversals at 4.8and still going (only allocated the following:[2.9 3.6 4.8] n= 40 current time =0.67 asking for time of next one, will assume no more reversals
135.5088 	ERROR 	Not enough reversal times allocated, reached 3 reversals at 4.8and still going (only allocated the following:[2.9 3.6 4.8] n= 41 current time =0.68 asking for time of next one, will assume no more reversals
135.5255 	ERROR 	Not enough reversal times allocated, reached 3 reversals at 4.8and still going (only allocated the following:[2.9 3.6 4.8] n= 42 current time =0.7 asking for time of next one, will assume no more reversals
135.5422 	ERROR 	Not enough reversal times allocated, reached 3 reversals at 4.8and still going (only allocated the following:[2.9 3.6 4.8] n= 43 current time =0.72 asking for time of next one, will assume no more reversals
135.5586 	ERROR 	Not enough reversal times allocated, reached 3 reversals at 4.8and still going (only allocated the following:[2.9 3.6 4.8] n= 44 current time =0.73 asking for time of next one, will assume no more reversals
135.5753 	ERROR 	Not enough reversal times allocated, reached 3 reversals at 4.8and still going (only allocated the following:[2.9 3.6 4.8] n= 45 current time =0.75 asking for time of next one, will assume no more reversals
135.5927 	ERROR 	Not enough reversal times allocated, reached 3 reversals at 4.8and still going (only allocated the following:[2.9 3.6 4.8] n= 46 current time =0.77 asking for time of next one, will assume no more reversals
135.6084 	ERROR 	Not enough reversal times allocated, reached 3 reversals at 4.8and still going (only allocated the following:[2.9 3.6 4.8] n= 47 current time =0.78 asking for time of next one, will assume no more reversals
135.6252 	ERROR 	Not enough reversal times allocated, reached 3 reversals at 4.8and still going (only allocated the following:[2.9 3.6 4.8] n= 48 current time =0.8 asking for time of next one, will assume no more reversals
135.6416 	ERROR 	Not enough reversal times allocated, reached 3 reversals at 4.8and still going (only allocated the following:[2.9 3.6 4.8] n= 49 current time =0.82 asking for time of next one, will assume no more reversals
135.6589 	ERROR 	Not enough reversal times allocated, reached 3 reversals at 4.8and still going (only allocated the following:[2.9 3.6 4.8] n= 50 current time =0.83 asking for time of next one, will assume no more reversals
135.6764 	ERROR 	Not enough reversal times allocated, reached 3 reversals at 4.8and still going (only allocated the following:[2.9 3.6 4.8] n= 51 current time =0.85 asking for time of next one, will assume no more reversals
135.6919 	ERROR 	Not enough reversal times allocated, reached 3 reversals at 4.8and still going (only allocated the following:[2.9 3.6 4.8] n= 52 current time =0.87 asking for time of next one, will assume no more reversals
138.6722 	WARNING 	No default speaker specified in Preferences / Hardware, using first speaker found: Speakers (2- Realtek(R) Audio)
138.6902 	INFO 	Created stream for speaker device: Speakers (2- Realtek(R) Audio) (5.0)
138.6915 	EXP 	: sampleRate = 48000
138.6916 	EXP 	: channels = None
138.6922 	EXP 	: sampleRate = 44100
138.6955 	INFO 	Resampled audio from 44100Hz to 48000Hz using method 'default'.
140.1974 	DATA 	Mouse: Left button down, pos=(682,362)
140.2974 	DATA 	Mouse:  Left button up, pos=(682,362)
140.4661 	EXP 	New trial (rep=0, index=16): {'basicShape': 'circle', 'numObjectsInRing': 4, 'speed': 'staircase', 'initialDirRing0': 1, 'numTargets': 1, 'whichIsTargetEachRing': array([-999.,    2., -999.]), 'ringToQuery': 999}
141.8964 	ERROR 	Not enough reversal times allocated, reached 2 reversals at 4.3and still going (only allocated the following:[3.2 4.3] n= 10 current time =0.17 asking for time of next one, will assume no more reversals
144.7135 	ERROR 	Not enough reversal times allocated, reached 4 reversals at 4.6and still going (only allocated the following:[2.6 3.1 3.9 4.6] n= 179 current time =2.98 asking for time of next one, will assume no more reversals
145.7410 	WARNING 	No default speaker specified in Preferences / Hardware, using first speaker found: Speakers (2- Realtek(R) Audio)
145.7565 	INFO 	Created stream for speaker device: Speakers (2- Realtek(R) Audio) (5.0)
145.7574 	EXP 	: sampleRate = 48000
145.7575 	EXP 	: channels = None
145.7578 	EXP 	: sampleRate = 44100
145.7616 	INFO 	Resampled audio from 44100Hz to 48000Hz using method 'default'.
146.7529 	DATA 	Mouse: Left button down, pos=(1125,743)
146.8708 	DATA 	Mouse:  Left button up, pos=(1125,743)
147.0199 	EXP 	New trial (rep=0, index=17): {'basicShape': 'circle', 'numObjectsInRing': 2, 'speed': 'staircase', 'initialDirRing0': -1, 'numTargets': 1, 'whichIsTargetEachRing': array([-999., -999., -999.]), 'ringToQuery': 999}
152.4848 	ERROR 	Not enough reversal times allocated, reached 4 reversals at 5.3and still going (only allocated the following:[2.  2.6 3.8 5.3] n= 236 current time =3.93 asking for time of next one, will assume no more reversals
152.5012 	ERROR 	Not enough reversal times allocated, reached 4 reversals at 5.3and still going (only allocated the following:[2.  2.6 3.8 5.3] n= 237 current time =3.95 asking for time of next one, will assume no more reversals
152.5180 	ERROR 	Not enough reversal times allocated, reached 4 reversals at 5.3and still going (only allocated the following:[2.  2.6 3.8 5.3] n= 238 current time =3.97 asking for time of next one, will assume no more reversals
152.5343 	ERROR 	Not enough reversal times allocated, reached 4 reversals at 5.3and still going (only allocated the following:[2.  2.6 3.8 5.3] n= 239 current time =3.98 asking for time of next one, will assume no more reversals
152.5511 	ERROR 	Not enough reversal times allocated, reached 4 reversals at 5.3and still going (only allocated the following:[2.  2.6 3.8 5.3] n= 240 current time =4.0 asking for time of next one, will assume no more reversals
152.5680 	ERROR 	Not enough reversal times allocated, reached 4 reversals at 5.3and still going (only allocated the following:[2.  2.6 3.8 5.3] n= 241 current time =4.02 asking for time of next one, will assume no more reversals
152.5852 	ERROR 	Not enough reversal times allocated, reached 4 reversals at 5.3and still going (only allocated the following:[2.  2.6 3.8 5.3] n= 242 current time =4.03 asking for time of next one, will assume no more reversals
152.6016 	ERROR 	Not enough reversal times allocated, reached 4 reversals at 5.3and still going (only allocated the following:[2.  2.6 3.8 5.3] n= 243 current time =4.05 asking for time of next one, will assume no more reversals
152.6212 	ERROR 	Not enough reversal times allocated, reached 3 reversals at 5.3and still going (only allocated the following:[2.7 4.1 5.3] n= 244 current time =4.07 asking for time of next one, will assume no more reversals
152.6372 	ERROR 	Not enough reversal times allocated, reached 3 reversals at 5.3and still going (only allocated the following:[2.7 4.1 5.3] n= 245 current time =4.08 asking for time of next one, will assume no more reversals
152.6544 	ERROR 	Not enough reversal times allocated, reached 3 reversals at 5.3and still going (only allocated the following:[2.7 4.1 5.3] n= 246 current time =4.1 asking for time of next one, will assume no more reversals
152.6704 	ERROR 	Not enough reversal times allocated, reached 3 reversals at 5.3and still going (only allocated the following:[2.7 4.1 5.3] n= 247 current time =4.12 asking for time of next one, will assume no more reversals
152.6871 	ERROR 	Not enough reversal times allocated, reached 3 reversals at 5.3and still going (only allocated the following:[2.7 4.1 5.3] n= 248 current time =4.13 asking for time of next one, will assume no more reversals
152.7029 	ERROR 	Not enough reversal times allocated, reached 3 reversals at 5.3and still going (only allocated the following:[2.7 4.1 5.3] n= 249 current time =4.15 asking for time of next one, will assume no more reversals
152.7200 	ERROR 	Not enough reversal times allocated, reached 3 reversals at 5.3and still going (only allocated the following:[2.7 4.1 5.3] n= 250 current time =4.17 asking for time of next one, will assume no more reversals
152.7361 	ERROR 	Not enough reversal times allocated, reached 3 reversals at 5.3and still going (only allocated the following:[2.7 4.1 5.3] n= 251 current time =4.18 asking for time of next one, will assume no more reversals
152.8172 	WARNING 	No default speaker specified in Preferences / Hardware, using first speaker found: Speakers (2- Realtek(R) Audio)
152.8390 	INFO 	Created stream for speaker device: Speakers (2- Realtek(R) Audio) (5.0)
152.8409 	EXP 	: sampleRate = 48000
152.8409 	EXP 	: channels = None
152.8414 	EXP 	: sampleRate = 44100
152.8477 	INFO 	Resampled audio from 44100Hz to 48000Hz using method 'default'.
153.9387 	DATA 	Mouse: Left button down, pos=(1048,334)
154.0585 	DATA 	Mouse:  Left button up, pos=(1048,334)
154.2085 	EXP 	New trial (rep=0, index=18): {'basicShape': 'circle', 'numObjectsInRing': 4, 'speed': [0.02, 0.1], 'initialDirRing0': -1, 'numTargets': 2, 'whichIsTargetEachRing': array([-999., -999., -999.]), 'ringToQuery': 999}
159.8696 	WARNING 	No default speaker specified in Preferences / Hardware, using first speaker found: Speakers (2- Realtek(R) Audio)
159.8873 	INFO 	Created stream for speaker device: Speakers (2- Realtek(R) Audio) (5.0)
159.8890 	EXP 	: sampleRate = 48000
159.8890 	EXP 	: channels = None
159.8894 	EXP 	: sampleRate = 44100
159.8940 	INFO 	Resampled audio from 44100Hz to 48000Hz using method 'default'.
161.0613 	DATA 	Mouse: Left button down, pos=(1361,880)
161.1647 	DATA 	Mouse:  Left button up, pos=(1353,879)
161.3273 	EXP 	New trial (rep=0, index=19): {'basicShape': 'circle', 'numObjectsInRing': 4, 'speed': 'staircase', 'initialDirRing0': -1, 'numTargets': 1, 'whichIsTargetEachRing': array([-999.,    0., -999.]), 'ringToQuery': 999}
165.1777 	ERROR 	Not enough reversal times allocated, reached 2 reversals at 4.5and still going (only allocated the following:[3.2 4.5] n= 162 current time =2.7 asking for time of next one, will assume no more reversals
165.1929 	ERROR 	Not enough reversal times allocated, reached 4 reversals at 4.3and still going (only allocated the following:[1.8 2.4 3.6 4.3] n= 163 current time =2.72 asking for time of next one, will assume no more reversals
165.1956 	ERROR 	Not enough reversal times allocated, reached 2 reversals at 4.5and still going (only allocated the following:[3.2 4.5] n= 163 current time =2.72 asking for time of next one, will assume no more reversals
165.2095 	ERROR 	Not enough reversal times allocated, reached 4 reversals at 4.3and still going (only allocated the following:[1.8 2.4 3.6 4.3] n= 164 current time =2.73 asking for time of next one, will assume no more reversals
165.2126 	ERROR 	Not enough reversal times allocated, reached 2 reversals at 4.5and still going (only allocated the following:[3.2 4.5] n= 164 current time =2.73 asking for time of next one, will assume no more reversals
165.2261 	ERROR 	Not enough reversal times allocated, reached 4 reversals at 4.3and still going (only allocated the following:[1.8 2.4 3.6 4.3] n= 165 current time =2.75 asking for time of next one, will assume no more reversals
165.2289 	ERROR 	Not enough reversal times allocated, reached 2 reversals at 4.5and still going (only allocated the following:[3.2 4.5] n= 165 current time =2.75 asking for time of next one, will assume no more reversals
165.2428 	ERROR 	Not enough reversal times allocated, reached 4 reversals at 4.3and still going (only allocated the following:[1.8 2.4 3.6 4.3] n= 166 current time =2.77 asking for time of next one, will assume no more reversals
165.2449 	ERROR 	Not enough reversal times allocated, reached 2 reversals at 4.5and still going (only allocated the following:[3.2 4.5] n= 166 current time =2.77 asking for time of next one, will assume no more reversals
165.2595 	ERROR 	Not enough reversal times allocated, reached 4 reversals at 4.3and still going (only allocated the following:[1.8 2.4 3.6 4.3] n= 167 current time =2.78 asking for time of next one, will assume no more reversals
165.2619 	ERROR 	Not enough reversal times allocated, reached 2 reversals at 4.5and still going (only allocated the following:[3.2 4.5] n= 167 current time =2.78 asking for time of next one, will assume no more reversals
165.2762 	ERROR 	Not enough reversal times allocated, reached 4 reversals at 4.3and still going (only allocated the following:[1.8 2.4 3.6 4.3] n= 168 current time =2.8 asking for time of next one, will assume no more reversals
165.2787 	ERROR 	Not enough reversal times allocated, reached 2 reversals at 4.5and still going (only allocated the following:[3.2 4.5] n= 168 current time =2.8 asking for time of next one, will assume no more reversals
165.2929 	ERROR 	Not enough reversal times allocated, reached 4 reversals at 4.3and still going (only allocated the following:[1.8 2.4 3.6 4.3] n= 169 current time =2.82 asking for time of next one, will assume no more reversals
165.2956 	ERROR 	Not enough reversal times allocated, reached 2 reversals at 4.5and still going (only allocated the following:[3.2 4.5] n= 169 current time =2.82 asking for time of next one, will assume no more reversals
165.3100 	ERROR 	Not enough reversal times allocated, reached 4 reversals at 4.3and still going (only allocated the following:[1.8 2.4 3.6 4.3] n= 170 current time =2.83 asking for time of next one, will assume no more reversals
165.3136 	ERROR 	Not enough reversal times allocated, reached 2 reversals at 4.5and still going (only allocated the following:[3.2 4.5] n= 170 current time =2.83 asking for time of next one, will assume no more reversals
165.3267 	ERROR 	Not enough reversal times allocated, reached 4 reversals at 4.3and still going (only allocated the following:[1.8 2.4 3.6 4.3] n= 171 current time =2.85 asking for time of next one, will assume no more reversals
165.3298 	ERROR 	Not enough reversal times allocated, reached 2 reversals at 4.5and still going (only allocated the following:[3.2 4.5] n= 171 current time =2.85 asking for time of next one, will assume no more reversals
166.5101 	WARNING 	No default speaker specified in Preferences / Hardware, using first speaker found: Speakers (2- Realtek(R) Audio)
166.5276 	INFO 	Created stream for speaker device: Speakers (2- Realtek(R) Audio) (5.0)
166.5294 	EXP 	: sampleRate = 48000
166.5295 	EXP 	: channels = None
166.5299 	EXP 	: sampleRate = 44100
166.5338 	INFO 	Resampled audio from 44100Hz to 48000Hz using method 'default'.
167.6004 	DATA 	Mouse: Left button down, pos=(725,382)
167.7013 	DATA 	Mouse:  Left button up, pos=(725,382)
167.8691 	EXP 	New trial (rep=0, index=20): {'basicShape': 'circle', 'numObjectsInRing': 2, 'speed': 'staircase', 'initialDirRing0': -1, 'numTargets': 2, 'whichIsTargetEachRing': array([-999., -999., -999.]), 'ringToQuery': 999}
171.3973 	ERROR 	Not enough reversal times allocated, reached 2 reversals at 3.9and still going (only allocated the following:[2.  3.9] n= 127 current time =2.12 asking for time of next one, will assume no more reversals
171.4137 	ERROR 	Not enough reversal times allocated, reached 2 reversals at 3.9and still going (only allocated the following:[2.  3.9] n= 128 current time =2.13 asking for time of next one, will assume no more reversals
171.4307 	ERROR 	Not enough reversal times allocated, reached 2 reversals at 3.9and still going (only allocated the following:[2.  3.9] n= 129 current time =2.15 asking for time of next one, will assume no more reversals
171.4473 	ERROR 	Not enough reversal times allocated, reached 2 reversals at 3.9and still going (only allocated the following:[2.  3.9] n= 130 current time =2.17 asking for time of next one, will assume no more reversals
171.4640 	ERROR 	Not enough reversal times allocated, reached 2 reversals at 3.9and still going (only allocated the following:[2.  3.9] n= 131 current time =2.18 asking for time of next one, will assume no more reversals
171.4809 	ERROR 	Not enough reversal times allocated, reached 2 reversals at 3.9and still going (only allocated the following:[2.  3.9] n= 132 current time =2.2 asking for time of next one, will assume no more reversals
171.4974 	ERROR 	Not enough reversal times allocated, reached 2 reversals at 3.9and still going (only allocated the following:[2.  3.9] n= 133 current time =2.22 asking for time of next one, will assume no more reversals
171.5141 	ERROR 	Not enough reversal times allocated, reached 2 reversals at 3.9and still going (only allocated the following:[2.  3.9] n= 134 current time =2.23 asking for time of next one, will assume no more reversals
171.5307 	ERROR 	Not enough reversal times allocated, reached 2 reversals at 3.9and still going (only allocated the following:[2.  3.9] n= 135 current time =2.25 asking for time of next one, will assume no more reversals
171.5472 	ERROR 	Not enough reversal times allocated, reached 2 reversals at 3.9and still going (only allocated the following:[2.  3.9] n= 136 current time =2.27 asking for time of next one, will assume no more reversals
171.5661 	ERROR 	Not enough reversal times allocated, reached 2 reversals at 4.5and still going (only allocated the following:[2.7 4.5] n= 137 current time =2.28 asking for time of next one, will assume no more reversals
171.5826 	ERROR 	Not enough reversal times allocated, reached 2 reversals at 4.5and still going (only allocated the following:[2.7 4.5] n= 138 current time =2.3 asking for time of next one, will assume no more reversals
171.5996 	ERROR 	Not enough reversal times allocated, reached 2 reversals at 4.5and still going (only allocated the following:[2.7 4.5] n= 139 current time =2.32 asking for time of next one, will assume no more reversals
171.6161 	ERROR 	Not enough reversal times allocated, reached 2 reversals at 4.5and still going (only allocated the following:[2.7 4.5] n= 140 current time =2.33 asking for time of next one, will assume no more reversals
171.6339 	ERROR 	Not enough reversal times allocated, reached 2 reversals at 4.5and still going (only allocated the following:[2.7 4.5] n= 141 current time =2.35 asking for time of next one, will assume no more reversals
171.6500 	ERROR 	Not enough reversal times allocated, reached 2 reversals at 4.5and still going (only allocated the following:[2.7 4.5] n= 142 current time =2.37 asking for time of next one, will assume no more reversals
171.6667 	ERROR 	Not enough reversal times allocated, reached 2 reversals at 4.5and still going (only allocated the following:[2.7 4.5] n= 143 current time =2.38 asking for time of next one, will assume no more reversals
171.6829 	ERROR 	Not enough reversal times allocated, reached 2 reversals at 4.5and still going (only allocated the following:[2.7 4.5] n= 144 current time =2.4 asking for time of next one, will assume no more reversals
171.7017 	ERROR 	Not enough reversal times allocated, reached 2 reversals at 4.5and still going (only allocated the following:[2.7 4.5] n= 145 current time =2.42 asking for time of next one, will assume no more reversals
171.7170 	ERROR 	Not enough reversal times allocated, reached 2 reversals at 4.5and still going (only allocated the following:[2.7 4.5] n= 146 current time =2.43 asking for time of next one, will assume no more reversals
172.7760 	WARNING 	No default speaker specified in Preferences / Hardware, using first speaker found: Speakers (2- Realtek(R) Audio)
172.7921 	INFO 	Created stream for speaker device: Speakers (2- Realtek(R) Audio) (5.0)
172.7931 	EXP 	: sampleRate = 48000
172.7931 	EXP 	: channels = None
172.7934 	EXP 	: sampleRate = 44100
172.7962 	INFO 	Resampled audio from 44100Hz to 48000Hz using method 'default'.
173.7869 	DATA 	Mouse: Left button down, pos=(724,374)
173.8646 	DATA 	Mouse:  Left button up, pos=(723,374)
174.0576 	EXP 	New trial (rep=0, index=21): {'basicShape': 'circle', 'numObjectsInRing': 2, 'speed': 'staircase', 'initialDirRing0': -1, 'numTargets': 1, 'whichIsTargetEachRing': array([-999., -999., -999.]), 'ringToQuery': 999}
179.1014 	WARNING 	No default speaker specified in Preferences / Hardware, using first speaker found: Speakers (2- Realtek(R) Audio)
179.1217 	INFO 	Created stream for speaker device: Speakers (2- Realtek(R) Audio) (5.0)
179.1230 	EXP 	: sampleRate = 48000
179.1230 	EXP 	: channels = None
179.1234 	EXP 	: sampleRate = 44100
179.1273 	INFO 	Resampled audio from 44100Hz to 48000Hz using method 'default'.
180.0732 	DATA 	Mouse: Left button down, pos=(1142,457)
180.1632 	DATA 	Mouse:  Left button up, pos=(1142,457)
180.3403 	EXP 	New trial (rep=0, index=22): {'basicShape': 'circle', 'numObjectsInRing': 4, 'speed': 'staircase', 'initialDirRing0': -1, 'numTargets': 2, 'whichIsTargetEachRing': array([   0.,    2., -999.]), 'ringToQuery': 999}
181.9397 	ERROR 	Not enough reversal times allocated, reached 3 reversals at 5.4and still going (only allocated the following:[2.7 3.5 5.4] n= 32 current time =0.53 asking for time of next one, will assume no more reversals
186.3717 	WARNING 	No default speaker specified in Preferences / Hardware, using first speaker found: Speakers (2- Realtek(R) Audio)
186.3899 	INFO 	Created stream for speaker device: Speakers (2- Realtek(R) Audio) (5.0)
186.3912 	EXP 	: sampleRate = 48000
186.3912 	EXP 	: channels = None
186.3916 	EXP 	: sampleRate = 44100
186.3951 	INFO 	Resampled audio from 44100Hz to 48000Hz using method 'default'.
187.4482 	DATA 	Mouse: Left button down, pos=(289,493)
187.5449 	DATA 	Mouse:  Left button up, pos=(292,488)
187.7141 	EXP 	New trial (rep=0, index=23): {'basicShape': 'circle', 'numObjectsInRing': 4, 'speed': 'staircase', 'initialDirRing0': -1, 'numTargets': 2, 'whichIsTargetEachRing': array([   2.,    3., -999.]), 'ringToQuery': 999}
188.9598 	ERROR 	Not enough reversal times allocated, reached 4 reversals at 5.9and still going (only allocated the following:[2.8 3.6 5.1 5.9] n= 9 current time =0.15 asking for time of next one, will assume no more reversals
188.9622 	ERROR 	Not enough reversal times allocated, reached 5 reversals at 6.3and still going (only allocated the following:[1.9 3.5 4.4 5.2 6.3] n= 9 current time =0.15 asking for time of next one, will assume no more reversals
193.9959 	WARNING 	No default speaker specified in Preferences / Hardware, using first speaker found: Speakers (2- Realtek(R) Audio)
194.0134 	INFO 	Created stream for speaker device: Speakers (2- Realtek(R) Audio) (5.0)
194.0149 	EXP 	: sampleRate = 48000
194.0150 	EXP 	: channels = None
194.0156 	EXP 	: sampleRate = 44100
194.0211 	INFO 	Resampled audio from 44100Hz to 48000Hz using method 'default'.
195.0036 	DATA 	Mouse: Left button down, pos=(1118,681)
195.0951 	DATA 	Mouse:  Left button up, pos=(1118,679)
195.2721 	EXP 	New trial (rep=0, index=24): {'basicShape': 'circle', 'numObjectsInRing': 2, 'speed': 'staircase', 'initialDirRing0': 1, 'numTargets': 1, 'whichIsTargetEachRing': array([-999., -999.,    1.]), 'ringToQuery': 999}
200.1965 	WARNING 	No default speaker specified in Preferences / Hardware, using first speaker found: Speakers (2- Realtek(R) Audio)
200.2140 	INFO 	Created stream for speaker device: Speakers (2- Realtek(R) Audio) (5.0)
200.2161 	EXP 	: sampleRate = 48000
200.2162 	EXP 	: channels = None
200.2173 	EXP 	: sampleRate = 44100
200.2208 	INFO 	Resampled audio from 44100Hz to 48000Hz using method 'default'.
201.3210 	DATA 	Mouse: Left button down, pos=(279,491)
201.4185 	DATA 	Mouse:  Left button up, pos=(279,491)
201.5909 	EXP 	New trial (rep=0, index=25): {'basicShape': 'circle', 'numObjectsInRing': 4, 'speed': 'staircase', 'initialDirRing0': 1, 'numTargets': 2, 'whichIsTargetEachRing': array([-999., -999., -999.]), 'ringToQuery': 999}
205.9230 	ERROR 	Not enough reversal times allocated, reached 2 reversals at 4.1and still going (only allocated the following:[2.8 4.1] n= 178 current time =2.97 asking for time of next one, will assume no more reversals
205.9401 	ERROR 	Not enough reversal times allocated, reached 2 reversals at 4.1and still going (only allocated the following:[2.8 4.1] n= 179 current time =2.98 asking for time of next one, will assume no more reversals
205.9571 	ERROR 	Not enough reversal times allocated, reached 2 reversals at 4.1and still going (only allocated the following:[2.8 4.1] n= 180 current time =3.0 asking for time of next one, will assume no more reversals
205.9737 	ERROR 	Not enough reversal times allocated, reached 2 reversals at 4.1and still going (only allocated the following:[2.8 4.1] n= 181 current time =3.02 asking for time of next one, will assume no more reversals
205.9904 	ERROR 	Not enough reversal times allocated, reached 2 reversals at 4.1and still going (only allocated the following:[2.8 4.1] n= 182 current time =3.03 asking for time of next one, will assume no more reversals
206.0068 	ERROR 	Not enough reversal times allocated, reached 2 reversals at 4.1and still going (only allocated the following:[2.8 4.1] n= 183 current time =3.05 asking for time of next one, will assume no more reversals
206.0235 	ERROR 	Not enough reversal times allocated, reached 2 reversals at 4.1and still going (only allocated the following:[2.8 4.1] n= 184 current time =3.07 asking for time of next one, will assume no more reversals
206.0406 	ERROR 	Not enough reversal times allocated, reached 2 reversals at 4.1and still going (only allocated the following:[2.8 4.1] n= 185 current time =3.08 asking for time of next one, will assume no more reversals
206.0607 	ERROR 	Not enough reversal times allocated, reached 2 reversals at 4.1and still going (only allocated the following:[2.8 4.1] n= 186 current time =3.1 asking for time of next one, will assume no more reversals
206.0734 	ERROR 	Not enough reversal times allocated, reached 2 reversals at 4.1and still going (only allocated the following:[2.8 4.1] n= 187 current time =3.12 asking for time of next one, will assume no more reversals
206.0909 	ERROR 	Not enough reversal times allocated, reached 2 reversals at 4.1and still going (only allocated the following:[2.8 4.1] n= 188 current time =3.13 asking for time of next one, will assume no more reversals
206.1074 	ERROR 	Not enough reversal times allocated, reached 2 reversals at 4.1and still going (only allocated the following:[2.8 4.1] n= 189 current time =3.15 asking for time of next one, will assume no more reversals
206.1242 	ERROR 	Not enough reversal times allocated, reached 2 reversals at 4.1and still going (only allocated the following:[2.8 4.1] n= 190 current time =3.17 asking for time of next one, will assume no more reversals
206.1409 	ERROR 	Not enough reversal times allocated, reached 2 reversals at 4.1and still going (only allocated the following:[2.8 4.1] n= 191 current time =3.18 asking for time of next one, will assume no more reversals
206.1718 	ERROR 	Not enough reversal times allocated, reached 3 reversals at 4.3and still going (only allocated the following:[2.2 2.8 4.3] n= 193 current time =3.22 asking for time of next one, will assume no more reversals
206.1885 	ERROR 	Not enough reversal times allocated, reached 3 reversals at 4.3and still going (only allocated the following:[2.2 2.8 4.3] n= 194 current time =3.23 asking for time of next one, will assume no more reversals
206.2050 	ERROR 	Not enough reversal times allocated, reached 3 reversals at 4.3and still going (only allocated the following:[2.2 2.8 4.3] n= 195 current time =3.25 asking for time of next one, will assume no more reversals
206.2217 	ERROR 	Not enough reversal times allocated, reached 3 reversals at 4.3and still going (only allocated the following:[2.2 2.8 4.3] n= 196 current time =3.27 asking for time of next one, will assume no more reversals
206.2385 	ERROR 	Not enough reversal times allocated, reached 3 reversals at 4.3and still going (only allocated the following:[2.2 2.8 4.3] n= 197 current time =3.28 asking for time of next one, will assume no more reversals
206.2550 	ERROR 	Not enough reversal times allocated, reached 3 reversals at 4.3and still going (only allocated the following:[2.2 2.8 4.3] n= 198 current time =3.3 asking for time of next one, will assume no more reversals
206.2719 	ERROR 	Not enough reversal times allocated, reached 3 reversals at 4.3and still going (only allocated the following:[2.2 2.8 4.3] n= 199 current time =3.32 asking for time of next one, will assume no more reversals
206.2886 	ERROR 	Not enough reversal times allocated, reached 3 reversals at 4.3and still going (only allocated the following:[2.2 2.8 4.3] n= 200 current time =3.33 asking for time of next one, will assume no more reversals
206.3052 	ERROR 	Not enough reversal times allocated, reached 3 reversals at 4.3and still going (only allocated the following:[2.2 2.8 4.3] n= 201 current time =3.35 asking for time of next one, will assume no more reversals
206.3218 	ERROR 	Not enough reversal times allocated, reached 3 reversals at 4.3and still going (only allocated the following:[2.2 2.8 4.3] n= 202 current time =3.37 asking for time of next one, will assume no more reversals
206.3384 	ERROR 	Not enough reversal times allocated, reached 3 reversals at 4.3and still going (only allocated the following:[2.2 2.8 4.3] n= 203 current time =3.38 asking for time of next one, will assume no more reversals
206.3555 	ERROR 	Not enough reversal times allocated, reached 3 reversals at 4.3and still going (only allocated the following:[2.2 2.8 4.3] n= 204 current time =3.4 asking for time of next one, will assume no more reversals
206.4503 	WARNING 	No default speaker specified in Preferences / Hardware, using first speaker found: Speakers (2- Realtek(R) Audio)
206.4663 	INFO 	Created stream for speaker device: Speakers (2- Realtek(R) Audio) (5.0)
206.4680 	EXP 	: sampleRate = 48000
206.4681 	EXP 	: channels = None
206.4685 	EXP 	: sampleRate = 44100
206.4731 	INFO 	Resampled audio from 44100Hz to 48000Hz using method 'default'.
207.2113 	DATA 	Mouse: Left button down, pos=(1177,424)
207.3116 	DATA 	Mouse:  Left button up, pos=(1175,420)
207.4800 	EXP 	New trial (rep=0, index=26): {'basicShape': 'circle', 'numObjectsInRing': 2, 'speed': 'staircase', 'initialDirRing0': 1, 'numTargets': 2, 'whichIsTargetEachRing': array([-999., -999., -999.]), 'ringToQuery': 999}
208.8580 	ERROR 	Not enough reversal times allocated, reached 3 reversals at 5.1and still going (only allocated the following:[2.3 3.3 5.1] n= 19 current time =0.32 asking for time of next one, will assume no more reversals
208.8748 	ERROR 	Not enough reversal times allocated, reached 3 reversals at 5.1and still going (only allocated the following:[2.3 3.3 5.1] n= 20 current time =0.33 asking for time of next one, will assume no more reversals
208.8916 	ERROR 	Not enough reversal times allocated, reached 3 reversals at 5.1and still going (only allocated the following:[2.3 3.3 5.1] n= 21 current time =0.35 asking for time of next one, will assume no more reversals
208.9082 	ERROR 	Not enough reversal times allocated, reached 3 reversals at 5.1and still going (only allocated the following:[2.3 3.3 5.1] n= 22 current time =0.37 asking for time of next one, will assume no more reversals
208.9248 	ERROR 	Not enough reversal times allocated, reached 3 reversals at 5.1and still going (only allocated the following:[2.3 3.3 5.1] n= 23 current time =0.38 asking for time of next one, will assume no more reversals
208.9415 	ERROR 	Not enough reversal times allocated, reached 3 reversals at 5.1and still going (only allocated the following:[2.3 3.3 5.1] n= 24 current time =0.4 asking for time of next one, will assume no more reversals
208.9580 	ERROR 	Not enough reversal times allocated, reached 3 reversals at 5.1and still going (only allocated the following:[2.3 3.3 5.1] n= 25 current time =0.42 asking for time of next one, will assume no more reversals
208.9752 	ERROR 	Not enough reversal times allocated, reached 3 reversals at 5.1and still going (only allocated the following:[2.3 3.3 5.1] n= 26 current time =0.43 asking for time of next one, will assume no more reversals
212.3052 	WARNING 	No default speaker specified in Preferences / Hardware, using first speaker found: Speakers (2- Realtek(R) Audio)
212.3215 	INFO 	Created stream for speaker device: Speakers (2- Realtek(R) Audio) (5.0)
212.3225 	EXP 	: sampleRate = 48000
212.3225 	EXP 	: channels = None
212.3229 	EXP 	: sampleRate = 44100
212.3267 	INFO 	Resampled audio from 44100Hz to 48000Hz using method 'default'.
213.4805 	DATA 	Mouse: Left button down, pos=(1203,390)
213.5809 	DATA 	Mouse:  Left button up, pos=(1203,390)
213.7480 	EXP 	New trial (rep=0, index=27): {'basicShape': 'circle', 'numObjectsInRing': 4, 'speed': 'staircase', 'initialDirRing0': -1, 'numTargets': 2, 'whichIsTargetEachRing': array([   1.,    1., -999.]), 'ringToQuery': 999}
215.2824 	ERROR 	Not enough reversal times allocated, reached 3 reversals at 6.3and still going (only allocated the following:[2.7 4.7 6.3] n= 7 current time =0.12 asking for time of next one, will assume no more reversals
215.2845 	ERROR 	Not enough reversal times allocated, reached 4 reversals at 6.1and still going (only allocated the following:[3.  4.3 5.3 6.1] n= 7 current time =0.12 asking for time of next one, will assume no more reversals
220.4645 	WARNING 	No default speaker specified in Preferences / Hardware, using first speaker found: Speakers (2- Realtek(R) Audio)
220.4862 	INFO 	Created stream for speaker device: Speakers (2- Realtek(R) Audio) (5.0)
220.4879 	EXP 	: sampleRate = 48000
220.4880 	EXP 	: channels = None
220.4884 	EXP 	: sampleRate = 44100
220.4913 	INFO 	Resampled audio from 44100Hz to 48000Hz using method 'default'.
221.4947 	DATA 	Mouse: Left button down, pos=(286,523)
221.5994 	DATA 	Mouse:  Left button up, pos=(285,523)
221.7637 	EXP 	New trial (rep=0, index=28): {'basicShape': 'circle', 'numObjectsInRing': 2, 'speed': 'staircase', 'initialDirRing0': 1, 'numTargets': 2, 'whichIsTargetEachRing': array([   1.,    0., -999.]), 'ringToQuery': 999}
225.7030 	ERROR 	Not enough reversal times allocated, reached 3 reversals at 6.1and still going (only allocated the following:[2.6 4.4 6.1] n= 161 current time =2.68 asking for time of next one, will assume no more reversals
225.7207 	ERROR 	Not enough reversal times allocated, reached 4 reversals at 6.0and still going (only allocated the following:[2.8 4.  5.4 6. ] n= 162 current time =2.7 asking for time of next one, will assume no more reversals
225.7376 	ERROR 	Not enough reversal times allocated, reached 4 reversals at 6.0and still going (only allocated the following:[2.8 4.  5.4 6. ] n= 163 current time =2.72 asking for time of next one, will assume no more reversals
225.7541 	ERROR 	Not enough reversal times allocated, reached 4 reversals at 6.0and still going (only allocated the following:[2.8 4.  5.4 6. ] n= 164 current time =2.73 asking for time of next one, will assume no more reversals
225.7706 	ERROR 	Not enough reversal times allocated, reached 4 reversals at 6.0and still going (only allocated the following:[2.8 4.  5.4 6. ] n= 165 current time =2.75 asking for time of next one, will assume no more reversals
225.7875 	ERROR 	Not enough reversal times allocated, reached 4 reversals at 6.0and still going (only allocated the following:[2.8 4.  5.4 6. ] n= 166 current time =2.77 asking for time of next one, will assume no more reversals
225.8043 	ERROR 	Not enough reversal times allocated, reached 4 reversals at 6.0and still going (only allocated the following:[2.8 4.  5.4 6. ] n= 167 current time =2.78 asking for time of next one, will assume no more reversals
225.8209 	ERROR 	Not enough reversal times allocated, reached 4 reversals at 6.0and still going (only allocated the following:[2.8 4.  5.4 6. ] n= 168 current time =2.8 asking for time of next one, will assume no more reversals
225.8382 	ERROR 	Not enough reversal times allocated, reached 4 reversals at 6.0and still going (only allocated the following:[2.8 4.  5.4 6. ] n= 169 current time =2.82 asking for time of next one, will assume no more reversals
225.8545 	ERROR 	Not enough reversal times allocated, reached 4 reversals at 6.0and still going (only allocated the following:[2.8 4.  5.4 6. ] n= 170 current time =2.83 asking for time of next one, will assume no more reversals
228.2038 	ERROR 	Not enough reversal times allocated, reached 4 reversals at 6.8and still going (only allocated the following:[2.2 3.6 5.1 6.8] n= 311 current time =5.18 asking for time of next one, will assume no more reversals
228.2205 	ERROR 	Not enough reversal times allocated, reached 4 reversals at 6.8and still going (only allocated the following:[2.2 3.6 5.1 6.8] n= 312 current time =5.2 asking for time of next one, will assume no more reversals
228.2370 	ERROR 	Not enough reversal times allocated, reached 4 reversals at 6.8and still going (only allocated the following:[2.2 3.6 5.1 6.8] n= 313 current time =5.22 asking for time of next one, will assume no more reversals
228.2537 	ERROR 	Not enough reversal times allocated, reached 4 reversals at 6.8and still going (only allocated the following:[2.2 3.6 5.1 6.8] n= 314 current time =5.23 asking for time of next one, will assume no more reversals
228.2705 	ERROR 	Not enough reversal times allocated, reached 4 reversals at 6.8and still going (only allocated the following:[2.2 3.6 5.1 6.8] n= 315 current time =5.25 asking for time of next one, will assume no more reversals
228.2870 	ERROR 	Not enough reversal times allocated, reached 4 reversals at 6.8and still going (only allocated the following:[2.2 3.6 5.1 6.8] n= 316 current time =5.27 asking for time of next one, will assume no more reversals
228.3163 	WARNING 	No default speaker specified in Preferences / Hardware, using first speaker found: Speakers (2- Realtek(R) Audio)
228.3326 	INFO 	Created stream for speaker device: Speakers (2- Realtek(R) Audio) (5.0)
228.3348 	EXP 	: sampleRate = 48000
228.3348 	EXP 	: channels = None
228.3352 	EXP 	: sampleRate = 44100
228.3387 	INFO 	Resampled audio from 44100Hz to 48000Hz using method 'default'.
229.3247 	DATA 	Mouse: Left button down, pos=(278,535)
229.4237 	DATA 	Mouse:  Left button up, pos=(278,536)
229.5936 	EXP 	New trial (rep=0, index=29): {'basicShape': 'circle', 'numObjectsInRing': 2, 'speed': 'staircase', 'initialDirRing0': -1, 'numTargets': 2, 'whichIsTargetEachRing': array([   0.,    0., -999.]), 'ringToQuery': 999}
231.3226 	ERROR 	Not enough reversal times allocated, reached 3 reversals at 4.8and still going (only allocated the following:[3.  3.6 4.8] n= 17 current time =0.28 asking for time of next one, will assume no more reversals
231.3250 	ERROR 	Not enough reversal times allocated, reached 4 reversals at 5.2and still going (only allocated the following:[1.8 3.2 3.8 5.2] n= 17 current time =0.28 asking for time of next one, will assume no more reversals
231.3413 	ERROR 	Not enough reversal times allocated, reached 4 reversals at 5.2and still going (only allocated the following:[1.8 3.2 3.8 5.2] n= 18 current time =0.3 asking for time of next one, will assume no more reversals
231.3578 	ERROR 	Not enough reversal times allocated, reached 4 reversals at 5.2and still going (only allocated the following:[1.8 3.2 3.8 5.2] n= 19 current time =0.32 asking for time of next one, will assume no more reversals
231.3742 	ERROR 	Not enough reversal times allocated, reached 4 reversals at 5.2and still going (only allocated the following:[1.8 3.2 3.8 5.2] n= 20 current time =0.33 asking for time of next one, will assume no more reversals
231.3913 	ERROR 	Not enough reversal times allocated, reached 4 reversals at 5.2and still going (only allocated the following:[1.8 3.2 3.8 5.2] n= 21 current time =0.35 asking for time of next one, will assume no more reversals
231.4080 	ERROR 	Not enough reversal times allocated, reached 4 reversals at 5.2and still going (only allocated the following:[1.8 3.2 3.8 5.2] n= 22 current time =0.37 asking for time of next one, will assume no more reversals
231.4244 	ERROR 	Not enough reversal times allocated, reached 4 reversals at 5.2and still going (only allocated the following:[1.8 3.2 3.8 5.2] n= 23 current time =0.38 asking for time of next one, will assume no more reversals
231.4409 	ERROR 	Not enough reversal times allocated, reached 4 reversals at 5.2and still going (only allocated the following:[1.8 3.2 3.8 5.2] n= 24 current time =0.4 asking for time of next one, will assume no more reversals
231.4577 	ERROR 	Not enough reversal times allocated, reached 4 reversals at 5.2and still going (only allocated the following:[1.8 3.2 3.8 5.2] n= 25 current time =0.42 asking for time of next one, will assume no more reversals
231.4743 	ERROR 	Not enough reversal times allocated, reached 4 reversals at 5.2and still going (only allocated the following:[1.8 3.2 3.8 5.2] n= 26 current time =0.43 asking for time of next one, will assume no more reversals
231.4913 	ERROR 	Not enough reversal times allocated, reached 4 reversals at 5.2and still going (only allocated the following:[1.8 3.2 3.8 5.2] n= 27 current time =0.45 asking for time of next one, will assume no more reversals
231.5075 	ERROR 	Not enough reversal times allocated, reached 4 reversals at 5.2and still going (only allocated the following:[1.8 3.2 3.8 5.2] n= 28 current time =0.47 asking for time of next one, will assume no more reversals
231.5245 	ERROR 	Not enough reversal times allocated, reached 4 reversals at 5.2and still going (only allocated the following:[1.8 3.2 3.8 5.2] n= 29 current time =0.48 asking for time of next one, will assume no more reversals
231.5407 	ERROR 	Not enough reversal times allocated, reached 4 reversals at 5.2and still going (only allocated the following:[1.8 3.2 3.8 5.2] n= 30 current time =0.5 asking for time of next one, will assume no more reversals
231.5582 	ERROR 	Not enough reversal times allocated, reached 4 reversals at 5.2and still going (only allocated the following:[1.8 3.2 3.8 5.2] n= 31 current time =0.52 asking for time of next one, will assume no more reversals
231.5754 	ERROR 	Not enough reversal times allocated, reached 4 reversals at 5.2and still going (only allocated the following:[1.8 3.2 3.8 5.2] n= 32 current time =0.53 asking for time of next one, will assume no more reversals
231.5918 	ERROR 	Not enough reversal times allocated, reached 4 reversals at 5.2and still going (only allocated the following:[1.8 3.2 3.8 5.2] n= 33 current time =0.55 asking for time of next one, will assume no more reversals
234.6235 	WARNING 	No default speaker specified in Preferences / Hardware, using first speaker found: Speakers (2- Realtek(R) Audio)
234.6403 	INFO 	Created stream for speaker device: Speakers (2- Realtek(R) Audio) (5.0)
234.6417 	EXP 	: sampleRate = 48000
234.6418 	EXP 	: channels = None
234.6422 	EXP 	: sampleRate = 44100
234.6455 	INFO 	Resampled audio from 44100Hz to 48000Hz using method 'default'.
235.7463 	DATA 	Mouse: Left button down, pos=(706,841)
235.8446 	DATA 	Mouse:  Left button up, pos=(706,841)
236.0147 	EXP 	New trial (rep=0, index=30): {'basicShape': 'circle', 'numObjectsInRing': 2, 'speed': [0.02, 0.1], 'initialDirRing0': -1, 'numTargets': 2, 'whichIsTargetEachRing': array([-999., -999., -999.]), 'ringToQuery': 999}
239.3292 	ERROR 	Not enough reversal times allocated, reached 3 reversals at 6.4and still going (only allocated the following:[2.8 4.6 6.4] n= 132 current time =2.2 asking for time of next one, will assume no more reversals
241.7603 	WARNING 	No default speaker specified in Preferences / Hardware, using first speaker found: Speakers (2- Realtek(R) Audio)
241.7779 	INFO 	Created stream for speaker device: Speakers (2- Realtek(R) Audio) (5.0)
241.7791 	EXP 	: sampleRate = 48000
241.7791 	EXP 	: channels = None
241.7799 	EXP 	: sampleRate = 44100
241.7836 	INFO 	Resampled audio from 44100Hz to 48000Hz using method 'default'.
243.0023 	DATA 	Mouse: Left button down, pos=(385,364)
243.0822 	DATA 	Mouse:  Left button up, pos=(385,364)
243.2724 	EXP 	New trial (rep=0, index=31): {'basicShape': 'circle', 'numObjectsInRing': 2, 'speed': [0.02, 0.1], 'initialDirRing0': 1, 'numTargets': 2, 'whichIsTargetEachRing': array([   0.,    0., -999.]), 'ringToQuery': 999}
248.6000 	WARNING 	No default speaker specified in Preferences / Hardware, using first speaker found: Speakers (2- Realtek(R) Audio)
248.6186 	INFO 	Created stream for speaker device: Speakers (2- Realtek(R) Audio) (5.0)
248.6208 	EXP 	: sampleRate = 48000
248.6209 	EXP 	: channels = None
248.6214 	EXP 	: sampleRate = 44100
248.6251 	INFO 	Resampled audio from 44100Hz to 48000Hz using method 'default'.
249.5233 	DATA 	Mouse: Left button down, pos=(783,719)
249.6131 	DATA 	Mouse:  Left button up, pos=(783,720)
249.7905 	EXP 	New trial (rep=0, index=32): {'basicShape': 'circle', 'numObjectsInRing': 4, 'speed': 'staircase', 'initialDirRing0': 1, 'numTargets': 1, 'whichIsTargetEachRing': array([   3., -999., -999.]), 'ringToQuery': 999}
251.3093 	ERROR 	Not enough reversal times allocated, reached 3 reversals at 5.0and still going (only allocated the following:[2.5 4.2 5. ] n= 6 current time =0.1 asking for time of next one, will assume no more reversals
255.3874 	WARNING 	No default speaker specified in Preferences / Hardware, using first speaker found: Speakers (2- Realtek(R) Audio)
255.4046 	INFO 	Created stream for speaker device: Speakers (2- Realtek(R) Audio) (5.0)
255.4059 	EXP 	: sampleRate = 48000
255.4059 	EXP 	: channels = None
255.4063 	EXP 	: sampleRate = 44100
255.4102 	INFO 	Resampled audio from 44100Hz to 48000Hz using method 'default'.
256.1770 	DATA 	Mouse: Left button down, pos=(712,375)
256.2993 	DATA 	Mouse:  Left button up, pos=(712,374)
256.4456 	EXP 	New trial (rep=0, index=33): {'basicShape': 'circle', 'numObjectsInRing': 4, 'speed': [0.02, 0.1], 'initialDirRing0': 1, 'numTargets': 2, 'whichIsTargetEachRing': array([   3.,    1., -999.]), 'ringToQuery': 999}
262.5741 	WARNING 	No default speaker specified in Preferences / Hardware, using first speaker found: Speakers (2- Realtek(R) Audio)
262.5935 	INFO 	Created stream for speaker device: Speakers (2- Realtek(R) Audio) (5.0)
262.5950 	EXP 	: sampleRate = 48000
262.5951 	EXP 	: channels = None
262.5955 	EXP 	: sampleRate = 44100
262.6001 	INFO 	Resampled audio from 44100Hz to 48000Hz using method 'default'.
263.8352 	DATA 	Mouse: Left button down, pos=(1643,617)
263.9209 	DATA 	Mouse:  Left button up, pos=(1643,617)
264.1014 	EXP 	New trial (rep=0, index=34): {'basicShape': 'circle', 'numObjectsInRing': 2, 'speed': 'staircase', 'initialDirRing0': 1, 'numTargets': 1, 'whichIsTargetEachRing': array([-999., -999.,    0.]), 'ringToQuery': 999}
269.5506 	ERROR 	Not enough reversal times allocated, reached 5 reversals at 6.5and still going (only allocated the following:[2.1 3.1 3.9 4.6 6.5] n= 243 current time =4.05 asking for time of next one, will assume no more reversals
270.7979 	WARNING 	No default speaker specified in Preferences / Hardware, using first speaker found: Speakers (2- Realtek(R) Audio)
270.8184 	INFO 	Created stream for speaker device: Speakers (2- Realtek(R) Audio) (5.0)
270.8203 	EXP 	: sampleRate = 48000
270.8203 	EXP 	: channels = None
270.8207 	EXP 	: sampleRate = 44100
270.8234 	INFO 	Resampled audio from 44100Hz to 48000Hz using method 'default'.
271.7878 	DATA 	Mouse: Left button down, pos=(396,839)
271.9117 	DATA 	Mouse:  Left button up, pos=(395,840)
272.0574 	EXP 	New trial (rep=0, index=35): {'basicShape': 'circle', 'numObjectsInRing': 2, 'speed': 'staircase', 'initialDirRing0': 1, 'numTargets': 2, 'whichIsTargetEachRing': array([-999., -999., -999.]), 'ringToQuery': 999}
277.1230 	ERROR 	Not enough reversal times allocated, reached 4 reversals at 6.2and still going (only allocated the following:[2.3 4.2 5.4 6.2] n= 227 current time =3.78 asking for time of next one, will assume no more reversals
277.1394 	ERROR 	Not enough reversal times allocated, reached 5 reversals at 6.1and still going (only allocated the following:[2.  3.7 4.4 5.2 6.1] n= 228 current time =3.8 asking for time of next one, will assume no more reversals
277.1404 	ERROR 	Not enough reversal times allocated, reached 4 reversals at 6.2and still going (only allocated the following:[2.3 4.2 5.4 6.2] n= 228 current time =3.8 asking for time of next one, will assume no more reversals
277.1558 	ERROR 	Not enough reversal times allocated, reached 5 reversals at 6.1and still going (only allocated the following:[2.  3.7 4.4 5.2 6.1] n= 229 current time =3.82 asking for time of next one, will assume no more reversals
277.1568 	ERROR 	Not enough reversal times allocated, reached 4 reversals at 6.2and still going (only allocated the following:[2.3 4.2 5.4 6.2] n= 229 current time =3.82 asking for time of next one, will assume no more reversals
277.1728 	ERROR 	Not enough reversal times allocated, reached 5 reversals at 6.1and still going (only allocated the following:[2.  3.7 4.4 5.2 6.1] n= 230 current time =3.83 asking for time of next one, will assume no more reversals
277.1741 	ERROR 	Not enough reversal times allocated, reached 4 reversals at 6.2and still going (only allocated the following:[2.3 4.2 5.4 6.2] n= 230 current time =3.83 asking for time of next one, will assume no more reversals
277.1894 	ERROR 	Not enough reversal times allocated, reached 5 reversals at 6.1and still going (only allocated the following:[2.  3.7 4.4 5.2 6.1] n= 231 current time =3.85 asking for time of next one, will assume no more reversals
277.1906 	ERROR 	Not enough reversal times allocated, reached 4 reversals at 6.2and still going (only allocated the following:[2.3 4.2 5.4 6.2] n= 231 current time =3.85 asking for time of next one, will assume no more reversals
277.2059 	ERROR 	Not enough reversal times allocated, reached 5 reversals at 6.1and still going (only allocated the following:[2.  3.7 4.4 5.2 6.1] n= 232 current time =3.87 asking for time of next one, will assume no more reversals
277.2073 	ERROR 	Not enough reversal times allocated, reached 4 reversals at 6.2and still going (only allocated the following:[2.3 4.2 5.4 6.2] n= 232 current time =3.87 asking for time of next one, will assume no more reversals
277.2224 	ERROR 	Not enough reversal times allocated, reached 5 reversals at 6.1and still going (only allocated the following:[2.  3.7 4.4 5.2 6.1] n= 233 current time =3.88 asking for time of next one, will assume no more reversals
277.2239 	ERROR 	Not enough reversal times allocated, reached 4 reversals at 6.2and still going (only allocated the following:[2.3 4.2 5.4 6.2] n= 233 current time =3.88 asking for time of next one, will assume no more reversals
277.2392 	ERROR 	Not enough reversal times allocated, reached 5 reversals at 6.1and still going (only allocated the following:[2.  3.7 4.4 5.2 6.1] n= 234 current time =3.9 asking for time of next one, will assume no more reversals
277.2409 	ERROR 	Not enough reversal times allocated, reached 4 reversals at 6.2and still going (only allocated the following:[2.3 4.2 5.4 6.2] n= 234 current time =3.9 asking for time of next one, will assume no more reversals
277.2564 	ERROR 	Not enough reversal times allocated, reached 5 reversals at 6.1and still going (only allocated the following:[2.  3.7 4.4 5.2 6.1] n= 235 current time =3.92 asking for time of next one, will assume no more reversals
277.2577 	ERROR 	Not enough reversal times allocated, reached 4 reversals at 6.2and still going (only allocated the following:[2.3 4.2 5.4 6.2] n= 235 current time =3.92 asking for time of next one, will assume no more reversals
277.2726 	ERROR 	Not enough reversal times allocated, reached 5 reversals at 6.1and still going (only allocated the following:[2.  3.7 4.4 5.2 6.1] n= 236 current time =3.93 asking for time of next one, will assume no more reversals
277.2739 	ERROR 	Not enough reversal times allocated, reached 4 reversals at 6.2and still going (only allocated the following:[2.3 4.2 5.4 6.2] n= 236 current time =3.93 asking for time of next one, will assume no more reversals
277.2896 	ERROR 	Not enough reversal times allocated, reached 5 reversals at 6.1and still going (only allocated the following:[2.  3.7 4.4 5.2 6.1] n= 237 current time =3.95 asking for time of next one, will assume no more reversals
277.2906 	ERROR 	Not enough reversal times allocated, reached 4 reversals at 6.2and still going (only allocated the following:[2.3 4.2 5.4 6.2] n= 237 current time =3.95 asking for time of next one, will assume no more reversals
277.3058 	ERROR 	Not enough reversal times allocated, reached 5 reversals at 6.1and still going (only allocated the following:[2.  3.7 4.4 5.2 6.1] n= 238 current time =3.97 asking for time of next one, will assume no more reversals
277.3073 	ERROR 	Not enough reversal times allocated, reached 4 reversals at 6.2and still going (only allocated the following:[2.3 4.2 5.4 6.2] n= 238 current time =3.97 asking for time of next one, will assume no more reversals
277.3230 	ERROR 	Not enough reversal times allocated, reached 5 reversals at 6.1and still going (only allocated the following:[2.  3.7 4.4 5.2 6.1] n= 239 current time =3.98 asking for time of next one, will assume no more reversals
277.3241 	ERROR 	Not enough reversal times allocated, reached 4 reversals at 6.2and still going (only allocated the following:[2.3 4.2 5.4 6.2] n= 239 current time =3.98 asking for time of next one, will assume no more reversals
277.3412 	ERROR 	Not enough reversal times allocated, reached 5 reversals at 6.1and still going (only allocated the following:[2.  3.7 4.4 5.2 6.1] n= 240 current time =4.0 asking for time of next one, will assume no more reversals
277.3425 	ERROR 	Not enough reversal times allocated, reached 4 reversals at 6.2and still going (only allocated the following:[2.3 4.2 5.4 6.2] n= 240 current time =4.0 asking for time of next one, will assume no more reversals
277.3564 	ERROR 	Not enough reversal times allocated, reached 5 reversals at 6.1and still going (only allocated the following:[2.  3.7 4.4 5.2 6.1] n= 241 current time =4.02 asking for time of next one, will assume no more reversals
277.3590 	ERROR 	Not enough reversal times allocated, reached 4 reversals at 6.2and still going (only allocated the following:[2.3 4.2 5.4 6.2] n= 241 current time =4.02 asking for time of next one, will assume no more reversals
277.3750 	ERROR 	Not enough reversal times allocated, reached 5 reversals at 6.1and still going (only allocated the following:[2.  3.7 4.4 5.2 6.1] n= 242 current time =4.03 asking for time of next one, will assume no more reversals
277.3763 	ERROR 	Not enough reversal times allocated, reached 4 reversals at 6.2and still going (only allocated the following:[2.3 4.2 5.4 6.2] n= 242 current time =4.03 asking for time of next one, will assume no more reversals
277.3898 	ERROR 	Not enough reversal times allocated, reached 5 reversals at 6.1and still going (only allocated the following:[2.  3.7 4.4 5.2 6.1] n= 243 current time =4.05 asking for time of next one, will assume no more reversals
277.3910 	ERROR 	Not enough reversal times allocated, reached 4 reversals at 6.2and still going (only allocated the following:[2.3 4.2 5.4 6.2] n= 243 current time =4.05 asking for time of next one, will assume no more reversals
277.4069 	ERROR 	Not enough reversal times allocated, reached 5 reversals at 6.1and still going (only allocated the following:[2.  3.7 4.4 5.2 6.1] n= 244 current time =4.07 asking for time of next one, will assume no more reversals
277.4085 	ERROR 	Not enough reversal times allocated, reached 4 reversals at 6.2and still going (only allocated the following:[2.3 4.2 5.4 6.2] n= 244 current time =4.07 asking for time of next one, will assume no more reversals
277.4227 	ERROR 	Not enough reversal times allocated, reached 5 reversals at 6.1and still going (only allocated the following:[2.  3.7 4.4 5.2 6.1] n= 245 current time =4.08 asking for time of next one, will assume no more reversals
277.4241 	ERROR 	Not enough reversal times allocated, reached 4 reversals at 6.2and still going (only allocated the following:[2.3 4.2 5.4 6.2] n= 245 current time =4.08 asking for time of next one, will assume no more reversals
277.4397 	ERROR 	Not enough reversal times allocated, reached 5 reversals at 6.1and still going (only allocated the following:[2.  3.7 4.4 5.2 6.1] n= 246 current time =4.1 asking for time of next one, will assume no more reversals
277.4412 	ERROR 	Not enough reversal times allocated, reached 4 reversals at 6.2and still going (only allocated the following:[2.3 4.2 5.4 6.2] n= 246 current time =4.1 asking for time of next one, will assume no more reversals
277.4563 	ERROR 	Not enough reversal times allocated, reached 5 reversals at 6.1and still going (only allocated the following:[2.  3.7 4.4 5.2 6.1] n= 247 current time =4.12 asking for time of next one, will assume no more reversals
277.4576 	ERROR 	Not enough reversal times allocated, reached 4 reversals at 6.2and still going (only allocated the following:[2.3 4.2 5.4 6.2] n= 247 current time =4.12 asking for time of next one, will assume no more reversals
277.4728 	ERROR 	Not enough reversal times allocated, reached 5 reversals at 6.1and still going (only allocated the following:[2.  3.7 4.4 5.2 6.1] n= 248 current time =4.13 asking for time of next one, will assume no more reversals
277.4741 	ERROR 	Not enough reversal times allocated, reached 4 reversals at 6.2and still going (only allocated the following:[2.3 4.2 5.4 6.2] n= 248 current time =4.13 asking for time of next one, will assume no more reversals
277.4895 	ERROR 	Not enough reversal times allocated, reached 5 reversals at 6.1and still going (only allocated the following:[2.  3.7 4.4 5.2 6.1] n= 249 current time =4.15 asking for time of next one, will assume no more reversals
277.4906 	ERROR 	Not enough reversal times allocated, reached 4 reversals at 6.2and still going (only allocated the following:[2.3 4.2 5.4 6.2] n= 249 current time =4.15 asking for time of next one, will assume no more reversals
277.5065 	ERROR 	Not enough reversal times allocated, reached 5 reversals at 6.1and still going (only allocated the following:[2.  3.7 4.4 5.2 6.1] n= 250 current time =4.17 asking for time of next one, will assume no more reversals
277.5078 	ERROR 	Not enough reversal times allocated, reached 4 reversals at 6.2and still going (only allocated the following:[2.3 4.2 5.4 6.2] n= 250 current time =4.17 asking for time of next one, will assume no more reversals
277.5228 	ERROR 	Not enough reversal times allocated, reached 5 reversals at 6.1and still going (only allocated the following:[2.  3.7 4.4 5.2 6.1] n= 251 current time =4.18 asking for time of next one, will assume no more reversals
277.5245 	ERROR 	Not enough reversal times allocated, reached 4 reversals at 6.2and still going (only allocated the following:[2.3 4.2 5.4 6.2] n= 251 current time =4.18 asking for time of next one, will assume no more reversals
277.5397 	ERROR 	Not enough reversal times allocated, reached 5 reversals at 6.1and still going (only allocated the following:[2.  3.7 4.4 5.2 6.1] n= 252 current time =4.2 asking for time of next one, will assume no more reversals
277.5411 	ERROR 	Not enough reversal times allocated, reached 4 reversals at 6.2and still going (only allocated the following:[2.3 4.2 5.4 6.2] n= 252 current time =4.2 asking for time of next one, will assume no more reversals
277.5562 	ERROR 	Not enough reversal times allocated, reached 5 reversals at 6.1and still going (only allocated the following:[2.  3.7 4.4 5.2 6.1] n= 253 current time =4.22 asking for time of next one, will assume no more reversals
277.5580 	ERROR 	Not enough reversal times allocated, reached 4 reversals at 6.2and still going (only allocated the following:[2.3 4.2 5.4 6.2] n= 253 current time =4.22 asking for time of next one, will assume no more reversals
277.5727 	ERROR 	Not enough reversal times allocated, reached 5 reversals at 6.1and still going (only allocated the following:[2.  3.7 4.4 5.2 6.1] n= 254 current time =4.23 asking for time of next one, will assume no more reversals
277.5742 	ERROR 	Not enough reversal times allocated, reached 4 reversals at 6.2and still going (only allocated the following:[2.3 4.2 5.4 6.2] n= 254 current time =4.23 asking for time of next one, will assume no more reversals
277.5904 	ERROR 	Not enough reversal times allocated, reached 5 reversals at 6.1and still going (only allocated the following:[2.  3.7 4.4 5.2 6.1] n= 255 current time =4.25 asking for time of next one, will assume no more reversals
277.5920 	ERROR 	Not enough reversal times allocated, reached 4 reversals at 6.2and still going (only allocated the following:[2.3 4.2 5.4 6.2] n= 255 current time =4.25 asking for time of next one, will assume no more reversals
277.6062 	ERROR 	Not enough reversal times allocated, reached 5 reversals at 6.1and still going (only allocated the following:[2.  3.7 4.4 5.2 6.1] n= 256 current time =4.27 asking for time of next one, will assume no more reversals
277.6073 	ERROR 	Not enough reversal times allocated, reached 4 reversals at 6.2and still going (only allocated the following:[2.3 4.2 5.4 6.2] n= 256 current time =4.27 asking for time of next one, will assume no more reversals
277.6230 	ERROR 	Not enough reversal times allocated, reached 5 reversals at 6.1and still going (only allocated the following:[2.  3.7 4.4 5.2 6.1] n= 257 current time =4.28 asking for time of next one, will assume no more reversals
277.6244 	ERROR 	Not enough reversal times allocated, reached 4 reversals at 6.2and still going (only allocated the following:[2.3 4.2 5.4 6.2] n= 257 current time =4.28 asking for time of next one, will assume no more reversals
277.6396 	ERROR 	Not enough reversal times allocated, reached 5 reversals at 6.1and still going (only allocated the following:[2.  3.7 4.4 5.2 6.1] n= 258 current time =4.3 asking for time of next one, will assume no more reversals
277.6407 	ERROR 	Not enough reversal times allocated, reached 4 reversals at 6.2and still going (only allocated the following:[2.3 4.2 5.4 6.2] n= 258 current time =4.3 asking for time of next one, will assume no more reversals
277.6562 	ERROR 	Not enough reversal times allocated, reached 5 reversals at 6.1and still going (only allocated the following:[2.  3.7 4.4 5.2 6.1] n= 259 current time =4.32 asking for time of next one, will assume no more reversals
277.6580 	ERROR 	Not enough reversal times allocated, reached 4 reversals at 6.2and still going (only allocated the following:[2.3 4.2 5.4 6.2] n= 259 current time =4.32 asking for time of next one, will assume no more reversals
277.6730 	ERROR 	Not enough reversal times allocated, reached 5 reversals at 6.1and still going (only allocated the following:[2.  3.7 4.4 5.2 6.1] n= 260 current time =4.33 asking for time of next one, will assume no more reversals
278.8538 	WARNING 	No default speaker specified in Preferences / Hardware, using first speaker found: Speakers (2- Realtek(R) Audio)
278.8715 	INFO 	Created stream for speaker device: Speakers (2- Realtek(R) Audio) (5.0)
278.8729 	EXP 	: sampleRate = 48000
278.8729 	EXP 	: channels = None
278.8734 	EXP 	: sampleRate = 44100
278.8779 	INFO 	Resampled audio from 44100Hz to 48000Hz using method 'default'.
280.4612 	DATA 	Mouse: Left button down, pos=(1523,375)
280.5572 	DATA 	Mouse:  Left button up, pos=(1524,375)
280.7311 	EXP 	New trial (rep=0, index=36): {'basicShape': 'circle', 'numObjectsInRing': 2, 'speed': 'staircase', 'initialDirRing0': 1, 'numTargets': 1, 'whichIsTargetEachRing': array([-999.,    1., -999.]), 'ringToQuery': 999}
282.3750 	ERROR 	Not enough reversal times allocated, reached 4 reversals at 5.6and still going (only allocated the following:[2.8 4.2 4.9 5.6] n= 14 current time =0.23 asking for time of next one, will assume no more reversals
287.1248 	WARNING 	No default speaker specified in Preferences / Hardware, using first speaker found: Speakers (2- Realtek(R) Audio)
287.1420 	INFO 	Created stream for speaker device: Speakers (2- Realtek(R) Audio) (5.0)
287.1430 	EXP 	: sampleRate = 48000
287.1431 	EXP 	: channels = None
287.1434 	EXP 	: sampleRate = 44100
287.1511 	INFO 	Resampled audio from 44100Hz to 48000Hz using method 'default'.
288.8665 	DATA 	Mouse: Left button down, pos=(860,343)
288.9626 	DATA 	Mouse:  Left button up, pos=(860,343)
289.1346 	EXP 	New trial (rep=0, index=37): {'basicShape': 'circle', 'numObjectsInRing': 4, 'speed': [0.02, 0.1], 'initialDirRing0': 1, 'numTargets': 1, 'whichIsTargetEachRing': array([-999., -999.,    2.]), 'ringToQuery': 999}
295.1643 	WARNING 	No default speaker specified in Preferences / Hardware, using first speaker found: Speakers (2- Realtek(R) Audio)
295.1810 	INFO 	Created stream for speaker device: Speakers (2- Realtek(R) Audio) (5.0)
295.1828 	EXP 	: sampleRate = 48000
295.1828 	EXP 	: channels = None
295.1844 	EXP 	: sampleRate = 44100
295.1906 	INFO 	Resampled audio from 44100Hz to 48000Hz using method 'default'.
296.0398 	DATA 	Mouse: Left button down, pos=(932,864)
296.1438 	DATA 	Mouse:  Left button up, pos=(932,864)
296.3076 	EXP 	New trial (rep=0, index=38): {'basicShape': 'circle', 'numObjectsInRing': 2, 'speed': 'staircase', 'initialDirRing0': -1, 'numTargets': 2, 'whichIsTargetEachRing': array([   1.,    0., -999.]), 'ringToQuery': 999}
299.8375 	ERROR 	Not enough reversal times allocated, reached 3 reversals at 4.1and still going (only allocated the following:[1.8 2.8 4.1] n= 132 current time =2.2 asking for time of next one, will assume no more reversals
299.8542 	ERROR 	Not enough reversal times allocated, reached 3 reversals at 4.1and still going (only allocated the following:[1.8 2.8 4.1] n= 133 current time =2.22 asking for time of next one, will assume no more reversals
299.8709 	ERROR 	Not enough reversal times allocated, reached 3 reversals at 4.1and still going (only allocated the following:[1.8 2.8 4.1] n= 134 current time =2.23 asking for time of next one, will assume no more reversals
299.8875 	ERROR 	Not enough reversal times allocated, reached 3 reversals at 4.1and still going (only allocated the following:[1.8 2.8 4.1] n= 135 current time =2.25 asking for time of next one, will assume no more reversals
299.9043 	ERROR 	Not enough reversal times allocated, reached 3 reversals at 4.1and still going (only allocated the following:[1.8 2.8 4.1] n= 136 current time =2.27 asking for time of next one, will assume no more reversals
299.9210 	ERROR 	Not enough reversal times allocated, reached 3 reversals at 4.1and still going (only allocated the following:[1.8 2.8 4.1] n= 137 current time =2.28 asking for time of next one, will assume no more reversals
299.9376 	ERROR 	Not enough reversal times allocated, reached 3 reversals at 4.1and still going (only allocated the following:[1.8 2.8 4.1] n= 138 current time =2.3 asking for time of next one, will assume no more reversals
299.9542 	ERROR 	Not enough reversal times allocated, reached 3 reversals at 4.1and still going (only allocated the following:[1.8 2.8 4.1] n= 139 current time =2.32 asking for time of next one, will assume no more reversals
299.9708 	ERROR 	Not enough reversal times allocated, reached 3 reversals at 4.1and still going (only allocated the following:[1.8 2.8 4.1] n= 140 current time =2.33 asking for time of next one, will assume no more reversals
301.4687 	WARNING 	No default speaker specified in Preferences / Hardware, using first speaker found: Speakers (2- Realtek(R) Audio)
301.4866 	INFO 	Created stream for speaker device: Speakers (2- Realtek(R) Audio) (5.0)
301.4877 	EXP 	: sampleRate = 48000
301.4877 	EXP 	: channels = None
301.4882 	EXP 	: sampleRate = 44100
301.4923 	INFO 	Resampled audio from 44100Hz to 48000Hz using method 'default'.
302.5097 	DATA 	Mouse: Left button down, pos=(1440,881)
302.5965 	DATA 	Mouse:  Left button up, pos=(1440,880)
302.7784 	EXP 	New trial (rep=0, index=39): {'basicShape': 'circle', 'numObjectsInRing': 4, 'speed': 'staircase', 'initialDirRing0': 1, 'numTargets': 1, 'whichIsTargetEachRing': array([   2., -999., -999.]), 'ringToQuery': 999}
306.1771 	ERROR 	Not enough reversal times allocated, reached 3 reversals at 4.7and still going (only allocated the following:[1.8 3.7 4.7] n= 121 current time =2.02 asking for time of next one, will assume no more reversals
306.1919 	ERROR 	Not enough reversal times allocated, reached 3 reversals at 5.2and still going (only allocated the following:[2.6 3.9 5.2] n= 122 current time =2.03 asking for time of next one, will assume no more reversals
308.2246 	WARNING 	No default speaker specified in Preferences / Hardware, using first speaker found: Speakers (2- Realtek(R) Audio)
308.2426 	INFO 	Created stream for speaker device: Speakers (2- Realtek(R) Audio) (5.0)
308.2438 	EXP 	: sampleRate = 48000
308.2438 	EXP 	: channels = None
308.2442 	EXP 	: sampleRate = 44100
308.2541 	INFO 	Resampled audio from 44100Hz to 48000Hz using method 'default'.
309.0490 	DATA 	Mouse: Left button down, pos=(766,400)
309.1311 	DATA 	Mouse:  Left button up, pos=(766,400)
309.3176 	EXP 	New trial (rep=1, index=0): {'basicShape': 'circle', 'numObjectsInRing': 4, 'speed': 'staircase', 'initialDirRing0': -1, 'numTargets': 2, 'whichIsTargetEachRing': array([   0.,    2., -999.]), 'ringToQuery': 0}
314.2977 	ERROR 	Not enough reversal times allocated, reached 4 reversals at 6.3and still going (only allocated the following:[2.  3.9 4.7 6.3] n= 231 current time =3.85 asking for time of next one, will assume no more reversals
314.3143 	ERROR 	Not enough reversal times allocated, reached 4 reversals at 6.3and still going (only allocated the following:[2.  3.9 4.7 6.3] n= 232 current time =3.87 asking for time of next one, will assume no more reversals
314.3309 	ERROR 	Not enough reversal times allocated, reached 4 reversals at 6.3and still going (only allocated the following:[2.  3.9 4.7 6.3] n= 233 current time =3.88 asking for time of next one, will assume no more reversals
314.3476 	ERROR 	Not enough reversal times allocated, reached 4 reversals at 6.3and still going (only allocated the following:[2.  3.9 4.7 6.3] n= 234 current time =3.9 asking for time of next one, will assume no more reversals
314.3643 	ERROR 	Not enough reversal times allocated, reached 4 reversals at 6.3and still going (only allocated the following:[2.  3.9 4.7 6.3] n= 235 current time =3.92 asking for time of next one, will assume no more reversals
314.3813 	ERROR 	Not enough reversal times allocated, reached 4 reversals at 6.3and still going (only allocated the following:[2.  3.9 4.7 6.3] n= 236 current time =3.93 asking for time of next one, will assume no more reversals
314.3979 	ERROR 	Not enough reversal times allocated, reached 4 reversals at 6.3and still going (only allocated the following:[2.  3.9 4.7 6.3] n= 237 current time =3.95 asking for time of next one, will assume no more reversals
314.4145 	ERROR 	Not enough reversal times allocated, reached 4 reversals at 6.3and still going (only allocated the following:[2.  3.9 4.7 6.3] n= 238 current time =3.97 asking for time of next one, will assume no more reversals
314.4313 	ERROR 	Not enough reversal times allocated, reached 4 reversals at 6.3and still going (only allocated the following:[2.  3.9 4.7 6.3] n= 239 current time =3.98 asking for time of next one, will assume no more reversals
314.4479 	ERROR 	Not enough reversal times allocated, reached 4 reversals at 6.3and still going (only allocated the following:[2.  3.9 4.7 6.3] n= 240 current time =4.0 asking for time of next one, will assume no more reversals
314.4648 	ERROR 	Not enough reversal times allocated, reached 4 reversals at 6.3and still going (only allocated the following:[2.  3.9 4.7 6.3] n= 241 current time =4.02 asking for time of next one, will assume no more reversals
314.4812 	ERROR 	Not enough reversal times allocated, reached 4 reversals at 6.3and still going (only allocated the following:[2.  3.9 4.7 6.3] n= 242 current time =4.03 asking for time of next one, will assume no more reversals
314.4977 	ERROR 	Not enough reversal times allocated, reached 4 reversals at 6.3and still going (only allocated the following:[2.  3.9 4.7 6.3] n= 243 current time =4.05 asking for time of next one, will assume no more reversals
314.5150 	ERROR 	Not enough reversal times allocated, reached 4 reversals at 6.3and still going (only allocated the following:[2.  3.9 4.7 6.3] n= 244 current time =4.07 asking for time of next one, will assume no more reversals
314.5316 	ERROR 	Not enough reversal times allocated, reached 4 reversals at 6.3and still going (only allocated the following:[2.  3.9 4.7 6.3] n= 245 current time =4.08 asking for time of next one, will assume no more reversals
314.5480 	ERROR 	Not enough reversal times allocated, reached 4 reversals at 6.3and still going (only allocated the following:[2.  3.9 4.7 6.3] n= 246 current time =4.1 asking for time of next one, will assume no more reversals
314.5648 	ERROR 	Not enough reversal times allocated, reached 4 reversals at 6.3and still going (only allocated the following:[2.  3.9 4.7 6.3] n= 247 current time =4.12 asking for time of next one, will assume no more reversals
315.7304 	WARNING 	No default speaker specified in Preferences / Hardware, using first speaker found: Speakers (2- Realtek(R) Audio)
315.7495 	INFO 	Created stream for speaker device: Speakers (2- Realtek(R) Audio) (5.0)
315.7520 	EXP 	: sampleRate = 48000
315.7521 	EXP 	: channels = None
315.7528 	EXP 	: sampleRate = 44100
315.7569 	INFO 	Resampled audio from 44100Hz to 48000Hz using method 'default'.
316.7567 	DATA 	Mouse: Left button down, pos=(1350,336)
316.8602 	DATA 	Mouse:  Left button up, pos=(1350,333)
317.0255 	EXP 	New trial (rep=1, index=1): {'basicShape': 'circle', 'numObjectsInRing': 2, 'speed': 'staircase', 'initialDirRing0': 1, 'numTargets': 1, 'whichIsTargetEachRing': array([   1., -999.,    0.]), 'ringToQuery': 0}
322.1502 	WARNING 	No default speaker specified in Preferences / Hardware, using first speaker found: Speakers (2- Realtek(R) Audio)
322.1684 	INFO 	Created stream for speaker device: Speakers (2- Realtek(R) Audio) (5.0)
322.1700 	EXP 	: sampleRate = 48000
322.1701 	EXP 	: channels = None
322.1706 	EXP 	: sampleRate = 44100
322.1776 	INFO 	Resampled audio from 44100Hz to 48000Hz using method 'default'.
323.3408 	DATA 	Mouse: Left button down, pos=(1232,515)
323.4359 	DATA 	Mouse:  Left button up, pos=(1232,515)
323.6087 	EXP 	New trial (rep=1, index=2): {'basicShape': 'circle', 'numObjectsInRing': 2, 'speed': 'staircase', 'initialDirRing0': -1, 'numTargets': 2, 'whichIsTargetEachRing': array([   0.,    0., -999.]), 'ringToQuery': 1}
326.9082 	ERROR 	Not enough reversal times allocated, reached 3 reversals at 5.3and still going (only allocated the following:[2.7 3.7 5.3] n= 129 current time =2.15 asking for time of next one, will assume no more reversals
326.9256 	ERROR 	Not enough reversal times allocated, reached 3 reversals at 5.3and still going (only allocated the following:[2.7 3.7 5.3] n= 130 current time =2.17 asking for time of next one, will assume no more reversals
326.9420 	ERROR 	Not enough reversal times allocated, reached 3 reversals at 5.3and still going (only allocated the following:[2.7 3.7 5.3] n= 131 current time =2.18 asking for time of next one, will assume no more reversals
326.9588 	ERROR 	Not enough reversal times allocated, reached 3 reversals at 5.3and still going (only allocated the following:[2.7 3.7 5.3] n= 132 current time =2.2 asking for time of next one, will assume no more reversals
326.9750 	ERROR 	Not enough reversal times allocated, reached 3 reversals at 5.3and still going (only allocated the following:[2.7 3.7 5.3] n= 133 current time =2.22 asking for time of next one, will assume no more reversals
326.9915 	ERROR 	Not enough reversal times allocated, reached 3 reversals at 5.3and still going (only allocated the following:[2.7 3.7 5.3] n= 134 current time =2.23 asking for time of next one, will assume no more reversals
327.0097 	ERROR 	Not enough reversal times allocated, reached 3 reversals at 5.3and still going (only allocated the following:[2.7 3.7 5.3] n= 135 current time =2.25 asking for time of next one, will assume no more reversals
327.0268 	ERROR 	Not enough reversal times allocated, reached 3 reversals at 5.3and still going (only allocated the following:[2.7 3.7 5.3] n= 136 current time =2.27 asking for time of next one, will assume no more reversals
327.0419 	ERROR 	Not enough reversal times allocated, reached 5 reversals at 6.1and still going (only allocated the following:[1.9 2.5 3.  4.1 6.1] n= 137 current time =2.28 asking for time of next one, will assume no more reversals
327.0583 	ERROR 	Not enough reversal times allocated, reached 5 reversals at 6.1and still going (only allocated the following:[1.9 2.5 3.  4.1 6.1] n= 138 current time =2.3 asking for time of next one, will assume no more reversals
327.0746 	ERROR 	Not enough reversal times allocated, reached 5 reversals at 6.1and still going (only allocated the following:[1.9 2.5 3.  4.1 6.1] n= 139 current time =2.32 asking for time of next one, will assume no more reversals
327.0913 	ERROR 	Not enough reversal times allocated, reached 5 reversals at 6.1and still going (only allocated the following:[1.9 2.5 3.  4.1 6.1] n= 140 current time =2.33 asking for time of next one, will assume no more reversals
327.1081 	ERROR 	Not enough reversal times allocated, reached 5 reversals at 6.1and still going (only allocated the following:[1.9 2.5 3.  4.1 6.1] n= 141 current time =2.35 asking for time of next one, will assume no more reversals
327.1246 	ERROR 	Not enough reversal times allocated, reached 5 reversals at 6.1and still going (only allocated the following:[1.9 2.5 3.  4.1 6.1] n= 142 current time =2.37 asking for time of next one, will assume no more reversals
327.1411 	ERROR 	Not enough reversal times allocated, reached 5 reversals at 6.1and still going (only allocated the following:[1.9 2.5 3.  4.1 6.1] n= 143 current time =2.38 asking for time of next one, will assume no more reversals
327.1581 	ERROR 	Not enough reversal times allocated, reached 5 reversals at 6.1and still going (only allocated the following:[1.9 2.5 3.  4.1 6.1] n= 144 current time =2.4 asking for time of next one, will assume no more reversals
329.6887 	WARNING 	No default speaker specified in Preferences / Hardware, using first speaker found: Speakers (2- Realtek(R) Audio)
329.7082 	INFO 	Created stream for speaker device: Speakers (2- Realtek(R) Audio) (5.0)
329.7097 	EXP 	: sampleRate = 48000
329.7098 	EXP 	: channels = None
329.7119 	EXP 	: sampleRate = 44100
329.7164 	INFO 	Resampled audio from 44100Hz to 48000Hz using method 'default'.
330.8298 	DATA 	Mouse: Left button down, pos=(1595,426)
330.9174 	DATA 	Mouse:  Left button up, pos=(1594,427)
331.0988 	EXP 	New trial (rep=1, index=3): {'basicShape': 'circle', 'numObjectsInRing': 2, 'speed': 'staircase', 'initialDirRing0': 1, 'numTargets': 1, 'whichIsTargetEachRing': array([   1., -999.,    1.]), 'ringToQuery': 0}
335.8972 	ERROR 	Not enough reversal times allocated, reached 2 reversals at 4.6and still going (only allocated the following:[3.  4.6] n= 220 current time =3.67 asking for time of next one, will assume no more reversals
336.3751 	WARNING 	No default speaker specified in Preferences / Hardware, using first speaker found: Speakers (2- Realtek(R) Audio)
336.3930 	INFO 	Created stream for speaker device: Speakers (2- Realtek(R) Audio) (5.0)
336.3941 	EXP 	: sampleRate = 48000
336.3942 	EXP 	: channels = None
336.3945 	EXP 	: sampleRate = 44100
336.3976 	INFO 	Resampled audio from 44100Hz to 48000Hz using method 'default'.
337.3003 	DATA 	Mouse: Left button down, pos=(732,794)
337.3982 	DATA 	Mouse:  Left button up, pos=(732,791)
337.5716 	EXP 	New trial (rep=1, index=4): {'basicShape': 'circle', 'numObjectsInRing': 4, 'speed': 'staircase', 'initialDirRing0': 1, 'numTargets': 2, 'whichIsTargetEachRing': array([   0.,    1., -999.]), 'ringToQuery': 1}
338.9522 	ERROR 	Not enough reversal times allocated, reached 4 reversals at 6.3and still going (only allocated the following:[2.6 3.4 4.6 6.3] n= 10 current time =0.17 asking for time of next one, will assume no more reversals
338.9657 	ERROR 	Not enough reversal times allocated, reached 5 reversals at 7.3and still going (only allocated the following:[2.9 3.6 4.3 5.6 7.3] n= 11 current time =0.18 asking for time of next one, will assume no more reversals
340.6525 	ERROR 	Not enough reversal times allocated, reached 5 reversals at 7.2and still going (only allocated the following:[2.1 3.6 4.3 5.5 7.2] n= 112 current time =1.87 asking for time of next one, will assume no more reversals
340.6687 	ERROR 	Not enough reversal times allocated, reached 5 reversals at 7.2and still going (only allocated the following:[2.1 3.6 4.3 5.5 7.2] n= 113 current time =1.88 asking for time of next one, will assume no more reversals
340.6872 	ERROR 	Not enough reversal times allocated, reached 5 reversals at 7.2and still going (only allocated the following:[2.1 3.6 4.3 5.5 7.2] n= 114 current time =1.9 asking for time of next one, will assume no more reversals
340.7037 	ERROR 	Not enough reversal times allocated, reached 5 reversals at 7.2and still going (only allocated the following:[2.1 3.6 4.3 5.5 7.2] n= 115 current time =1.92 asking for time of next one, will assume no more reversals
340.7214 	ERROR 	Not enough reversal times allocated, reached 5 reversals at 7.2and still going (only allocated the following:[2.1 3.6 4.3 5.5 7.2] n= 116 current time =1.93 asking for time of next one, will assume no more reversals
340.7365 	ERROR 	Not enough reversal times allocated, reached 5 reversals at 7.2and still going (only allocated the following:[2.1 3.6 4.3 5.5 7.2] n= 117 current time =1.95 asking for time of next one, will assume no more reversals
340.7532 	ERROR 	Not enough reversal times allocated, reached 5 reversals at 7.2and still going (only allocated the following:[2.1 3.6 4.3 5.5 7.2] n= 118 current time =1.97 asking for time of next one, will assume no more reversals
340.7703 	ERROR 	Not enough reversal times allocated, reached 5 reversals at 7.2and still going (only allocated the following:[2.1 3.6 4.3 5.5 7.2] n= 119 current time =1.98 asking for time of next one, will assume no more reversals
340.7857 	ERROR 	Not enough reversal times allocated, reached 5 reversals at 7.2and still going (only allocated the following:[2.1 3.6 4.3 5.5 7.2] n= 120 current time =2.0 asking for time of next one, will assume no more reversals
340.8041 	ERROR 	Not enough reversal times allocated, reached 5 reversals at 7.2and still going (only allocated the following:[2.1 3.6 4.3 5.5 7.2] n= 121 current time =2.02 asking for time of next one, will assume no more reversals
340.8210 	ERROR 	Not enough reversal times allocated, reached 5 reversals at 7.2and still going (only allocated the following:[2.1 3.6 4.3 5.5 7.2] n= 122 current time =2.03 asking for time of next one, will assume no more reversals
340.8361 	ERROR 	Not enough reversal times allocated, reached 5 reversals at 7.2and still going (only allocated the following:[2.1 3.6 4.3 5.5 7.2] n= 123 current time =2.05 asking for time of next one, will assume no more reversals
340.8529 	ERROR 	Not enough reversal times allocated, reached 5 reversals at 7.2and still going (only allocated the following:[2.1 3.6 4.3 5.5 7.2] n= 124 current time =2.07 asking for time of next one, will assume no more reversals
340.8697 	ERROR 	Not enough reversal times allocated, reached 5 reversals at 7.2and still going (only allocated the following:[2.1 3.6 4.3 5.5 7.2] n= 125 current time =2.08 asking for time of next one, will assume no more reversals
340.8867 	ERROR 	Not enough reversal times allocated, reached 5 reversals at 7.2and still going (only allocated the following:[2.1 3.6 4.3 5.5 7.2] n= 126 current time =2.1 asking for time of next one, will assume no more reversals
344.2138 	WARNING 	No default speaker specified in Preferences / Hardware, using first speaker found: Speakers (2- Realtek(R) Audio)
344.2302 	INFO 	Created stream for speaker device: Speakers (2- Realtek(R) Audio) (5.0)
344.2314 	EXP 	: sampleRate = 48000
344.2314 	EXP 	: channels = None
344.2317 	EXP 	: sampleRate = 44100
344.2358 	INFO 	Resampled audio from 44100Hz to 48000Hz using method 'default'.
345.6102 	DATA 	Mouse: Left button down, pos=(526,880)
345.7108 	DATA 	Mouse:  Left button up, pos=(526,880)
345.8810 	EXP 	New trial (rep=1, index=5): {'basicShape': 'circle', 'numObjectsInRing': 2, 'speed': [0.02, 0.1], 'initialDirRing0': 1, 'numTargets': 2, 'whichIsTargetEachRing': array([   1.,    1., -999.]), 'ringToQuery': 0}
351.6707 	WARNING 	No default speaker specified in Preferences / Hardware, using first speaker found: Speakers (2- Realtek(R) Audio)
351.6892 	INFO 	Created stream for speaker device: Speakers (2- Realtek(R) Audio) (5.0)
351.6908 	EXP 	: sampleRate = 48000
351.6908 	EXP 	: channels = None
351.6913 	EXP 	: sampleRate = 44100
351.6962 	INFO 	Resampled audio from 44100Hz to 48000Hz using method 'default'.
352.6781 	DATA 	Mouse: Left button down, pos=(272,690)
352.7531 	DATA 	Mouse:  Left button up, pos=(276,687)
352.9470 	EXP 	New trial (rep=1, index=6): {'basicShape': 'circle', 'numObjectsInRing': 4, 'speed': 'staircase', 'initialDirRing0': -1, 'numTargets': 2, 'whichIsTargetEachRing': array([   2.,    1., -999.]), 'ringToQuery': 1}
354.5627 	ERROR 	Not enough reversal times allocated, reached 3 reversals at 4.7and still going (only allocated the following:[2.1 3.1 4.7] n= 14 current time =0.23 asking for time of next one, will assume no more reversals
355.1953 	ERROR 	Not enough reversal times allocated, reached 3 reversals at 4.6and still going (only allocated the following:[1.7 3.4 4.6] n= 52 current time =0.87 asking for time of next one, will assume no more reversals
358.4278 	WARNING 	No default speaker specified in Preferences / Hardware, using first speaker found: Speakers (2- Realtek(R) Audio)
358.4459 	INFO 	Created stream for speaker device: Speakers (2- Realtek(R) Audio) (5.0)
358.4474 	EXP 	: sampleRate = 48000
358.4475 	EXP 	: channels = None
358.4479 	EXP 	: sampleRate = 44100
358.4521 	INFO 	Resampled audio from 44100Hz to 48000Hz using method 'default'.
359.3017 	DATA 	Mouse: Left button down, pos=(716,822)
359.4219 	DATA 	Mouse:  Left button up, pos=(714,821)
359.5709 	EXP 	New trial (rep=1, index=7): {'basicShape': 'circle', 'numObjectsInRing': 4, 'speed': [0.02, 0.1], 'initialDirRing0': -1, 'numTargets': 2, 'whichIsTargetEachRing': array([   2.,    3., -999.]), 'ringToQuery': 1}
365.9328 	WARNING 	No default speaker specified in Preferences / Hardware, using first speaker found: Speakers (2- Realtek(R) Audio)
365.9524 	INFO 	Created stream for speaker device: Speakers (2- Realtek(R) Audio) (5.0)
365.9544 	EXP 	: sampleRate = 48000
365.9545 	EXP 	: channels = None
365.9549 	EXP 	: sampleRate = 44100
365.9591 	INFO 	Resampled audio from 44100Hz to 48000Hz using method 'default'.
366.6906 	DATA 	Mouse: Left button down, pos=(1407,346)
366.7846 	DATA 	Mouse:  Left button up, pos=(1405,346)
366.9575 	EXP 	New trial (rep=1, index=8): {'basicShape': 'circle', 'numObjectsInRing': 2, 'speed': 'staircase', 'initialDirRing0': -1, 'numTargets': 1, 'whichIsTargetEachRing': array([-999.,    0.,    0.]), 'ringToQuery': 2}
368.8037 	ERROR 	Not enough reversal times allocated, reached 4 reversals at 6.7and still going (only allocated the following:[2.5 3.7 5.  6.7] n= 21 current time =0.35 asking for time of next one, will assume no more reversals
368.8209 	ERROR 	Not enough reversal times allocated, reached 4 reversals at 6.7and still going (only allocated the following:[2.5 3.7 5.  6.7] n= 22 current time =0.37 asking for time of next one, will assume no more reversals
368.8370 	ERROR 	Not enough reversal times allocated, reached 4 reversals at 6.7and still going (only allocated the following:[2.5 3.7 5.  6.7] n= 23 current time =0.38 asking for time of next one, will assume no more reversals
368.8538 	ERROR 	Not enough reversal times allocated, reached 4 reversals at 6.7and still going (only allocated the following:[2.5 3.7 5.  6.7] n= 24 current time =0.4 asking for time of next one, will assume no more reversals
368.8705 	ERROR 	Not enough reversal times allocated, reached 4 reversals at 6.7and still going (only allocated the following:[2.5 3.7 5.  6.7] n= 25 current time =0.42 asking for time of next one, will assume no more reversals
368.8871 	ERROR 	Not enough reversal times allocated, reached 4 reversals at 6.7and still going (only allocated the following:[2.5 3.7 5.  6.7] n= 26 current time =0.43 asking for time of next one, will assume no more reversals
368.9036 	ERROR 	Not enough reversal times allocated, reached 4 reversals at 6.7and still going (only allocated the following:[2.5 3.7 5.  6.7] n= 27 current time =0.45 asking for time of next one, will assume no more reversals
368.9210 	ERROR 	Not enough reversal times allocated, reached 4 reversals at 6.7and still going (only allocated the following:[2.5 3.7 5.  6.7] n= 28 current time =0.47 asking for time of next one, will assume no more reversals
368.9374 	ERROR 	Not enough reversal times allocated, reached 4 reversals at 6.7and still going (only allocated the following:[2.5 3.7 5.  6.7] n= 29 current time =0.48 asking for time of next one, will assume no more reversals
368.9547 	ERROR 	Not enough reversal times allocated, reached 4 reversals at 6.7and still going (only allocated the following:[2.5 3.7 5.  6.7] n= 30 current time =0.5 asking for time of next one, will assume no more reversals
368.9712 	ERROR 	Not enough reversal times allocated, reached 4 reversals at 6.7and still going (only allocated the following:[2.5 3.7 5.  6.7] n= 31 current time =0.52 asking for time of next one, will assume no more reversals
368.9872 	ERROR 	Not enough reversal times allocated, reached 4 reversals at 6.7and still going (only allocated the following:[2.5 3.7 5.  6.7] n= 32 current time =0.53 asking for time of next one, will assume no more reversals
369.0047 	ERROR 	Not enough reversal times allocated, reached 4 reversals at 6.7and still going (only allocated the following:[2.5 3.7 5.  6.7] n= 33 current time =0.55 asking for time of next one, will assume no more reversals
369.0212 	ERROR 	Not enough reversal times allocated, reached 4 reversals at 6.7and still going (only allocated the following:[2.5 3.7 5.  6.7] n= 34 current time =0.57 asking for time of next one, will assume no more reversals
369.0373 	ERROR 	Not enough reversal times allocated, reached 4 reversals at 6.7and still going (only allocated the following:[2.5 3.7 5.  6.7] n= 35 current time =0.58 asking for time of next one, will assume no more reversals
369.0544 	ERROR 	Not enough reversal times allocated, reached 4 reversals at 6.7and still going (only allocated the following:[2.5 3.7 5.  6.7] n= 36 current time =0.6 asking for time of next one, will assume no more reversals
369.0708 	ERROR 	Not enough reversal times allocated, reached 4 reversals at 6.7and still going (only allocated the following:[2.5 3.7 5.  6.7] n= 37 current time =0.62 asking for time of next one, will assume no more reversals
369.0876 	ERROR 	Not enough reversal times allocated, reached 4 reversals at 6.7and still going (only allocated the following:[2.5 3.7 5.  6.7] n= 38 current time =0.63 asking for time of next one, will assume no more reversals
373.5203 	WARNING 	No default speaker specified in Preferences / Hardware, using first speaker found: Speakers (2- Realtek(R) Audio)
373.5376 	INFO 	Created stream for speaker device: Speakers (2- Realtek(R) Audio) (5.0)
373.5387 	EXP 	: sampleRate = 48000
373.5388 	EXP 	: channels = None
373.5392 	EXP 	: sampleRate = 44100
373.5462 	INFO 	Resampled audio from 44100Hz to 48000Hz using method 'default'.
375.8607 	DATA 	Mouse: Left button down, pos=(1189,762)
375.9801 	DATA 	Mouse:  Left button up, pos=(1189,762)
376.1302 	EXP 	New trial (rep=1, index=9): {'basicShape': 'circle', 'numObjectsInRing': 2, 'speed': [0.02, 0.1], 'initialDirRing0': -1, 'numTargets': 1, 'whichIsTargetEachRing': array([-999.,    0.,    1.]), 'ringToQuery': 2}
380.9242 	WARNING 	No default speaker specified in Preferences / Hardware, using first speaker found: Speakers (2- Realtek(R) Audio)
380.9447 	INFO 	Created stream for speaker device: Speakers (2- Realtek(R) Audio) (5.0)
380.9468 	EXP 	: sampleRate = 48000
380.9468 	EXP 	: channels = None
380.9476 	EXP 	: sampleRate = 44100
380.9532 	INFO 	Resampled audio from 44100Hz to 48000Hz using method 'default'.
381.7650 	DATA 	Mouse: Left button down, pos=(1266,330)
381.8528 	DATA 	Mouse:  Left button up, pos=(1266,330)
382.0338 	EXP 	New trial (rep=1, index=10): {'basicShape': 'circle', 'numObjectsInRing': 4, 'speed': 'staircase', 'initialDirRing0': -1, 'numTargets': 1, 'whichIsTargetEachRing': array([   3., -999., -999.]), 'ringToQuery': 0}
383.6798 	ERROR 	Not enough reversal times allocated, reached 4 reversals at 5.9and still going (only allocated the following:[2.1 3.5 5.  5.9] n= 10 current time =0.17 asking for time of next one, will assume no more reversals
389.0454 	WARNING 	No default speaker specified in Preferences / Hardware, using first speaker found: Speakers (2- Realtek(R) Audio)
389.0623 	INFO 	Created stream for speaker device: Speakers (2- Realtek(R) Audio) (5.0)
389.0633 	EXP 	: sampleRate = 48000
389.0633 	EXP 	: channels = None
389.0637 	EXP 	: sampleRate = 44100
389.0684 	INFO 	Resampled audio from 44100Hz to 48000Hz using method 'default'.
389.8412 	DATA 	Mouse: Left button down, pos=(1537,818)
389.9434 	DATA 	Mouse:  Left button up, pos=(1539,816)
390.1108 	EXP 	New trial (rep=1, index=11): {'basicShape': 'circle', 'numObjectsInRing': 2, 'speed': [0.02, 0.1], 'initialDirRing0': -1, 'numTargets': 2, 'whichIsTargetEachRing': array([   1.,    1., -999.]), 'ringToQuery': 0}
394.7352 	WARNING 	No default speaker specified in Preferences / Hardware, using first speaker found: Speakers (2- Realtek(R) Audio)
394.7554 	INFO 	Created stream for speaker device: Speakers (2- Realtek(R) Audio) (5.0)
394.7571 	EXP 	: sampleRate = 48000
394.7571 	EXP 	: channels = None
394.7578 	EXP 	: sampleRate = 44100
394.7617 	INFO 	Resampled audio from 44100Hz to 48000Hz using method 'default'.
395.7248 	DATA 	Mouse: Left button down, pos=(574,320)
395.8220 	DATA 	Mouse:  Left button up, pos=(574,320)
395.9934 	EXP 	New trial (rep=1, index=12): {'basicShape': 'circle', 'numObjectsInRing': 2, 'speed': 'staircase', 'initialDirRing0': 1, 'numTargets': 2, 'whichIsTargetEachRing': array([   0.,    1., -999.]), 'ringToQuery': 1}
397.4917 	ERROR 	Not enough reversal times allocated, reached 2 reversals at 4.9and still going (only allocated the following:[3.1 4.9] n= 11 current time =0.18 asking for time of next one, will assume no more reversals
397.6410 	ERROR 	Not enough reversal times allocated, reached 3 reversals at 4.7and still going (only allocated the following:[2.6 3.5 4.7] n= 20 current time =0.33 asking for time of next one, will assume no more reversals
400.7377 	WARNING 	No default speaker specified in Preferences / Hardware, using first speaker found: Speakers (2- Realtek(R) Audio)
400.7560 	INFO 	Created stream for speaker device: Speakers (2- Realtek(R) Audio) (5.0)
400.7570 	EXP 	: sampleRate = 48000
400.7570 	EXP 	: channels = None
400.7573 	EXP 	: sampleRate = 44100
400.7615 	INFO 	Resampled audio from 44100Hz to 48000Hz using method 'default'.
402.0466 	DATA 	Mouse: Left button down, pos=(1225,381)
402.1516 	DATA 	Mouse:  Left button up, pos=(1215,383)
402.3149 	EXP 	New trial (rep=1, index=13): {'basicShape': 'circle', 'numObjectsInRing': 4, 'speed': 'staircase', 'initialDirRing0': -1, 'numTargets': 1, 'whichIsTargetEachRing': array([   2.,    0., -999.]), 'ringToQuery': 0}
406.1788 	ERROR 	Not enough reversal times allocated, reached 4 reversals at 6.0and still going (only allocated the following:[1.7 3.3 4.5 6. ] n= 149 current time =2.48 asking for time of next one, will assume no more reversals
406.1954 	ERROR 	Not enough reversal times allocated, reached 4 reversals at 6.0and still going (only allocated the following:[1.7 3.3 4.5 6. ] n= 150 current time =2.5 asking for time of next one, will assume no more reversals
406.2123 	ERROR 	Not enough reversal times allocated, reached 4 reversals at 6.0and still going (only allocated the following:[1.7 3.3 4.5 6. ] n= 151 current time =2.52 asking for time of next one, will assume no more reversals
406.2289 	ERROR 	Not enough reversal times allocated, reached 4 reversals at 6.0and still going (only allocated the following:[1.7 3.3 4.5 6. ] n= 152 current time =2.53 asking for time of next one, will assume no more reversals
406.2456 	ERROR 	Not enough reversal times allocated, reached 4 reversals at 6.0and still going (only allocated the following:[1.7 3.3 4.5 6. ] n= 153 current time =2.55 asking for time of next one, will assume no more reversals
406.2625 	ERROR 	Not enough reversal times allocated, reached 4 reversals at 6.0and still going (only allocated the following:[1.7 3.3 4.5 6. ] n= 154 current time =2.57 asking for time of next one, will assume no more reversals
406.2796 	ERROR 	Not enough reversal times allocated, reached 4 reversals at 6.0and still going (only allocated the following:[1.7 3.3 4.5 6. ] n= 155 current time =2.58 asking for time of next one, will assume no more reversals
406.2957 	ERROR 	Not enough reversal times allocated, reached 4 reversals at 6.0and still going (only allocated the following:[1.7 3.3 4.5 6. ] n= 156 current time =2.6 asking for time of next one, will assume no more reversals
406.3126 	ERROR 	Not enough reversal times allocated, reached 4 reversals at 6.0and still going (only allocated the following:[1.7 3.3 4.5 6. ] n= 157 current time =2.62 asking for time of next one, will assume no more reversals
406.3291 	ERROR 	Not enough reversal times allocated, reached 4 reversals at 6.0and still going (only allocated the following:[1.7 3.3 4.5 6. ] n= 158 current time =2.63 asking for time of next one, will assume no more reversals
406.3456 	ERROR 	Not enough reversal times allocated, reached 4 reversals at 6.0and still going (only allocated the following:[1.7 3.3 4.5 6. ] n= 159 current time =2.65 asking for time of next one, will assume no more reversals
406.3624 	ERROR 	Not enough reversal times allocated, reached 4 reversals at 6.0and still going (only allocated the following:[1.7 3.3 4.5 6. ] n= 160 current time =2.67 asking for time of next one, will assume no more reversals
406.3790 	ERROR 	Not enough reversal times allocated, reached 4 reversals at 6.0and still going (only allocated the following:[1.7 3.3 4.5 6. ] n= 161 current time =2.68 asking for time of next one, will assume no more reversals
406.3957 	ERROR 	Not enough reversal times allocated, reached 4 reversals at 6.0and still going (only allocated the following:[1.7 3.3 4.5 6. ] n= 162 current time =2.7 asking for time of next one, will assume no more reversals
406.4124 	ERROR 	Not enough reversal times allocated, reached 4 reversals at 6.0and still going (only allocated the following:[1.7 3.3 4.5 6. ] n= 163 current time =2.72 asking for time of next one, will assume no more reversals
406.4315 	ERROR 	Not enough reversal times allocated, reached 4 reversals at 5.3and still going (only allocated the following:[1.9 3.8 4.7 5.3] n= 164 current time =2.73 asking for time of next one, will assume no more reversals
406.4474 	ERROR 	Not enough reversal times allocated, reached 4 reversals at 5.3and still going (only allocated the following:[1.9 3.8 4.7 5.3] n= 165 current time =2.75 asking for time of next one, will assume no more reversals
406.4650 	ERROR 	Not enough reversal times allocated, reached 4 reversals at 5.3and still going (only allocated the following:[1.9 3.8 4.7 5.3] n= 166 current time =2.77 asking for time of next one, will assume no more reversals
406.4808 	ERROR 	Not enough reversal times allocated, reached 4 reversals at 5.3and still going (only allocated the following:[1.9 3.8 4.7 5.3] n= 167 current time =2.78 asking for time of next one, will assume no more reversals
406.4979 	ERROR 	Not enough reversal times allocated, reached 4 reversals at 5.3and still going (only allocated the following:[1.9 3.8 4.7 5.3] n= 168 current time =2.8 asking for time of next one, will assume no more reversals
406.5145 	ERROR 	Not enough reversal times allocated, reached 4 reversals at 5.3and still going (only allocated the following:[1.9 3.8 4.7 5.3] n= 169 current time =2.82 asking for time of next one, will assume no more reversals
406.5316 	ERROR 	Not enough reversal times allocated, reached 4 reversals at 5.3and still going (only allocated the following:[1.9 3.8 4.7 5.3] n= 170 current time =2.83 asking for time of next one, will assume no more reversals
406.5479 	ERROR 	Not enough reversal times allocated, reached 4 reversals at 5.3and still going (only allocated the following:[1.9 3.8 4.7 5.3] n= 171 current time =2.85 asking for time of next one, will assume no more reversals
406.5650 	ERROR 	Not enough reversal times allocated, reached 4 reversals at 5.3and still going (only allocated the following:[1.9 3.8 4.7 5.3] n= 172 current time =2.87 asking for time of next one, will assume no more reversals
406.5809 	ERROR 	Not enough reversal times allocated, reached 4 reversals at 5.3and still going (only allocated the following:[1.9 3.8 4.7 5.3] n= 173 current time =2.88 asking for time of next one, will assume no more reversals
406.5979 	ERROR 	Not enough reversal times allocated, reached 4 reversals at 5.3and still going (only allocated the following:[1.9 3.8 4.7 5.3] n= 174 current time =2.9 asking for time of next one, will assume no more reversals
406.6147 	ERROR 	Not enough reversal times allocated, reached 4 reversals at 5.3and still going (only allocated the following:[1.9 3.8 4.7 5.3] n= 175 current time =2.92 asking for time of next one, will assume no more reversals
406.6321 	ERROR 	Not enough reversal times allocated, reached 4 reversals at 5.3and still going (only allocated the following:[1.9 3.8 4.7 5.3] n= 176 current time =2.93 asking for time of next one, will assume no more reversals
406.6476 	ERROR 	Not enough reversal times allocated, reached 4 reversals at 5.3and still going (only allocated the following:[1.9 3.8 4.7 5.3] n= 177 current time =2.95 asking for time of next one, will assume no more reversals
406.6663 	ERROR 	Not enough reversal times allocated, reached 4 reversals at 5.3and still going (only allocated the following:[1.9 3.8 4.7 5.3] n= 178 current time =2.97 asking for time of next one, will assume no more reversals
408.5978 	WARNING 	No default speaker specified in Preferences / Hardware, using first speaker found: Speakers (2- Realtek(R) Audio)
408.6183 	INFO 	Created stream for speaker device: Speakers (2- Realtek(R) Audio) (5.0)
408.6197 	EXP 	: sampleRate = 48000
408.6198 	EXP 	: channels = None
408.6203 	EXP 	: sampleRate = 44100
408.6282 	INFO 	Resampled audio from 44100Hz to 48000Hz using method 'default'.
409.6197 	DATA 	Mouse: Left button down, pos=(775,399)
409.7447 	DATA 	Mouse:  Left button up, pos=(775,397)
409.8951 	EXP 	New trial (rep=1, index=14): {'basicShape': 'circle', 'numObjectsInRing': 4, 'speed': 'staircase', 'initialDirRing0': -1, 'numTargets': 1, 'whichIsTargetEachRing': array([   2., -999.,    2.]), 'ringToQuery': 0}
411.3124 	ERROR 	Not enough reversal times allocated, reached 3 reversals at 6.8and still going (only allocated the following:[2.9 4.9 6.8] n= 7 current time =0.12 asking for time of next one, will assume no more reversals
416.5164 	WARNING 	No default speaker specified in Preferences / Hardware, using first speaker found: Speakers (2- Realtek(R) Audio)
416.5353 	INFO 	Created stream for speaker device: Speakers (2- Realtek(R) Audio) (5.0)
416.5369 	EXP 	: sampleRate = 48000
416.5369 	EXP 	: channels = None
416.5373 	EXP 	: sampleRate = 44100
416.5423 	INFO 	Resampled audio from 44100Hz to 48000Hz using method 'default'.
417.2582 	DATA 	Mouse: Left button down, pos=(1139,469)
417.3500 	DATA 	Mouse:  Left button up, pos=(1132,467)
417.5261 	EXP 	New trial (rep=1, index=15): {'basicShape': 'circle', 'numObjectsInRing': 4, 'speed': 'staircase', 'initialDirRing0': -1, 'numTargets': 2, 'whichIsTargetEachRing': array([   0.,    1., -999.]), 'ringToQuery': 0}
420.3554 	ERROR 	Not enough reversal times allocated, reached 4 reversals at 5.7and still going (only allocated the following:[1.8 3.3 4.2 5.7] n= 97 current time =1.62 asking for time of next one, will assume no more reversals
422.7709 	WARNING 	No default speaker specified in Preferences / Hardware, using first speaker found: Speakers (2- Realtek(R) Audio)
422.7899 	INFO 	Created stream for speaker device: Speakers (2- Realtek(R) Audio) (5.0)
422.7914 	EXP 	: sampleRate = 48000
422.7914 	EXP 	: channels = None
422.7923 	EXP 	: sampleRate = 44100
422.7958 	INFO 	Resampled audio from 44100Hz to 48000Hz using method 'default'.
423.9298 	DATA 	Mouse: Left button down, pos=(298,709)
424.0327 	DATA 	Mouse:  Left button up, pos=(298,705)
424.1974 	EXP 	New trial (rep=1, index=16): {'basicShape': 'circle', 'numObjectsInRing': 2, 'speed': 'staircase', 'initialDirRing0': -1, 'numTargets': 1, 'whichIsTargetEachRing': array([-999.,    1.,    0.]), 'ringToQuery': 1}
428.4789 	ERROR 	Not enough reversal times allocated, reached 2 reversals at 4.7and still going (only allocated the following:[3.1 4.7] n= 190 current time =3.17 asking for time of next one, will assume no more reversals
428.4947 	ERROR 	Not enough reversal times allocated, reached 3 reversals at 5.1and still going (only allocated the following:[2.  3.3 5.1] n= 191 current time =3.18 asking for time of next one, will assume no more reversals
429.6767 	WARNING 	No default speaker specified in Preferences / Hardware, using first speaker found: Speakers (2- Realtek(R) Audio)
429.6940 	INFO 	Created stream for speaker device: Speakers (2- Realtek(R) Audio) (5.0)
429.6954 	EXP 	: sampleRate = 48000
429.6954 	EXP 	: channels = None
429.6960 	EXP 	: sampleRate = 44100
429.7008 	INFO 	Resampled audio from 44100Hz to 48000Hz using method 'default'.
430.6163 	DATA 	Mouse: Left button down, pos=(1401,330)
430.7135 	DATA 	Mouse:  Left button up, pos=(1384,326)
430.8874 	EXP 	New trial (rep=1, index=17): {'basicShape': 'circle', 'numObjectsInRing': 4, 'speed': 'staircase', 'initialDirRing0': -1, 'numTargets': 2, 'whichIsTargetEachRing': array([   3.,    3., -999.]), 'ringToQuery': 0}
432.3159 	ERROR 	Not enough reversal times allocated, reached 3 reversals at 6.1and still going (only allocated the following:[3.1 4.9 6.1] n= 22 current time =0.37 asking for time of next one, will assume no more reversals
433.9650 	ERROR 	Not enough reversal times allocated, reached 5 reversals at 6.6and still going (only allocated the following:[2.7 3.3 4.  5.  6.6] n= 121 current time =2.02 asking for time of next one, will assume no more reversals
433.9821 	ERROR 	Not enough reversal times allocated, reached 5 reversals at 6.6and still going (only allocated the following:[2.7 3.3 4.  5.  6.6] n= 122 current time =2.03 asking for time of next one, will assume no more reversals
433.9986 	ERROR 	Not enough reversal times allocated, reached 5 reversals at 6.6and still going (only allocated the following:[2.7 3.3 4.  5.  6.6] n= 123 current time =2.05 asking for time of next one, will assume no more reversals
434.0150 	ERROR 	Not enough reversal times allocated, reached 5 reversals at 6.6and still going (only allocated the following:[2.7 3.3 4.  5.  6.6] n= 124 current time =2.07 asking for time of next one, will assume no more reversals
434.0319 	ERROR 	Not enough reversal times allocated, reached 5 reversals at 6.6and still going (only allocated the following:[2.7 3.3 4.  5.  6.6] n= 125 current time =2.08 asking for time of next one, will assume no more reversals
434.0487 	ERROR 	Not enough reversal times allocated, reached 5 reversals at 6.6and still going (only allocated the following:[2.7 3.3 4.  5.  6.6] n= 126 current time =2.1 asking for time of next one, will assume no more reversals
434.0652 	ERROR 	Not enough reversal times allocated, reached 5 reversals at 6.6and still going (only allocated the following:[2.7 3.3 4.  5.  6.6] n= 127 current time =2.12 asking for time of next one, will assume no more reversals
434.0820 	ERROR 	Not enough reversal times allocated, reached 5 reversals at 6.6and still going (only allocated the following:[2.7 3.3 4.  5.  6.6] n= 128 current time =2.13 asking for time of next one, will assume no more reversals
434.0989 	ERROR 	Not enough reversal times allocated, reached 5 reversals at 6.6and still going (only allocated the following:[2.7 3.3 4.  5.  6.6] n= 129 current time =2.15 asking for time of next one, will assume no more reversals
434.1156 	ERROR 	Not enough reversal times allocated, reached 5 reversals at 6.6and still going (only allocated the following:[2.7 3.3 4.  5.  6.6] n= 130 current time =2.17 asking for time of next one, will assume no more reversals
434.1331 	ERROR 	Not enough reversal times allocated, reached 5 reversals at 6.6and still going (only allocated the following:[2.7 3.3 4.  5.  6.6] n= 131 current time =2.18 asking for time of next one, will assume no more reversals
434.1494 	ERROR 	Not enough reversal times allocated, reached 5 reversals at 6.6and still going (only allocated the following:[2.7 3.3 4.  5.  6.6] n= 132 current time =2.2 asking for time of next one, will assume no more reversals
434.1655 	ERROR 	Not enough reversal times allocated, reached 5 reversals at 6.6and still going (only allocated the following:[2.7 3.3 4.  5.  6.6] n= 133 current time =2.22 asking for time of next one, will assume no more reversals
434.1822 	ERROR 	Not enough reversal times allocated, reached 5 reversals at 6.6and still going (only allocated the following:[2.7 3.3 4.  5.  6.6] n= 134 current time =2.23 asking for time of next one, will assume no more reversals
434.1989 	ERROR 	Not enough reversal times allocated, reached 5 reversals at 6.6and still going (only allocated the following:[2.7 3.3 4.  5.  6.6] n= 135 current time =2.25 asking for time of next one, will assume no more reversals
434.2157 	ERROR 	Not enough reversal times allocated, reached 5 reversals at 6.6and still going (only allocated the following:[2.7 3.3 4.  5.  6.6] n= 136 current time =2.27 asking for time of next one, will assume no more reversals
434.2319 	ERROR 	Not enough reversal times allocated, reached 5 reversals at 6.6and still going (only allocated the following:[2.7 3.3 4.  5.  6.6] n= 137 current time =2.28 asking for time of next one, will assume no more reversals
434.2494 	ERROR 	Not enough reversal times allocated, reached 5 reversals at 6.6and still going (only allocated the following:[2.7 3.3 4.  5.  6.6] n= 138 current time =2.3 asking for time of next one, will assume no more reversals
434.2656 	ERROR 	Not enough reversal times allocated, reached 5 reversals at 6.6and still going (only allocated the following:[2.7 3.3 4.  5.  6.6] n= 139 current time =2.32 asking for time of next one, will assume no more reversals
437.3481 	WARNING 	No default speaker specified in Preferences / Hardware, using first speaker found: Speakers (2- Realtek(R) Audio)
437.3670 	INFO 	Created stream for speaker device: Speakers (2- Realtek(R) Audio) (5.0)
437.3701 	EXP 	: sampleRate = 48000
437.3701 	EXP 	: channels = None
437.3708 	EXP 	: sampleRate = 44100
437.3736 	INFO 	Resampled audio from 44100Hz to 48000Hz using method 'default'.
438.2249 	DATA 	Mouse: Left button down, pos=(800,497)
438.3276 	DATA 	Mouse:  Left button up, pos=(801,497)
438.4924 	EXP 	New trial (rep=1, index=18): {'basicShape': 'circle', 'numObjectsInRing': 2, 'speed': 'staircase', 'initialDirRing0': -1, 'numTargets': 2, 'whichIsTargetEachRing': array([   0.,    0., -999.]), 'ringToQuery': 0}
439.9695 	ERROR 	Not enough reversal times allocated, reached 4 reversals at 4.2and still going (only allocated the following:[1.8 2.6 3.6 4.2] n= 14 current time =0.23 asking for time of next one, will assume no more reversals
439.9863 	ERROR 	Not enough reversal times allocated, reached 4 reversals at 4.2and still going (only allocated the following:[1.8 2.6 3.6 4.2] n= 15 current time =0.25 asking for time of next one, will assume no more reversals
440.0026 	ERROR 	Not enough reversal times allocated, reached 4 reversals at 4.2and still going (only allocated the following:[1.8 2.6 3.6 4.2] n= 16 current time =0.27 asking for time of next one, will assume no more reversals
440.0195 	ERROR 	Not enough reversal times allocated, reached 4 reversals at 4.2and still going (only allocated the following:[1.8 2.6 3.6 4.2] n= 17 current time =0.28 asking for time of next one, will assume no more reversals
440.0359 	ERROR 	Not enough reversal times allocated, reached 4 reversals at 4.2and still going (only allocated the following:[1.8 2.6 3.6 4.2] n= 18 current time =0.3 asking for time of next one, will assume no more reversals
440.0527 	ERROR 	Not enough reversal times allocated, reached 4 reversals at 4.2and still going (only allocated the following:[1.8 2.6 3.6 4.2] n= 19 current time =0.32 asking for time of next one, will assume no more reversals
440.0697 	ERROR 	Not enough reversal times allocated, reached 4 reversals at 4.2and still going (only allocated the following:[1.8 2.6 3.6 4.2] n= 20 current time =0.33 asking for time of next one, will assume no more reversals
443.3686 	WARNING 	No default speaker specified in Preferences / Hardware, using first speaker found: Speakers (2- Realtek(R) Audio)
443.3890 	INFO 	Created stream for speaker device: Speakers (2- Realtek(R) Audio) (5.0)
443.3910 	EXP 	: sampleRate = 48000
443.3910 	EXP 	: channels = None
443.3917 	EXP 	: sampleRate = 44100
443.3953 	INFO 	Resampled audio from 44100Hz to 48000Hz using method 'default'.
444.2274 	DATA 	Mouse: Left button down, pos=(660,368)
444.3280 	DATA 	Mouse:  Left button up, pos=(660,367)
444.4956 	EXP 	New trial (rep=1, index=19): {'basicShape': 'circle', 'numObjectsInRing': 2, 'speed': 'staircase', 'initialDirRing0': -1, 'numTargets': 1, 'whichIsTargetEachRing': array([   1., -999.,    1.]), 'ringToQuery': 2}
450.6904 	WARNING 	No default speaker specified in Preferences / Hardware, using first speaker found: Speakers (2- Realtek(R) Audio)
450.7084 	INFO 	Created stream for speaker device: Speakers (2- Realtek(R) Audio) (5.0)
450.7096 	EXP 	: sampleRate = 48000
450.7096 	EXP 	: channels = None
450.7100 	EXP 	: sampleRate = 44100
450.7135 	INFO 	Resampled audio from 44100Hz to 48000Hz using method 'default'.
451.6976 	DATA 	Mouse: Left button down, pos=(733,806)
451.8075 	DATA 	Mouse:  Left button up, pos=(731,810)
451.9677 	EXP 	New trial (rep=1, index=20): {'basicShape': 'circle', 'numObjectsInRing': 2, 'speed': 'staircase', 'initialDirRing0': -1, 'numTargets': 2, 'whichIsTargetEachRing': array([   0.,    0., -999.]), 'ringToQuery': 1}
453.3953 	ERROR 	Not enough reversal times allocated, reached 2 reversals at 3.9and still going (only allocated the following:[1.9 3.9] n= 22 current time =0.37 asking for time of next one, will assume no more reversals
453.3976 	ERROR 	Not enough reversal times allocated, reached 3 reversals at 4.7and still going (only allocated the following:[2.  2.8 4.7] n= 22 current time =0.37 asking for time of next one, will assume no more reversals
454.7171 	ERROR 	Not enough reversal times allocated, reached 2 reversals at 3.7and still going (only allocated the following:[3.1 3.7] n= 101 current time =1.68 asking for time of next one, will assume no more reversals
454.7309 	ERROR 	Not enough reversal times allocated, reached 2 reversals at 3.7and still going (only allocated the following:[3.1 3.7] n= 102 current time =1.7 asking for time of next one, will assume no more reversals
454.7475 	ERROR 	Not enough reversal times allocated, reached 2 reversals at 3.7and still going (only allocated the following:[3.1 3.7] n= 103 current time =1.72 asking for time of next one, will assume no more reversals
454.7646 	ERROR 	Not enough reversal times allocated, reached 2 reversals at 3.7and still going (only allocated the following:[3.1 3.7] n= 104 current time =1.73 asking for time of next one, will assume no more reversals
454.7816 	ERROR 	Not enough reversal times allocated, reached 2 reversals at 3.7and still going (only allocated the following:[3.1 3.7] n= 105 current time =1.75 asking for time of next one, will assume no more reversals
454.7974 	ERROR 	Not enough reversal times allocated, reached 2 reversals at 3.7and still going (only allocated the following:[3.1 3.7] n= 106 current time =1.77 asking for time of next one, will assume no more reversals
454.8144 	ERROR 	Not enough reversal times allocated, reached 2 reversals at 3.7and still going (only allocated the following:[3.1 3.7] n= 107 current time =1.78 asking for time of next one, will assume no more reversals
454.8316 	ERROR 	Not enough reversal times allocated, reached 2 reversals at 3.7and still going (only allocated the following:[3.1 3.7] n= 108 current time =1.8 asking for time of next one, will assume no more reversals
456.3284 	WARNING 	No default speaker specified in Preferences / Hardware, using first speaker found: Speakers (2- Realtek(R) Audio)
456.3472 	INFO 	Created stream for speaker device: Speakers (2- Realtek(R) Audio) (5.0)
456.3487 	EXP 	: sampleRate = 48000
456.3487 	EXP 	: channels = None
456.3494 	EXP 	: sampleRate = 44100
456.3534 	INFO 	Resampled audio from 44100Hz to 48000Hz using method 'default'.
457.1693 	DATA 	Mouse: Left button down, pos=(765,768)
457.2470 	DATA 	Mouse:  Left button up, pos=(765,768)
457.4397 	EXP 	New trial (rep=1, index=21): {'basicShape': 'circle', 'numObjectsInRing': 4, 'speed': 'staircase', 'initialDirRing0': 1, 'numTargets': 1, 'whichIsTargetEachRing': array([-999.,    0., -999.]), 'ringToQuery': 1}
462.2842 	WARNING 	No default speaker specified in Preferences / Hardware, using first speaker found: Speakers (2- Realtek(R) Audio)
462.3058 	INFO 	Created stream for speaker device: Speakers (2- Realtek(R) Audio) (5.0)
462.3069 	EXP 	: sampleRate = 48000
462.3069 	EXP 	: channels = None
462.3073 	EXP 	: sampleRate = 44100
462.3155 	INFO 	Resampled audio from 44100Hz to 48000Hz using method 'default'.
463.1922 	DATA 	Mouse: Left button down, pos=(1220,717)
463.2866 	DATA 	Mouse:  Left button up, pos=(1219,717)
463.4589 	EXP 	New trial (rep=1, index=22): {'basicShape': 'circle', 'numObjectsInRing': 2, 'speed': 'staircase', 'initialDirRing0': 1, 'numTargets': 1, 'whichIsTargetEachRing': array([-999.,    0.,    0.]), 'ringToQuery': 2}
469.2365 	WARNING 	No default speaker specified in Preferences / Hardware, using first speaker found: Speakers (2- Realtek(R) Audio)
469.2550 	INFO 	Created stream for speaker device: Speakers (2- Realtek(R) Audio) (5.0)
469.2575 	EXP 	: sampleRate = 48000
469.2576 	EXP 	: channels = None
469.2580 	EXP 	: sampleRate = 44100
469.2648 	INFO 	Resampled audio from 44100Hz to 48000Hz using method 'default'.
470.8268 	DATA 	Mouse: Left button down, pos=(1216,747)
470.9320 	DATA 	Mouse:  Left button up, pos=(1215,747)
471.0959 	EXP 	New trial (rep=1, index=23): {'basicShape': 'circle', 'numObjectsInRing': 2, 'speed': 'staircase', 'initialDirRing0': 1, 'numTargets': 2, 'whichIsTargetEachRing': array([   0.,    0., -999.]), 'ringToQuery': 0}
474.7622 	ERROR 	Not enough reversal times allocated, reached 3 reversals at 6.9and still going (only allocated the following:[3.2 5.1 6.9] n= 148 current time =2.47 asking for time of next one, will assume no more reversals
476.2613 	ERROR 	Not enough reversal times allocated, reached 4 reversals at 6.2and still going (only allocated the following:[1.8 3.5 5.2 6.2] n= 238 current time =3.97 asking for time of next one, will assume no more reversals
476.2781 	ERROR 	Not enough reversal times allocated, reached 4 reversals at 6.2and still going (only allocated the following:[1.8 3.5 5.2 6.2] n= 239 current time =3.98 asking for time of next one, will assume no more reversals
476.2947 	ERROR 	Not enough reversal times allocated, reached 4 reversals at 6.2and still going (only allocated the following:[1.8 3.5 5.2 6.2] n= 240 current time =4.0 asking for time of next one, will assume no more reversals
476.3115 	ERROR 	Not enough reversal times allocated, reached 4 reversals at 6.2and still going (only allocated the following:[1.8 3.5 5.2 6.2] n= 241 current time =4.02 asking for time of next one, will assume no more reversals
476.3280 	ERROR 	Not enough reversal times allocated, reached 4 reversals at 6.2and still going (only allocated the following:[1.8 3.5 5.2 6.2] n= 242 current time =4.03 asking for time of next one, will assume no more reversals
476.3449 	ERROR 	Not enough reversal times allocated, reached 4 reversals at 6.2and still going (only allocated the following:[1.8 3.5 5.2 6.2] n= 243 current time =4.05 asking for time of next one, will assume no more reversals
476.3613 	ERROR 	Not enough reversal times allocated, reached 4 reversals at 6.2and still going (only allocated the following:[1.8 3.5 5.2 6.2] n= 244 current time =4.07 asking for time of next one, will assume no more reversals
476.3781 	ERROR 	Not enough reversal times allocated, reached 4 reversals at 6.2and still going (only allocated the following:[1.8 3.5 5.2 6.2] n= 245 current time =4.08 asking for time of next one, will assume no more reversals
477.7779 	WARNING 	No default speaker specified in Preferences / Hardware, using first speaker found: Speakers (2- Realtek(R) Audio)
477.8015 	INFO 	Created stream for speaker device: Speakers (2- Realtek(R) Audio) (5.0)
477.8031 	EXP 	: sampleRate = 48000
477.8032 	EXP 	: channels = None
477.8036 	EXP 	: sampleRate = 44100
477.8068 	INFO 	Resampled audio from 44100Hz to 48000Hz using method 'default'.
478.7359 	DATA 	Mouse: Left button down, pos=(559,865)
478.8573 	DATA 	Mouse:  Left button up, pos=(556,866)
479.0039 	EXP 	New trial (rep=1, index=24): {'basicShape': 'circle', 'numObjectsInRing': 2, 'speed': 'staircase', 'initialDirRing0': 1, 'numTargets': 2, 'whichIsTargetEachRing': array([   1.,    1., -999.]), 'ringToQuery': 1}
480.5168 	ERROR 	Not enough reversal times allocated, reached 3 reversals at 5.3and still going (only allocated the following:[2.8 4.4 5.3] n= 14 current time =0.23 asking for time of next one, will assume no more reversals
480.5496 	ERROR 	Not enough reversal times allocated, reached 4 reversals at 5.3and still going (only allocated the following:[3.  4.1 4.8 5.3] n= 16 current time =0.27 asking for time of next one, will assume no more reversals
480.5658 	ERROR 	Not enough reversal times allocated, reached 4 reversals at 5.3and still going (only allocated the following:[3.  4.1 4.8 5.3] n= 17 current time =0.28 asking for time of next one, will assume no more reversals
480.5825 	ERROR 	Not enough reversal times allocated, reached 4 reversals at 5.3and still going (only allocated the following:[3.  4.1 4.8 5.3] n= 18 current time =0.3 asking for time of next one, will assume no more reversals
480.5997 	ERROR 	Not enough reversal times allocated, reached 4 reversals at 5.3and still going (only allocated the following:[3.  4.1 4.8 5.3] n= 19 current time =0.32 asking for time of next one, will assume no more reversals
480.6161 	ERROR 	Not enough reversal times allocated, reached 4 reversals at 5.3and still going (only allocated the following:[3.  4.1 4.8 5.3] n= 20 current time =0.33 asking for time of next one, will assume no more reversals
480.6324 	ERROR 	Not enough reversal times allocated, reached 4 reversals at 5.3and still going (only allocated the following:[3.  4.1 4.8 5.3] n= 21 current time =0.35 asking for time of next one, will assume no more reversals
480.6495 	ERROR 	Not enough reversal times allocated, reached 4 reversals at 5.3and still going (only allocated the following:[3.  4.1 4.8 5.3] n= 22 current time =0.37 asking for time of next one, will assume no more reversals
480.6662 	ERROR 	Not enough reversal times allocated, reached 4 reversals at 5.3and still going (only allocated the following:[3.  4.1 4.8 5.3] n= 23 current time =0.38 asking for time of next one, will assume no more reversals
480.6838 	ERROR 	Not enough reversal times allocated, reached 4 reversals at 5.3and still going (only allocated the following:[3.  4.1 4.8 5.3] n= 24 current time =0.4 asking for time of next one, will assume no more reversals
483.8007 	ERROR 	Not enough reversal times allocated, reached 4 reversals at 5.1and still going (only allocated the following:[1.9 3.1 4.  5.1] n= 211 current time =3.52 asking for time of next one, will assume no more reversals
483.8168 	ERROR 	Not enough reversal times allocated, reached 4 reversals at 5.1and still going (only allocated the following:[1.9 3.1 4.  5.1] n= 212 current time =3.53 asking for time of next one, will assume no more reversals
483.8339 	ERROR 	Not enough reversal times allocated, reached 4 reversals at 5.1and still going (only allocated the following:[1.9 3.1 4.  5.1] n= 213 current time =3.55 asking for time of next one, will assume no more reversals
483.8509 	ERROR 	Not enough reversal times allocated, reached 4 reversals at 5.1and still going (only allocated the following:[1.9 3.1 4.  5.1] n= 214 current time =3.57 asking for time of next one, will assume no more reversals
483.8672 	ERROR 	Not enough reversal times allocated, reached 4 reversals at 5.1and still going (only allocated the following:[1.9 3.1 4.  5.1] n= 215 current time =3.58 asking for time of next one, will assume no more reversals
483.8860 	ERROR 	Not enough reversal times allocated, reached 4 reversals at 5.1and still going (only allocated the following:[1.9 3.1 4.  5.1] n= 216 current time =3.6 asking for time of next one, will assume no more reversals
483.9006 	ERROR 	Not enough reversal times allocated, reached 4 reversals at 5.1and still going (only allocated the following:[1.9 3.1 4.  5.1] n= 217 current time =3.62 asking for time of next one, will assume no more reversals
485.0350 	WARNING 	No default speaker specified in Preferences / Hardware, using first speaker found: Speakers (2- Realtek(R) Audio)
485.0565 	INFO 	Created stream for speaker device: Speakers (2- Realtek(R) Audio) (5.0)
485.0579 	EXP 	: sampleRate = 48000
485.0579 	EXP 	: channels = None
485.0586 	EXP 	: sampleRate = 44100
485.0627 	INFO 	Resampled audio from 44100Hz to 48000Hz using method 'default'.
485.8736 	DATA 	Mouse: Left button down, pos=(1245,375)
485.9917 	DATA 	Mouse:  Left button up, pos=(1245,374)
486.1424 	EXP 	New trial (rep=1, index=25): {'basicShape': 'circle', 'numObjectsInRing': 2, 'speed': 'staircase', 'initialDirRing0': -1, 'numTargets': 2, 'whichIsTargetEachRing': array([   1.,    1., -999.]), 'ringToQuery': 0}
489.8060 	ERROR 	Not enough reversal times allocated, reached 4 reversals at 7.1and still going (only allocated the following:[2.3 4.  5.2 7.1] n= 144 current time =2.4 asking for time of next one, will assume no more reversals
489.8208 	ERROR 	Not enough reversal times allocated, reached 5 reversals at 5.8and still going (only allocated the following:[2.  3.8 4.5 5.1 5.8] n= 145 current time =2.42 asking for time of next one, will assume no more reversals
489.8234 	ERROR 	Not enough reversal times allocated, reached 4 reversals at 7.1and still going (only allocated the following:[2.3 4.  5.2 7.1] n= 145 current time =2.42 asking for time of next one, will assume no more reversals
489.8379 	ERROR 	Not enough reversal times allocated, reached 5 reversals at 5.8and still going (only allocated the following:[2.  3.8 4.5 5.1 5.8] n= 146 current time =2.43 asking for time of next one, will assume no more reversals
489.8413 	ERROR 	Not enough reversal times allocated, reached 4 reversals at 7.1and still going (only allocated the following:[2.3 4.  5.2 7.1] n= 146 current time =2.43 asking for time of next one, will assume no more reversals
489.8544 	ERROR 	Not enough reversal times allocated, reached 5 reversals at 5.8and still going (only allocated the following:[2.  3.8 4.5 5.1 5.8] n= 147 current time =2.45 asking for time of next one, will assume no more reversals
489.8570 	ERROR 	Not enough reversal times allocated, reached 4 reversals at 7.1and still going (only allocated the following:[2.3 4.  5.2 7.1] n= 147 current time =2.45 asking for time of next one, will assume no more reversals
489.8709 	ERROR 	Not enough reversal times allocated, reached 5 reversals at 5.8and still going (only allocated the following:[2.  3.8 4.5 5.1 5.8] n= 148 current time =2.47 asking for time of next one, will assume no more reversals
489.8735 	ERROR 	Not enough reversal times allocated, reached 4 reversals at 7.1and still going (only allocated the following:[2.3 4.  5.2 7.1] n= 148 current time =2.47 asking for time of next one, will assume no more reversals
489.8875 	ERROR 	Not enough reversal times allocated, reached 5 reversals at 5.8and still going (only allocated the following:[2.  3.8 4.5 5.1 5.8] n= 149 current time =2.48 asking for time of next one, will assume no more reversals
489.8901 	ERROR 	Not enough reversal times allocated, reached 4 reversals at 7.1and still going (only allocated the following:[2.3 4.  5.2 7.1] n= 149 current time =2.48 asking for time of next one, will assume no more reversals
489.9042 	ERROR 	Not enough reversal times allocated, reached 5 reversals at 5.8and still going (only allocated the following:[2.  3.8 4.5 5.1 5.8] n= 150 current time =2.5 asking for time of next one, will assume no more reversals
489.9066 	ERROR 	Not enough reversal times allocated, reached 4 reversals at 7.1and still going (only allocated the following:[2.3 4.  5.2 7.1] n= 150 current time =2.5 asking for time of next one, will assume no more reversals
489.9211 	ERROR 	Not enough reversal times allocated, reached 5 reversals at 5.8and still going (only allocated the following:[2.  3.8 4.5 5.1 5.8] n= 151 current time =2.52 asking for time of next one, will assume no more reversals
491.0226 	ERROR 	Not enough reversal times allocated, reached 4 reversals at 6.5and still going (only allocated the following:[2.8 4.3 5.  6.5] n= 217 current time =3.62 asking for time of next one, will assume no more reversals
492.8379 	WARNING 	No default speaker specified in Preferences / Hardware, using first speaker found: Speakers (2- Realtek(R) Audio)
492.8605 	INFO 	Created stream for speaker device: Speakers (2- Realtek(R) Audio) (5.0)
492.8619 	EXP 	: sampleRate = 48000
492.8620 	EXP 	: channels = None
492.8623 	EXP 	: sampleRate = 44100
492.8653 	INFO 	Resampled audio from 44100Hz to 48000Hz using method 'default'.
493.7948 	DATA 	Mouse: Left button down, pos=(806,634)
493.9046 	DATA 	Mouse:  Left button up, pos=(824,627)
494.0633 	EXP 	New trial (rep=1, index=26): {'basicShape': 'circle', 'numObjectsInRing': 4, 'speed': [0.02, 0.1], 'initialDirRing0': -1, 'numTargets': 1, 'whichIsTargetEachRing': array([-999., -999.,    2.]), 'ringToQuery': 2}
499.9090 	WARNING 	No default speaker specified in Preferences / Hardware, using first speaker found: Speakers (2- Realtek(R) Audio)
499.9270 	INFO 	Created stream for speaker device: Speakers (2- Realtek(R) Audio) (5.0)
499.9281 	EXP 	: sampleRate = 48000
499.9281 	EXP 	: channels = None
499.9285 	EXP 	: sampleRate = 44100
499.9393 	INFO 	Resampled audio from 44100Hz to 48000Hz using method 'default'.
500.7517 	DATA 	Mouse: Left button down, pos=(1030,849)
500.8795 	DATA 	Mouse:  Left button up, pos=(1030,849)
501.0190 	EXP 	New trial (rep=1, index=27): {'basicShape': 'circle', 'numObjectsInRing': 2, 'speed': 'staircase', 'initialDirRing0': -1, 'numTargets': 1, 'whichIsTargetEachRing': array([   1., -999.,    0.]), 'ringToQuery': 2}
504.9983 	ERROR 	Not enough reversal times allocated, reached 2 reversals at 4.3and still going (only allocated the following:[3.1 4.3] n= 158 current time =2.63 asking for time of next one, will assume no more reversals
506.3448 	WARNING 	No default speaker specified in Preferences / Hardware, using first speaker found: Speakers (2- Realtek(R) Audio)
506.3629 	INFO 	Created stream for speaker device: Speakers (2- Realtek(R) Audio) (5.0)
506.3642 	EXP 	: sampleRate = 48000
506.3642 	EXP 	: channels = None
506.3646 	EXP 	: sampleRate = 44100
506.3679 	INFO 	Resampled audio from 44100Hz to 48000Hz using method 'default'.
507.1897 	DATA 	Mouse: Left button down, pos=(783,492)
507.2779 	DATA 	Mouse:  Left button up, pos=(782,490)
507.4585 	EXP 	New trial (rep=1, index=28): {'basicShape': 'circle', 'numObjectsInRing': 4, 'speed': 'staircase', 'initialDirRing0': 1, 'numTargets': 2, 'whichIsTargetEachRing': array([   2.,    2., -999.]), 'ringToQuery': 1}
513.9521 	WARNING 	No default speaker specified in Preferences / Hardware, using first speaker found: Speakers (2- Realtek(R) Audio)
513.9723 	INFO 	Created stream for speaker device: Speakers (2- Realtek(R) Audio) (5.0)
513.9738 	EXP 	: sampleRate = 48000
513.9739 	EXP 	: channels = None
513.9742 	EXP 	: sampleRate = 44100
513.9770 	INFO 	Resampled audio from 44100Hz to 48000Hz using method 'default'.
514.9285 	DATA 	Mouse: Left button down, pos=(400,833)
515.0614 	DATA 	Mouse:  Left button up, pos=(402,832)
515.1968 	EXP 	New trial (rep=1, index=29): {'basicShape': 'circle', 'numObjectsInRing': 4, 'speed': 'staircase', 'initialDirRing0': 1, 'numTargets': 2, 'whichIsTargetEachRing': array([   3.,    2., -999.]), 'ringToQuery': 1}
517.1101 	ERROR 	Not enough reversal times allocated, reached 2 reversals at 4.4and still going (only allocated the following:[2.7 4.4] n= 32 current time =0.53 asking for time of next one, will assume no more reversals
517.1258 	ERROR 	Not enough reversal times allocated, reached 2 reversals at 4.4and still going (only allocated the following:[2.9 4.4] n= 33 current time =0.55 asking for time of next one, will assume no more reversals
517.1278 	ERROR 	Not enough reversal times allocated, reached 2 reversals at 4.4and still going (only allocated the following:[2.7 4.4] n= 33 current time =0.55 asking for time of next one, will assume no more reversals
517.1421 	ERROR 	Not enough reversal times allocated, reached 2 reversals at 4.4and still going (only allocated the following:[2.9 4.4] n= 34 current time =0.57 asking for time of next one, will assume no more reversals
517.1442 	ERROR 	Not enough reversal times allocated, reached 2 reversals at 4.4and still going (only allocated the following:[2.7 4.4] n= 34 current time =0.57 asking for time of next one, will assume no more reversals
517.1591 	ERROR 	Not enough reversal times allocated, reached 2 reversals at 4.4and still going (only allocated the following:[2.9 4.4] n= 35 current time =0.58 asking for time of next one, will assume no more reversals
517.1615 	ERROR 	Not enough reversal times allocated, reached 2 reversals at 4.4and still going (only allocated the following:[2.7 4.4] n= 35 current time =0.58 asking for time of next one, will assume no more reversals
517.1763 	ERROR 	Not enough reversal times allocated, reached 2 reversals at 4.4and still going (only allocated the following:[2.9 4.4] n= 36 current time =0.6 asking for time of next one, will assume no more reversals
517.1786 	ERROR 	Not enough reversal times allocated, reached 2 reversals at 4.4and still going (only allocated the following:[2.7 4.4] n= 36 current time =0.6 asking for time of next one, will assume no more reversals
517.1934 	ERROR 	Not enough reversal times allocated, reached 2 reversals at 4.4and still going (only allocated the following:[2.9 4.4] n= 37 current time =0.62 asking for time of next one, will assume no more reversals
517.1954 	ERROR 	Not enough reversal times allocated, reached 2 reversals at 4.4and still going (only allocated the following:[2.7 4.4] n= 37 current time =0.62 asking for time of next one, will assume no more reversals
517.2101 	ERROR 	Not enough reversal times allocated, reached 2 reversals at 4.4and still going (only allocated the following:[2.9 4.4] n= 38 current time =0.63 asking for time of next one, will assume no more reversals
517.2115 	ERROR 	Not enough reversal times allocated, reached 2 reversals at 4.4and still going (only allocated the following:[2.7 4.4] n= 38 current time =0.63 asking for time of next one, will assume no more reversals
517.2263 	ERROR 	Not enough reversal times allocated, reached 2 reversals at 4.4and still going (only allocated the following:[2.9 4.4] n= 39 current time =0.65 asking for time of next one, will assume no more reversals
517.2279 	ERROR 	Not enough reversal times allocated, reached 2 reversals at 4.4and still going (only allocated the following:[2.7 4.4] n= 39 current time =0.65 asking for time of next one, will assume no more reversals
517.2423 	ERROR 	Not enough reversal times allocated, reached 2 reversals at 4.4and still going (only allocated the following:[2.9 4.4] n= 40 current time =0.67 asking for time of next one, will assume no more reversals
517.2444 	ERROR 	Not enough reversal times allocated, reached 2 reversals at 4.4and still going (only allocated the following:[2.7 4.4] n= 40 current time =0.67 asking for time of next one, will assume no more reversals
517.2595 	ERROR 	Not enough reversal times allocated, reached 2 reversals at 4.4and still going (only allocated the following:[2.9 4.4] n= 41 current time =0.68 asking for time of next one, will assume no more reversals
517.2616 	ERROR 	Not enough reversal times allocated, reached 2 reversals at 4.4and still going (only allocated the following:[2.7 4.4] n= 41 current time =0.68 asking for time of next one, will assume no more reversals
517.2759 	ERROR 	Not enough reversal times allocated, reached 2 reversals at 4.4and still going (only allocated the following:[2.9 4.4] n= 42 current time =0.7 asking for time of next one, will assume no more reversals
517.2780 	ERROR 	Not enough reversal times allocated, reached 2 reversals at 4.4and still going (only allocated the following:[2.7 4.4] n= 42 current time =0.7 asking for time of next one, will assume no more reversals
517.2924 	ERROR 	Not enough reversal times allocated, reached 2 reversals at 4.4and still going (only allocated the following:[2.9 4.4] n= 43 current time =0.72 asking for time of next one, will assume no more reversals
517.2948 	ERROR 	Not enough reversal times allocated, reached 2 reversals at 4.4and still going (only allocated the following:[2.7 4.4] n= 43 current time =0.72 asking for time of next one, will assume no more reversals
517.3103 	ERROR 	Not enough reversal times allocated, reached 2 reversals at 4.4and still going (only allocated the following:[2.9 4.4] n= 44 current time =0.73 asking for time of next one, will assume no more reversals
517.3121 	ERROR 	Not enough reversal times allocated, reached 2 reversals at 4.4and still going (only allocated the following:[2.7 4.4] n= 44 current time =0.73 asking for time of next one, will assume no more reversals
517.3271 	ERROR 	Not enough reversal times allocated, reached 2 reversals at 4.4and still going (only allocated the following:[2.9 4.4] n= 45 current time =0.75 asking for time of next one, will assume no more reversals
517.3287 	ERROR 	Not enough reversal times allocated, reached 2 reversals at 4.4and still going (only allocated the following:[2.7 4.4] n= 45 current time =0.75 asking for time of next one, will assume no more reversals
517.3427 	ERROR 	Not enough reversal times allocated, reached 2 reversals at 4.4and still going (only allocated the following:[2.9 4.4] n= 46 current time =0.77 asking for time of next one, will assume no more reversals
517.3444 	ERROR 	Not enough reversal times allocated, reached 2 reversals at 4.4and still going (only allocated the following:[2.7 4.4] n= 46 current time =0.77 asking for time of next one, will assume no more reversals
517.3609 	ERROR 	Not enough reversal times allocated, reached 2 reversals at 4.4and still going (only allocated the following:[2.9 4.4] n= 47 current time =0.78 asking for time of next one, will assume no more reversals
517.3636 	ERROR 	Not enough reversal times allocated, reached 2 reversals at 4.4and still going (only allocated the following:[2.7 4.4] n= 47 current time =0.78 asking for time of next one, will assume no more reversals
517.3764 	ERROR 	Not enough reversal times allocated, reached 2 reversals at 4.4and still going (only allocated the following:[2.9 4.4] n= 48 current time =0.8 asking for time of next one, will assume no more reversals
517.3796 	ERROR 	Not enough reversal times allocated, reached 2 reversals at 4.4and still going (only allocated the following:[2.7 4.4] n= 48 current time =0.8 asking for time of next one, will assume no more reversals
517.3945 	ERROR 	Not enough reversal times allocated, reached 2 reversals at 4.4and still going (only allocated the following:[2.9 4.4] n= 49 current time =0.82 asking for time of next one, will assume no more reversals
520.4579 	WARNING 	No default speaker specified in Preferences / Hardware, using first speaker found: Speakers (2- Realtek(R) Audio)
520.4787 	INFO 	Created stream for speaker device: Speakers (2- Realtek(R) Audio) (5.0)
520.4801 	EXP 	: sampleRate = 48000
520.4802 	EXP 	: channels = None
520.4807 	EXP 	: sampleRate = 44100
520.4842 	INFO 	Resampled audio from 44100Hz to 48000Hz using method 'default'.
521.3482 	DATA 	Mouse: Left button down, pos=(523,859)
521.4560 	DATA 	Mouse:  Left button up, pos=(523,859)
521.6172 	EXP 	New trial (rep=1, index=30): {'basicShape': 'circle', 'numObjectsInRing': 2, 'speed': [0.02, 0.1], 'initialDirRing0': 1, 'numTargets': 1, 'whichIsTargetEachRing': array([-999.,    0.,    1.]), 'ringToQuery': 1}
523.8782 	ERROR 	Not enough reversal times allocated, reached 4 reversals at 5.8and still going (only allocated the following:[2.6 3.9 4.5 5.8] n= 65 current time =1.08 asking for time of next one, will assume no more reversals
527.5964 	WARNING 	No default speaker specified in Preferences / Hardware, using first speaker found: Speakers (2- Realtek(R) Audio)
527.6159 	INFO 	Created stream for speaker device: Speakers (2- Realtek(R) Audio) (5.0)
527.6178 	EXP 	: sampleRate = 48000
527.6179 	EXP 	: channels = None
527.6193 	EXP 	: sampleRate = 44100
527.6230 	INFO 	Resampled audio from 44100Hz to 48000Hz using method 'default'.
528.4701 	DATA 	Mouse: Left button down, pos=(577,880)
528.5885 	DATA 	Mouse:  Left button up, pos=(577,880)
528.7387 	EXP 	New trial (rep=1, index=31): {'basicShape': 'circle', 'numObjectsInRing': 4, 'speed': 'staircase', 'initialDirRing0': 1, 'numTargets': 1, 'whichIsTargetEachRing': array([2., 3., 2.]), 'ringToQuery': 2}
530.7206 	ERROR 	Not enough reversal times allocated, reached 3 reversals at 5.7and still going (only allocated the following:[2.2 3.7 5.7] n= 34 current time =0.57 asking for time of next one, will assume no more reversals
530.7333 	ERROR 	Not enough reversal times allocated, reached 3 reversals at 6.1and still going (only allocated the following:[2.1 4.1 6.1] n= 35 current time =0.58 asking for time of next one, will assume no more reversals
530.7378 	ERROR 	Not enough reversal times allocated, reached 3 reversals at 5.7and still going (only allocated the following:[2.2 3.7 5.7] n= 35 current time =0.58 asking for time of next one, will assume no more reversals
530.7503 	ERROR 	Not enough reversal times allocated, reached 3 reversals at 6.1and still going (only allocated the following:[2.1 4.1 6.1] n= 36 current time =0.6 asking for time of next one, will assume no more reversals
530.7552 	ERROR 	Not enough reversal times allocated, reached 3 reversals at 5.7and still going (only allocated the following:[2.2 3.7 5.7] n= 36 current time =0.6 asking for time of next one, will assume no more reversals
530.7665 	ERROR 	Not enough reversal times allocated, reached 3 reversals at 6.1and still going (only allocated the following:[2.1 4.1 6.1] n= 37 current time =0.62 asking for time of next one, will assume no more reversals
530.7720 	ERROR 	Not enough reversal times allocated, reached 3 reversals at 5.7and still going (only allocated the following:[2.2 3.7 5.7] n= 37 current time =0.62 asking for time of next one, will assume no more reversals
530.7833 	ERROR 	Not enough reversal times allocated, reached 3 reversals at 6.1and still going (only allocated the following:[2.1 4.1 6.1] n= 38 current time =0.63 asking for time of next one, will assume no more reversals
530.7879 	ERROR 	Not enough reversal times allocated, reached 3 reversals at 5.7and still going (only allocated the following:[2.2 3.7 5.7] n= 38 current time =0.63 asking for time of next one, will assume no more reversals
530.7999 	ERROR 	Not enough reversal times allocated, reached 3 reversals at 6.1and still going (only allocated the following:[2.1 4.1 6.1] n= 39 current time =0.65 asking for time of next one, will assume no more reversals
530.8051 	ERROR 	Not enough reversal times allocated, reached 3 reversals at 5.7and still going (only allocated the following:[2.2 3.7 5.7] n= 39 current time =0.65 asking for time of next one, will assume no more reversals
530.8169 	ERROR 	Not enough reversal times allocated, reached 3 reversals at 6.1and still going (only allocated the following:[2.1 4.1 6.1] n= 40 current time =0.67 asking for time of next one, will assume no more reversals
530.8217 	ERROR 	Not enough reversal times allocated, reached 3 reversals at 5.7and still going (only allocated the following:[2.2 3.7 5.7] n= 40 current time =0.67 asking for time of next one, will assume no more reversals
530.8338 	ERROR 	Not enough reversal times allocated, reached 3 reversals at 6.1and still going (only allocated the following:[2.1 4.1 6.1] n= 41 current time =0.68 asking for time of next one, will assume no more reversals
530.8392 	ERROR 	Not enough reversal times allocated, reached 3 reversals at 5.7and still going (only allocated the following:[2.2 3.7 5.7] n= 41 current time =0.68 asking for time of next one, will assume no more reversals
530.8506 	ERROR 	Not enough reversal times allocated, reached 3 reversals at 6.1and still going (only allocated the following:[2.1 4.1 6.1] n= 42 current time =0.7 asking for time of next one, will assume no more reversals
530.8556 	ERROR 	Not enough reversal times allocated, reached 3 reversals at 5.7and still going (only allocated the following:[2.2 3.7 5.7] n= 42 current time =0.7 asking for time of next one, will assume no more reversals
530.8671 	ERROR 	Not enough reversal times allocated, reached 3 reversals at 6.1and still going (only allocated the following:[2.1 4.1 6.1] n= 43 current time =0.72 asking for time of next one, will assume no more reversals
530.8734 	ERROR 	Not enough reversal times allocated, reached 3 reversals at 5.7and still going (only allocated the following:[2.2 3.7 5.7] n= 43 current time =0.72 asking for time of next one, will assume no more reversals
530.8836 	ERROR 	Not enough reversal times allocated, reached 3 reversals at 6.1and still going (only allocated the following:[2.1 4.1 6.1] n= 44 current time =0.73 asking for time of next one, will assume no more reversals
530.8882 	ERROR 	Not enough reversal times allocated, reached 3 reversals at 5.7and still going (only allocated the following:[2.2 3.7 5.7] n= 44 current time =0.73 asking for time of next one, will assume no more reversals
530.9002 	ERROR 	Not enough reversal times allocated, reached 3 reversals at 6.1and still going (only allocated the following:[2.1 4.1 6.1] n= 45 current time =0.75 asking for time of next one, will assume no more reversals
531.1036 	ERROR 	Not enough reversal times allocated, reached 3 reversals at 5.0and still going (only allocated the following:[1.8 3.4 5. ] n= 57 current time =0.95 asking for time of next one, will assume no more reversals
533.9655 	WARNING 	No default speaker specified in Preferences / Hardware, using first speaker found: Speakers (2- Realtek(R) Audio)
533.9843 	INFO 	Created stream for speaker device: Speakers (2- Realtek(R) Audio) (5.0)
533.9859 	EXP 	: sampleRate = 48000
533.9859 	EXP 	: channels = None
533.9865 	EXP 	: sampleRate = 44100
533.9901 	INFO 	Resampled audio from 44100Hz to 48000Hz using method 'default'.
534.9919 	DATA 	Mouse: Left button down, pos=(294,488)
535.1141 	DATA 	Mouse:  Left button up, pos=(294,488)
535.2647 	EXP 	New trial (rep=1, index=32): {'basicShape': 'circle', 'numObjectsInRing': 2, 'speed': 'staircase', 'initialDirRing0': 1, 'numTargets': 1, 'whichIsTargetEachRing': array([-999.,    0.,    1.]), 'ringToQuery': 1}
541.0878 	WARNING 	No default speaker specified in Preferences / Hardware, using first speaker found: Speakers (2- Realtek(R) Audio)
541.1063 	INFO 	Created stream for speaker device: Speakers (2- Realtek(R) Audio) (5.0)
541.1081 	EXP 	: sampleRate = 48000
541.1081 	EXP 	: channels = None
541.1088 	EXP 	: sampleRate = 44100
541.1119 	INFO 	Resampled audio from 44100Hz to 48000Hz using method 'default'.
542.0439 	DATA 	Mouse: Left button down, pos=(457,838)
542.1541 	DATA 	Mouse:  Left button up, pos=(448,842)
542.3142 	EXP 	New trial (rep=1, index=33): {'basicShape': 'circle', 'numObjectsInRing': 4, 'speed': [0.02, 0.1], 'initialDirRing0': 1, 'numTargets': 1, 'whichIsTargetEachRing': array([-999., -999.,    1.]), 'ringToQuery': 2}
547.0576 	WARNING 	No default speaker specified in Preferences / Hardware, using first speaker found: Speakers (2- Realtek(R) Audio)
547.0758 	INFO 	Created stream for speaker device: Speakers (2- Realtek(R) Audio) (5.0)
547.0768 	EXP 	: sampleRate = 48000
547.0769 	EXP 	: channels = None
547.0773 	EXP 	: sampleRate = 44100
547.0808 	INFO 	Resampled audio from 44100Hz to 48000Hz using method 'default'.
548.2440 	DATA 	Mouse: Left button down, pos=(489,869)
548.2596 	DATA 	Mouse:  Left button up, pos=(489,869)
548.5109 	EXP 	New trial (rep=1, index=34): {'basicShape': 'circle', 'numObjectsInRing': 4, 'speed': 'staircase', 'initialDirRing0': 1, 'numTargets': 1, 'whichIsTargetEachRing': array([2., 0., 0.]), 'ringToQuery': 1}
550.0527 	ERROR 	Not enough reversal times allocated, reached 2 reversals at 4.4and still going (only allocated the following:[2.7 4.4] n= 6 current time =0.1 asking for time of next one, will assume no more reversals
550.0542 	ERROR 	Not enough reversal times allocated, reached 3 reversals at 5.0and still going (only allocated the following:[2.1 3.7 5. ] n= 6 current time =0.1 asking for time of next one, will assume no more reversals
553.9482 	WARNING 	No default speaker specified in Preferences / Hardware, using first speaker found: Speakers (2- Realtek(R) Audio)
553.9714 	INFO 	Created stream for speaker device: Speakers (2- Realtek(R) Audio) (5.0)
553.9731 	EXP 	: sampleRate = 48000
553.9731 	EXP 	: channels = None
553.9735 	EXP 	: sampleRate = 44100
553.9781 	INFO 	Resampled audio from 44100Hz to 48000Hz using method 'default'.
554.7721 	DATA 	Mouse: Left button down, pos=(1317,872)
554.8887 	DATA 	Mouse:  Left button up, pos=(1317,872)
555.0384 	EXP 	New trial (rep=1, index=35): {'basicShape': 'circle', 'numObjectsInRing': 4, 'speed': 'staircase', 'initialDirRing0': 1, 'numTargets': 2, 'whichIsTargetEachRing': array([   3.,    2., -999.]), 'ringToQuery': 0}
556.7561 	ERROR 	Not enough reversal times allocated, reached 4 reversals at 6.3and still going (only allocated the following:[2.3 3.5 4.6 6.3] n= 18 current time =0.3 asking for time of next one, will assume no more reversals
556.7692 	ERROR 	Not enough reversal times allocated, reached 4 reversals at 5.8and still going (only allocated the following:[3.1 4.  4.8 5.8] n= 19 current time =0.32 asking for time of next one, will assume no more reversals
557.3715 	ERROR 	Not enough reversal times allocated, reached 3 reversals at 5.6and still going (only allocated the following:[2.8 4.1 5.6] n= 55 current time =0.92 asking for time of next one, will assume no more reversals
557.3895 	ERROR 	Not enough reversal times allocated, reached 3 reversals at 5.6and still going (only allocated the following:[2.8 4.1 5.6] n= 56 current time =0.93 asking for time of next one, will assume no more reversals
557.4059 	ERROR 	Not enough reversal times allocated, reached 3 reversals at 5.6and still going (only allocated the following:[2.8 4.1 5.6] n= 57 current time =0.95 asking for time of next one, will assume no more reversals
557.4220 	ERROR 	Not enough reversal times allocated, reached 3 reversals at 5.6and still going (only allocated the following:[2.8 4.1 5.6] n= 58 current time =0.97 asking for time of next one, will assume no more reversals
557.4388 	ERROR 	Not enough reversal times allocated, reached 3 reversals at 5.6and still going (only allocated the following:[2.8 4.1 5.6] n= 59 current time =0.98 asking for time of next one, will assume no more reversals
557.4549 	ERROR 	Not enough reversal times allocated, reached 3 reversals at 5.6and still going (only allocated the following:[2.8 4.1 5.6] n= 60 current time =1.0 asking for time of next one, will assume no more reversals
557.4711 	ERROR 	Not enough reversal times allocated, reached 3 reversals at 5.6and still going (only allocated the following:[2.8 4.1 5.6] n= 61 current time =1.02 asking for time of next one, will assume no more reversals
557.4875 	ERROR 	Not enough reversal times allocated, reached 3 reversals at 5.6and still going (only allocated the following:[2.8 4.1 5.6] n= 62 current time =1.03 asking for time of next one, will assume no more reversals
557.5058 	ERROR 	Not enough reversal times allocated, reached 3 reversals at 5.6and still going (only allocated the following:[2.8 4.1 5.6] n= 63 current time =1.05 asking for time of next one, will assume no more reversals
557.5213 	ERROR 	Not enough reversal times allocated, reached 3 reversals at 5.6and still going (only allocated the following:[2.8 4.1 5.6] n= 64 current time =1.07 asking for time of next one, will assume no more reversals
557.5388 	ERROR 	Not enough reversal times allocated, reached 3 reversals at 5.6and still going (only allocated the following:[2.8 4.1 5.6] n= 65 current time =1.08 asking for time of next one, will assume no more reversals
557.5554 	ERROR 	Not enough reversal times allocated, reached 3 reversals at 5.6and still going (only allocated the following:[2.8 4.1 5.6] n= 66 current time =1.1 asking for time of next one, will assume no more reversals
557.5734 	ERROR 	Not enough reversal times allocated, reached 3 reversals at 5.6and still going (only allocated the following:[2.8 4.1 5.6] n= 67 current time =1.12 asking for time of next one, will assume no more reversals
557.5896 	ERROR 	Not enough reversal times allocated, reached 3 reversals at 5.6and still going (only allocated the following:[2.8 4.1 5.6] n= 68 current time =1.13 asking for time of next one, will assume no more reversals
557.6054 	ERROR 	Not enough reversal times allocated, reached 3 reversals at 5.6and still going (only allocated the following:[2.8 4.1 5.6] n= 69 current time =1.15 asking for time of next one, will assume no more reversals
561.6177 	WARNING 	No default speaker specified in Preferences / Hardware, using first speaker found: Speakers (2- Realtek(R) Audio)
561.6368 	INFO 	Created stream for speaker device: Speakers (2- Realtek(R) Audio) (5.0)
561.6385 	EXP 	: sampleRate = 48000
561.6385 	EXP 	: channels = None
561.6389 	EXP 	: sampleRate = 44100
561.6431 	INFO 	Resampled audio from 44100Hz to 48000Hz using method 'default'.
562.6274 	DATA 	Mouse: Left button down, pos=(1533,822)
562.7224 	DATA 	Mouse:  Left button up, pos=(1532,821)
562.8975 	EXP 	New trial (rep=1, index=36): {'basicShape': 'circle', 'numObjectsInRing': 4, 'speed': 'staircase', 'initialDirRing0': -1, 'numTargets': 1, 'whichIsTargetEachRing': array([-999.,    0.,    3.]), 'ringToQuery': 1}
564.4921 	ERROR 	Not enough reversal times allocated, reached 3 reversals at 6.4and still going (only allocated the following:[3.1 4.8 6.4] n= 11 current time =0.18 asking for time of next one, will assume no more reversals
564.5068 	ERROR 	Not enough reversal times allocated, reached 3 reversals at 6.4and still going (only allocated the following:[3.2 5.1 6.4] n= 12 current time =0.2 asking for time of next one, will assume no more reversals
564.5100 	ERROR 	Not enough reversal times allocated, reached 3 reversals at 6.4and still going (only allocated the following:[3.1 4.8 6.4] n= 12 current time =0.2 asking for time of next one, will assume no more reversals
564.5237 	ERROR 	Not enough reversal times allocated, reached 3 reversals at 6.4and still going (only allocated the following:[3.2 5.1 6.4] n= 13 current time =0.22 asking for time of next one, will assume no more reversals
564.5262 	ERROR 	Not enough reversal times allocated, reached 3 reversals at 6.4and still going (only allocated the following:[3.1 4.8 6.4] n= 13 current time =0.22 asking for time of next one, will assume no more reversals
564.5403 	ERROR 	Not enough reversal times allocated, reached 3 reversals at 6.4and still going (only allocated the following:[3.2 5.1 6.4] n= 14 current time =0.23 asking for time of next one, will assume no more reversals
564.5436 	ERROR 	Not enough reversal times allocated, reached 3 reversals at 6.4and still going (only allocated the following:[3.1 4.8 6.4] n= 14 current time =0.23 asking for time of next one, will assume no more reversals
564.5569 	ERROR 	Not enough reversal times allocated, reached 3 reversals at 6.4and still going (only allocated the following:[3.2 5.1 6.4] n= 15 current time =0.25 asking for time of next one, will assume no more reversals
564.5601 	ERROR 	Not enough reversal times allocated, reached 3 reversals at 6.4and still going (only allocated the following:[3.1 4.8 6.4] n= 15 current time =0.25 asking for time of next one, will assume no more reversals
564.5739 	ERROR 	Not enough reversal times allocated, reached 3 reversals at 6.4and still going (only allocated the following:[3.2 5.1 6.4] n= 16 current time =0.27 asking for time of next one, will assume no more reversals
564.5775 	ERROR 	Not enough reversal times allocated, reached 3 reversals at 6.4and still going (only allocated the following:[3.1 4.8 6.4] n= 16 current time =0.27 asking for time of next one, will assume no more reversals
564.5905 	ERROR 	Not enough reversal times allocated, reached 3 reversals at 6.4and still going (only allocated the following:[3.2 5.1 6.4] n= 17 current time =0.28 asking for time of next one, will assume no more reversals
564.5939 	ERROR 	Not enough reversal times allocated, reached 3 reversals at 6.4and still going (only allocated the following:[3.1 4.8 6.4] n= 17 current time =0.28 asking for time of next one, will assume no more reversals
564.6070 	ERROR 	Not enough reversal times allocated, reached 3 reversals at 6.4and still going (only allocated the following:[3.2 5.1 6.4] n= 18 current time =0.3 asking for time of next one, will assume no more reversals
564.6095 	ERROR 	Not enough reversal times allocated, reached 3 reversals at 6.4and still going (only allocated the following:[3.1 4.8 6.4] n= 18 current time =0.3 asking for time of next one, will assume no more reversals
564.6235 	ERROR 	Not enough reversal times allocated, reached 3 reversals at 6.4and still going (only allocated the following:[3.2 5.1 6.4] n= 19 current time =0.32 asking for time of next one, will assume no more reversals
564.6262 	ERROR 	Not enough reversal times allocated, reached 3 reversals at 6.4and still going (only allocated the following:[3.1 4.8 6.4] n= 19 current time =0.32 asking for time of next one, will assume no more reversals
564.6401 	ERROR 	Not enough reversal times allocated, reached 3 reversals at 6.4and still going (only allocated the following:[3.2 5.1 6.4] n= 20 current time =0.33 asking for time of next one, will assume no more reversals
564.6426 	ERROR 	Not enough reversal times allocated, reached 3 reversals at 6.4and still going (only allocated the following:[3.1 4.8 6.4] n= 20 current time =0.33 asking for time of next one, will assume no more reversals
564.6569 	ERROR 	Not enough reversal times allocated, reached 3 reversals at 6.4and still going (only allocated the following:[3.2 5.1 6.4] n= 21 current time =0.35 asking for time of next one, will assume no more reversals
564.6601 	ERROR 	Not enough reversal times allocated, reached 3 reversals at 6.4and still going (only allocated the following:[3.1 4.8 6.4] n= 21 current time =0.35 asking for time of next one, will assume no more reversals
564.6738 	ERROR 	Not enough reversal times allocated, reached 3 reversals at 6.4and still going (only allocated the following:[3.2 5.1 6.4] n= 22 current time =0.37 asking for time of next one, will assume no more reversals
564.6765 	ERROR 	Not enough reversal times allocated, reached 3 reversals at 6.4and still going (only allocated the following:[3.1 4.8 6.4] n= 22 current time =0.37 asking for time of next one, will assume no more reversals
564.6902 	ERROR 	Not enough reversal times allocated, reached 3 reversals at 6.4and still going (only allocated the following:[3.2 5.1 6.4] n= 23 current time =0.38 asking for time of next one, will assume no more reversals
564.6924 	ERROR 	Not enough reversal times allocated, reached 3 reversals at 6.4and still going (only allocated the following:[3.1 4.8 6.4] n= 23 current time =0.38 asking for time of next one, will assume no more reversals
564.7069 	ERROR 	Not enough reversal times allocated, reached 3 reversals at 6.4and still going (only allocated the following:[3.2 5.1 6.4] n= 24 current time =0.4 asking for time of next one, will assume no more reversals
569.8764 	WARNING 	No default speaker specified in Preferences / Hardware, using first speaker found: Speakers (2- Realtek(R) Audio)
569.8952 	INFO 	Created stream for speaker device: Speakers (2- Realtek(R) Audio) (5.0)
569.8969 	EXP 	: sampleRate = 48000
569.8970 	EXP 	: channels = None
569.8975 	EXP 	: sampleRate = 44100
569.9034 	INFO 	Resampled audio from 44100Hz to 48000Hz using method 'default'.
570.6320 	DATA 	Mouse: Left button down, pos=(1224,378)
570.7193 	DATA 	Mouse:  Left button up, pos=(1223,376)
570.9027 	EXP 	New trial (rep=1, index=37): {'basicShape': 'circle', 'numObjectsInRing': 2, 'speed': 'staircase', 'initialDirRing0': 1, 'numTargets': 2, 'whichIsTargetEachRing': array([   1.,    1., -999.]), 'ringToQuery': 0}
572.6638 	ERROR 	Not enough reversal times allocated, reached 2 reversals at 4.0and still going (only allocated the following:[2.2 4. ] n= 17 current time =0.28 asking for time of next one, will assume no more reversals
573.6964 	ERROR 	Not enough reversal times allocated, reached 2 reversals at 4.5and still going (only allocated the following:[2.7 4.5] n= 79 current time =1.32 asking for time of next one, will assume no more reversals
573.7134 	ERROR 	Not enough reversal times allocated, reached 2 reversals at 4.5and still going (only allocated the following:[2.7 4.5] n= 80 current time =1.33 asking for time of next one, will assume no more reversals
573.7300 	ERROR 	Not enough reversal times allocated, reached 2 reversals at 4.5and still going (only allocated the following:[2.7 4.5] n= 81 current time =1.35 asking for time of next one, will assume no more reversals
573.7465 	ERROR 	Not enough reversal times allocated, reached 2 reversals at 4.5and still going (only allocated the following:[2.7 4.5] n= 82 current time =1.37 asking for time of next one, will assume no more reversals
573.7635 	ERROR 	Not enough reversal times allocated, reached 2 reversals at 4.5and still going (only allocated the following:[2.7 4.5] n= 83 current time =1.38 asking for time of next one, will assume no more reversals
573.7801 	ERROR 	Not enough reversal times allocated, reached 2 reversals at 4.5and still going (only allocated the following:[2.7 4.5] n= 84 current time =1.4 asking for time of next one, will assume no more reversals
573.7967 	ERROR 	Not enough reversal times allocated, reached 2 reversals at 4.5and still going (only allocated the following:[2.7 4.5] n= 85 current time =1.42 asking for time of next one, will assume no more reversals
573.8132 	ERROR 	Not enough reversal times allocated, reached 2 reversals at 4.5and still going (only allocated the following:[2.7 4.5] n= 86 current time =1.43 asking for time of next one, will assume no more reversals
573.8303 	ERROR 	Not enough reversal times allocated, reached 2 reversals at 4.5and still going (only allocated the following:[2.7 4.5] n= 87 current time =1.45 asking for time of next one, will assume no more reversals
573.8468 	ERROR 	Not enough reversal times allocated, reached 2 reversals at 4.5and still going (only allocated the following:[2.7 4.5] n= 88 current time =1.47 asking for time of next one, will assume no more reversals
573.8634 	ERROR 	Not enough reversal times allocated, reached 2 reversals at 4.5and still going (only allocated the following:[2.7 4.5] n= 89 current time =1.48 asking for time of next one, will assume no more reversals
573.8802 	ERROR 	Not enough reversal times allocated, reached 2 reversals at 4.5and still going (only allocated the following:[2.7 4.5] n= 90 current time =1.5 asking for time of next one, will assume no more reversals
573.8968 	ERROR 	Not enough reversal times allocated, reached 2 reversals at 4.5and still going (only allocated the following:[2.7 4.5] n= 91 current time =1.52 asking for time of next one, will assume no more reversals
573.9135 	ERROR 	Not enough reversal times allocated, reached 2 reversals at 4.5and still going (only allocated the following:[2.7 4.5] n= 92 current time =1.53 asking for time of next one, will assume no more reversals
573.9304 	ERROR 	Not enough reversal times allocated, reached 2 reversals at 4.5and still going (only allocated the following:[2.7 4.5] n= 93 current time =1.55 asking for time of next one, will assume no more reversals
573.9472 	ERROR 	Not enough reversal times allocated, reached 2 reversals at 4.5and still going (only allocated the following:[2.7 4.5] n= 94 current time =1.57 asking for time of next one, will assume no more reversals
573.9635 	ERROR 	Not enough reversal times allocated, reached 2 reversals at 4.5and still going (only allocated the following:[2.7 4.5] n= 95 current time =1.58 asking for time of next one, will assume no more reversals
573.9805 	ERROR 	Not enough reversal times allocated, reached 2 reversals at 4.5and still going (only allocated the following:[2.7 4.5] n= 96 current time =1.6 asking for time of next one, will assume no more reversals
575.7459 	WARNING 	No default speaker specified in Preferences / Hardware, using first speaker found: Speakers (2- Realtek(R) Audio)
575.7630 	INFO 	Created stream for speaker device: Speakers (2- Realtek(R) Audio) (5.0)
575.7649 	EXP 	: sampleRate = 48000
575.7649 	EXP 	: channels = None
575.7654 	EXP 	: sampleRate = 44100
575.7710 	INFO 	Resampled audio from 44100Hz to 48000Hz using method 'default'.
576.7372 	DATA 	Mouse: Left button down, pos=(1650,580)
576.8383 	DATA 	Mouse:  Left button up, pos=(1650,580)
577.0065 	EXP 	New trial (rep=1, index=38): {'basicShape': 'circle', 'numObjectsInRing': 4, 'speed': 'staircase', 'initialDirRing0': 1, 'numTargets': 1, 'whichIsTargetEachRing': array([   3.,    2., -999.]), 'ringToQuery': 0}
578.3933 	ERROR 	Not enough reversal times allocated, reached 6 reversals at 7.3and still going (only allocated the following:[1.9 2.6 3.2 4.1 5.6 7.3] n= 7 current time =0.12 asking for time of next one, will assume no more reversals
583.7159 	WARNING 	No default speaker specified in Preferences / Hardware, using first speaker found: Speakers (2- Realtek(R) Audio)
583.7341 	INFO 	Created stream for speaker device: Speakers (2- Realtek(R) Audio) (5.0)
583.7370 	EXP 	: sampleRate = 48000
583.7370 	EXP 	: channels = None
583.7376 	EXP 	: sampleRate = 44100
583.7423 	INFO 	Resampled audio from 44100Hz to 48000Hz using method 'default'.
584.4927 	DATA 	Mouse: Left button down, pos=(1105,605)
584.5872 	DATA 	Mouse:  Left button up, pos=(1105,603)
584.7594 	EXP 	New trial (rep=1, index=39): {'basicShape': 'circle', 'numObjectsInRing': 4, 'speed': [0.02, 0.1], 'initialDirRing0': 1, 'numTargets': 2, 'whichIsTargetEachRing': array([   2.,    2., -999.]), 'ringToQuery': 1}
588.0436 	ERROR 	Not enough reversal times allocated, reached 2 reversals at 4.1and still going (only allocated the following:[2.5 4.1] n= 105 current time =1.75 asking for time of next one, will assume no more reversals
588.0582 	ERROR 	Not enough reversal times allocated, reached 3 reversals at 5.1and still going (only allocated the following:[2.1 3.4 5.1] n= 106 current time =1.77 asking for time of next one, will assume no more reversals
589.6223 	WARNING 	No default speaker specified in Preferences / Hardware, using first speaker found: Speakers (2- Realtek(R) Audio)
589.6406 	INFO 	Created stream for speaker device: Speakers (2- Realtek(R) Audio) (5.0)
589.6422 	EXP 	: sampleRate = 48000
589.6423 	EXP 	: channels = None
589.6428 	EXP 	: sampleRate = 44100
589.6458 	INFO 	Resampled audio from 44100Hz to 48000Hz using method 'default'.
590.5638 	DATA 	Mouse: Left button down, pos=(547,322)
590.6402 	DATA 	Mouse:  Left button up, pos=(547,322)
590.8337 	EXP 	New trial (rep=2, index=0): {'basicShape': 'circle', 'numObjectsInRing': 2, 'speed': 'staircase', 'initialDirRing0': -1, 'numTargets': 2, 'whichIsTargetEachRing': array([   0.,    0., -999.]), 'ringToQuery': 1}
595.1433 	WARNING 	No default speaker specified in Preferences / Hardware, using first speaker found: Speakers (2- Realtek(R) Audio)
595.1621 	INFO 	Created stream for speaker device: Speakers (2- Realtek(R) Audio) (5.0)
595.1638 	EXP 	: sampleRate = 48000
595.1638 	EXP 	: channels = None
595.1645 	EXP 	: sampleRate = 44100
595.1708 	INFO 	Resampled audio from 44100Hz to 48000Hz using method 'default'.
596.1842 	DATA 	Mouse: Left button down, pos=(1120,493)
596.2909 	DATA 	Mouse:  Left button up, pos=(1120,493)
596.4538 	EXP 	New trial (rep=2, index=1): {'basicShape': 'circle', 'numObjectsInRing': 2, 'speed': 'staircase', 'initialDirRing0': 1, 'numTargets': 2, 'whichIsTargetEachRing': array([   1.,    0., -999.]), 'ringToQuery': 0}
600.5338 	ERROR 	Not enough reversal times allocated, reached 3 reversals at 5.5and still going (only allocated the following:[2.4 4.1 5.5] n= 156 current time =2.6 asking for time of next one, will assume no more reversals
600.5353 	ERROR 	Not enough reversal times allocated, reached 3 reversals at 4.5and still going (only allocated the following:[2.7 3.4 4.5] n= 156 current time =2.6 asking for time of next one, will assume no more reversals
600.8989 	ERROR 	Not enough reversal times allocated, reached 3 reversals at 4.4and still going (only allocated the following:[2.4 3.4 4.4] n= 178 current time =2.97 asking for time of next one, will assume no more reversals
601.9968 	WARNING 	No default speaker specified in Preferences / Hardware, using first speaker found: Speakers (2- Realtek(R) Audio)
602.0136 	INFO 	Created stream for speaker device: Speakers (2- Realtek(R) Audio) (5.0)
602.0147 	EXP 	: sampleRate = 48000
602.0148 	EXP 	: channels = None
602.0151 	EXP 	: sampleRate = 44100
602.0208 	INFO 	Resampled audio from 44100Hz to 48000Hz using method 'default'.
603.0064 	DATA 	Mouse: Left button down, pos=(1543,817)
603.1090 	DATA 	Mouse:  Left button up, pos=(1542,817)
603.2731 	EXP 	New trial (rep=2, index=2): {'basicShape': 'circle', 'numObjectsInRing': 4, 'speed': 'staircase', 'initialDirRing0': -1, 'numTargets': 2, 'whichIsTargetEachRing': array([   1.,    0., -999.]), 'ringToQuery': 0}
605.4067 	ERROR 	Not enough reversal times allocated, reached 4 reversals at 5.8and still going (only allocated the following:[2.3 3.1 3.8 5.8] n= 61 current time =1.02 asking for time of next one, will assume no more reversals
605.4219 	ERROR 	Not enough reversal times allocated, reached 3 reversals at 4.7and still going (only allocated the following:[2.2 3.6 4.7] n= 62 current time =1.03 asking for time of next one, will assume no more reversals
605.4239 	ERROR 	Not enough reversal times allocated, reached 4 reversals at 5.8and still going (only allocated the following:[2.3 3.1 3.8 5.8] n= 62 current time =1.03 asking for time of next one, will assume no more reversals
605.4394 	ERROR 	Not enough reversal times allocated, reached 3 reversals at 4.7and still going (only allocated the following:[2.2 3.6 4.7] n= 63 current time =1.05 asking for time of next one, will assume no more reversals
605.4416 	ERROR 	Not enough reversal times allocated, reached 4 reversals at 5.8and still going (only allocated the following:[2.3 3.1 3.8 5.8] n= 63 current time =1.05 asking for time of next one, will assume no more reversals
605.4563 	ERROR 	Not enough reversal times allocated, reached 3 reversals at 4.7and still going (only allocated the following:[2.2 3.6 4.7] n= 64 current time =1.07 asking for time of next one, will assume no more reversals
605.4584 	ERROR 	Not enough reversal times allocated, reached 4 reversals at 5.8and still going (only allocated the following:[2.3 3.1 3.8 5.8] n= 64 current time =1.07 asking for time of next one, will assume no more reversals
605.4743 	ERROR 	Not enough reversal times allocated, reached 3 reversals at 4.7and still going (only allocated the following:[2.2 3.6 4.7] n= 65 current time =1.08 asking for time of next one, will assume no more reversals
605.4760 	ERROR 	Not enough reversal times allocated, reached 4 reversals at 5.8and still going (only allocated the following:[2.3 3.1 3.8 5.8] n= 65 current time =1.08 asking for time of next one, will assume no more reversals
605.4893 	ERROR 	Not enough reversal times allocated, reached 3 reversals at 4.7and still going (only allocated the following:[2.2 3.6 4.7] n= 66 current time =1.1 asking for time of next one, will assume no more reversals
605.4916 	ERROR 	Not enough reversal times allocated, reached 4 reversals at 5.8and still going (only allocated the following:[2.3 3.1 3.8 5.8] n= 66 current time =1.1 asking for time of next one, will assume no more reversals
605.5060 	ERROR 	Not enough reversal times allocated, reached 3 reversals at 4.7and still going (only allocated the following:[2.2 3.6 4.7] n= 67 current time =1.12 asking for time of next one, will assume no more reversals
605.5085 	ERROR 	Not enough reversal times allocated, reached 4 reversals at 5.8and still going (only allocated the following:[2.3 3.1 3.8 5.8] n= 67 current time =1.12 asking for time of next one, will assume no more reversals
605.5224 	ERROR 	Not enough reversal times allocated, reached 3 reversals at 4.7and still going (only allocated the following:[2.2 3.6 4.7] n= 68 current time =1.13 asking for time of next one, will assume no more reversals
605.5244 	ERROR 	Not enough reversal times allocated, reached 4 reversals at 5.8and still going (only allocated the following:[2.3 3.1 3.8 5.8] n= 68 current time =1.13 asking for time of next one, will assume no more reversals
605.5400 	ERROR 	Not enough reversal times allocated, reached 3 reversals at 4.7and still going (only allocated the following:[2.2 3.6 4.7] n= 69 current time =1.15 asking for time of next one, will assume no more reversals
605.5432 	ERROR 	Not enough reversal times allocated, reached 4 reversals at 5.8and still going (only allocated the following:[2.3 3.1 3.8 5.8] n= 69 current time =1.15 asking for time of next one, will assume no more reversals
605.5561 	ERROR 	Not enough reversal times allocated, reached 3 reversals at 4.7and still going (only allocated the following:[2.2 3.6 4.7] n= 70 current time =1.17 asking for time of next one, will assume no more reversals
605.5591 	ERROR 	Not enough reversal times allocated, reached 4 reversals at 5.8and still going (only allocated the following:[2.3 3.1 3.8 5.8] n= 70 current time =1.17 asking for time of next one, will assume no more reversals
605.5725 	ERROR 	Not enough reversal times allocated, reached 3 reversals at 4.7and still going (only allocated the following:[2.2 3.6 4.7] n= 71 current time =1.18 asking for time of next one, will assume no more reversals
605.5746 	ERROR 	Not enough reversal times allocated, reached 4 reversals at 5.8and still going (only allocated the following:[2.3 3.1 3.8 5.8] n= 71 current time =1.18 asking for time of next one, will assume no more reversals
605.5894 	ERROR 	Not enough reversal times allocated, reached 3 reversals at 4.7and still going (only allocated the following:[2.2 3.6 4.7] n= 72 current time =1.2 asking for time of next one, will assume no more reversals
605.5912 	ERROR 	Not enough reversal times allocated, reached 4 reversals at 5.8and still going (only allocated the following:[2.3 3.1 3.8 5.8] n= 72 current time =1.2 asking for time of next one, will assume no more reversals
605.6066 	ERROR 	Not enough reversal times allocated, reached 3 reversals at 4.7and still going (only allocated the following:[2.2 3.6 4.7] n= 73 current time =1.22 asking for time of next one, will assume no more reversals
605.6083 	ERROR 	Not enough reversal times allocated, reached 4 reversals at 5.8and still going (only allocated the following:[2.3 3.1 3.8 5.8] n= 73 current time =1.22 asking for time of next one, will assume no more reversals
605.6230 	ERROR 	Not enough reversal times allocated, reached 3 reversals at 4.7and still going (only allocated the following:[2.2 3.6 4.7] n= 74 current time =1.23 asking for time of next one, will assume no more reversals
605.6245 	ERROR 	Not enough reversal times allocated, reached 4 reversals at 5.8and still going (only allocated the following:[2.3 3.1 3.8 5.8] n= 74 current time =1.23 asking for time of next one, will assume no more reversals
605.6392 	ERROR 	Not enough reversal times allocated, reached 3 reversals at 4.7and still going (only allocated the following:[2.2 3.6 4.7] n= 75 current time =1.25 asking for time of next one, will assume no more reversals
605.6411 	ERROR 	Not enough reversal times allocated, reached 4 reversals at 5.8and still going (only allocated the following:[2.3 3.1 3.8 5.8] n= 75 current time =1.25 asking for time of next one, will assume no more reversals
605.6551 	ERROR 	Not enough reversal times allocated, reached 3 reversals at 4.7and still going (only allocated the following:[2.2 3.6 4.7] n= 76 current time =1.27 asking for time of next one, will assume no more reversals
605.6577 	ERROR 	Not enough reversal times allocated, reached 4 reversals at 5.8and still going (only allocated the following:[2.3 3.1 3.8 5.8] n= 76 current time =1.27 asking for time of next one, will assume no more reversals
605.6720 	ERROR 	Not enough reversal times allocated, reached 3 reversals at 4.7and still going (only allocated the following:[2.2 3.6 4.7] n= 77 current time =1.28 asking for time of next one, will assume no more reversals
605.6738 	ERROR 	Not enough reversal times allocated, reached 4 reversals at 5.8and still going (only allocated the following:[2.3 3.1 3.8 5.8] n= 77 current time =1.28 asking for time of next one, will assume no more reversals
605.6890 	ERROR 	Not enough reversal times allocated, reached 3 reversals at 4.7and still going (only allocated the following:[2.2 3.6 4.7] n= 78 current time =1.3 asking for time of next one, will assume no more reversals
606.2199 	ERROR 	Not enough reversal times allocated, reached 3 reversals at 4.8and still going (only allocated the following:[2.5 3.8 4.8] n= 110 current time =1.83 asking for time of next one, will assume no more reversals
608.8537 	WARNING 	No default speaker specified in Preferences / Hardware, using first speaker found: Speakers (2- Realtek(R) Audio)
608.8709 	INFO 	Created stream for speaker device: Speakers (2- Realtek(R) Audio) (5.0)
608.8727 	EXP 	: sampleRate = 48000
608.8727 	EXP 	: channels = None
608.8733 	EXP 	: sampleRate = 44100
608.8766 	INFO 	Resampled audio from 44100Hz to 48000Hz using method 'default'.
609.6117 	DATA 	Mouse: Left button down, pos=(541,915)
609.7143 	DATA 	Mouse:  Left button up, pos=(540,899)
609.8820 	EXP 	New trial (rep=2, index=3): {'basicShape': 'circle', 'numObjectsInRing': 4, 'speed': 'staircase', 'initialDirRing0': -1, 'numTargets': 2, 'whichIsTargetEachRing': array([   1.,    2., -999.]), 'ringToQuery': 1}
611.1758 	ERROR 	Not enough reversal times allocated, reached 5 reversals at 6.8and still going (only allocated the following:[2.3 3.5 4.2 5.1 6.8] n= 10 current time =0.17 asking for time of next one, will assume no more reversals
611.1915 	ERROR 	Not enough reversal times allocated, reached 5 reversals at 6.6and still going (only allocated the following:[2.2 3.2 4.1 5.  6.6] n= 11 current time =0.18 asking for time of next one, will assume no more reversals
611.9068 	ERROR 	Not enough reversal times allocated, reached 4 reversals at 6.0and still going (only allocated the following:[3.1 3.7 4.6 6. ] n= 54 current time =0.9 asking for time of next one, will assume no more reversals
616.5099 	WARNING 	No default speaker specified in Preferences / Hardware, using first speaker found: Speakers (2- Realtek(R) Audio)
616.5278 	INFO 	Created stream for speaker device: Speakers (2- Realtek(R) Audio) (5.0)
616.5294 	EXP 	: sampleRate = 48000
616.5294 	EXP 	: channels = None
616.5299 	EXP 	: sampleRate = 44100
616.5334 	INFO 	Resampled audio from 44100Hz to 48000Hz using method 'default'.
617.3163 	DATA 	Mouse: Left button down, pos=(768,452)
617.4275 	DATA 	Mouse:  Left button up, pos=(767,437)
617.5853 	EXP 	New trial (rep=2, index=4): {'basicShape': 'circle', 'numObjectsInRing': 4, 'speed': [0.02, 0.1], 'initialDirRing0': 1, 'numTargets': 1, 'whichIsTargetEachRing': array([   2., -999.,    1.]), 'ringToQuery': 0}
618.8448 	ERROR 	Not enough reversal times allocated, reached 5 reversals at 6.6and still going (only allocated the following:[1.8 2.9 4.4 5.7 6.6] n= 7 current time =0.12 asking for time of next one, will assume no more reversals
624.2680 	WARNING 	No default speaker specified in Preferences / Hardware, using first speaker found: Speakers (2- Realtek(R) Audio)
624.2884 	INFO 	Created stream for speaker device: Speakers (2- Realtek(R) Audio) (5.0)
624.2899 	EXP 	: sampleRate = 48000
624.2899 	EXP 	: channels = None
624.2905 	EXP 	: sampleRate = 44100
624.2935 	INFO 	Resampled audio from 44100Hz to 48000Hz using method 'default'.
624.9407 	DATA 	Mouse: Left button down, pos=(640,345)
625.0245 	DATA 	Mouse:  Left button up, pos=(644,345)
625.2103 	EXP 	New trial (rep=2, index=5): {'basicShape': 'circle', 'numObjectsInRing': 2, 'speed': 'staircase', 'initialDirRing0': -1, 'numTargets': 1, 'whichIsTargetEachRing': array([-999.,    0.,    0.]), 'ringToQuery': 1}
626.7679 	ERROR 	Not enough reversal times allocated, reached 4 reversals at 4.7and still going (only allocated the following:[2.6 3.1 4.  4.7] n= 9 current time =0.15 asking for time of next one, will assume no more reversals
626.7711 	ERROR 	Not enough reversal times allocated, reached 4 reversals at 5.8and still going (only allocated the following:[2.1 3.5 4.1 5.8] n= 9 current time =0.15 asking for time of next one, will assume no more reversals
626.7868 	ERROR 	Not enough reversal times allocated, reached 4 reversals at 5.8and still going (only allocated the following:[2.1 3.5 4.1 5.8] n= 10 current time =0.17 asking for time of next one, will assume no more reversals
626.8037 	ERROR 	Not enough reversal times allocated, reached 4 reversals at 5.8and still going (only allocated the following:[2.1 3.5 4.1 5.8] n= 11 current time =0.18 asking for time of next one, will assume no more reversals
626.8193 	ERROR 	Not enough reversal times allocated, reached 4 reversals at 5.8and still going (only allocated the following:[2.1 3.5 4.1 5.8] n= 12 current time =0.2 asking for time of next one, will assume no more reversals
626.8367 	ERROR 	Not enough reversal times allocated, reached 4 reversals at 5.8and still going (only allocated the following:[2.1 3.5 4.1 5.8] n= 13 current time =0.22 asking for time of next one, will assume no more reversals
626.8519 	ERROR 	Not enough reversal times allocated, reached 4 reversals at 5.8and still going (only allocated the following:[2.1 3.5 4.1 5.8] n= 14 current time =0.23 asking for time of next one, will assume no more reversals
626.8697 	ERROR 	Not enough reversal times allocated, reached 4 reversals at 5.8and still going (only allocated the following:[2.1 3.5 4.1 5.8] n= 15 current time =0.25 asking for time of next one, will assume no more reversals
626.8863 	ERROR 	Not enough reversal times allocated, reached 4 reversals at 5.8and still going (only allocated the following:[2.1 3.5 4.1 5.8] n= 16 current time =0.27 asking for time of next one, will assume no more reversals
629.1885 	ERROR 	Not enough reversal times allocated, reached 3 reversals at 5.5and still going (only allocated the following:[1.8 3.8 5.5] n= 154 current time =2.57 asking for time of next one, will assume no more reversals
629.2045 	ERROR 	Not enough reversal times allocated, reached 3 reversals at 5.5and still going (only allocated the following:[1.8 3.8 5.5] n= 155 current time =2.58 asking for time of next one, will assume no more reversals
629.2242 	ERROR 	Not enough reversal times allocated, reached 3 reversals at 5.5and still going (only allocated the following:[1.8 3.8 5.5] n= 156 current time =2.6 asking for time of next one, will assume no more reversals
629.2379 	ERROR 	Not enough reversal times allocated, reached 3 reversals at 5.5and still going (only allocated the following:[1.8 3.8 5.5] n= 157 current time =2.62 asking for time of next one, will assume no more reversals
629.2554 	ERROR 	Not enough reversal times allocated, reached 3 reversals at 5.5and still going (only allocated the following:[1.8 3.8 5.5] n= 158 current time =2.63 asking for time of next one, will assume no more reversals
629.2716 	ERROR 	Not enough reversal times allocated, reached 3 reversals at 5.5and still going (only allocated the following:[1.8 3.8 5.5] n= 159 current time =2.65 asking for time of next one, will assume no more reversals
629.2892 	ERROR 	Not enough reversal times allocated, reached 3 reversals at 5.5and still going (only allocated the following:[1.8 3.8 5.5] n= 160 current time =2.67 asking for time of next one, will assume no more reversals
629.3062 	ERROR 	Not enough reversal times allocated, reached 3 reversals at 5.5and still going (only allocated the following:[1.8 3.8 5.5] n= 161 current time =2.68 asking for time of next one, will assume no more reversals
630.6848 	WARNING 	No default speaker specified in Preferences / Hardware, using first speaker found: Speakers (2- Realtek(R) Audio)
630.7020 	INFO 	Created stream for speaker device: Speakers (2- Realtek(R) Audio) (5.0)
630.7047 	EXP 	: sampleRate = 48000
630.7047 	EXP 	: channels = None
630.7053 	EXP 	: sampleRate = 44100
630.7103 	INFO 	Resampled audio from 44100Hz to 48000Hz using method 'default'.
631.4082 	DATA 	Mouse: Left button down, pos=(1215,816)
631.5122 	DATA 	Mouse:  Left button up, pos=(1225,830)
631.6773 	EXP 	New trial (rep=2, index=6): {'basicShape': 'circle', 'numObjectsInRing': 2, 'speed': [0.02, 0.1], 'initialDirRing0': -1, 'numTargets': 2, 'whichIsTargetEachRing': array([   0.,    1., -999.]), 'ringToQuery': 0}
638.4557 	WARNING 	No default speaker specified in Preferences / Hardware, using first speaker found: Speakers (2- Realtek(R) Audio)
638.4734 	INFO 	Created stream for speaker device: Speakers (2- Realtek(R) Audio) (5.0)
638.4747 	EXP 	: sampleRate = 48000
638.4747 	EXP 	: channels = None
638.4754 	EXP 	: sampleRate = 44100
638.4804 	INFO 	Resampled audio from 44100Hz to 48000Hz using method 'default'.
639.1800 	DATA 	Mouse: Left button down, pos=(1275,341)
639.2735 	DATA 	Mouse:  Left button up, pos=(1261,341)
639.4470 	EXP 	New trial (rep=2, index=7): {'basicShape': 'circle', 'numObjectsInRing': 2, 'speed': 'staircase', 'initialDirRing0': -1, 'numTargets': 1, 'whichIsTargetEachRing': array([   0., -999.,    0.]), 'ringToQuery': 0}
643.2634 	ERROR 	Not enough reversal times allocated, reached 3 reversals at 4.7and still going (only allocated the following:[2.1 3.8 4.7] n= 141 current time =2.35 asking for time of next one, will assume no more reversals
643.2800 	ERROR 	Not enough reversal times allocated, reached 3 reversals at 4.7and still going (only allocated the following:[2.1 3.8 4.7] n= 142 current time =2.37 asking for time of next one, will assume no more reversals
643.2965 	ERROR 	Not enough reversal times allocated, reached 3 reversals at 4.7and still going (only allocated the following:[2.1 3.8 4.7] n= 143 current time =2.38 asking for time of next one, will assume no more reversals
643.3131 	ERROR 	Not enough reversal times allocated, reached 3 reversals at 4.7and still going (only allocated the following:[2.1 3.8 4.7] n= 144 current time =2.4 asking for time of next one, will assume no more reversals
643.3304 	ERROR 	Not enough reversal times allocated, reached 3 reversals at 4.7and still going (only allocated the following:[2.1 3.8 4.7] n= 145 current time =2.42 asking for time of next one, will assume no more reversals
643.3466 	ERROR 	Not enough reversal times allocated, reached 3 reversals at 4.7and still going (only allocated the following:[2.1 3.8 4.7] n= 146 current time =2.43 asking for time of next one, will assume no more reversals
643.3639 	ERROR 	Not enough reversal times allocated, reached 3 reversals at 4.7and still going (only allocated the following:[2.1 3.8 4.7] n= 147 current time =2.45 asking for time of next one, will assume no more reversals
643.3800 	ERROR 	Not enough reversal times allocated, reached 3 reversals at 4.7and still going (only allocated the following:[2.1 3.8 4.7] n= 148 current time =2.47 asking for time of next one, will assume no more reversals
643.4122 	ERROR 	Not enough reversal times allocated, reached 3 reversals at 5.3and still going (only allocated the following:[2.5 3.6 5.3] n= 150 current time =2.5 asking for time of next one, will assume no more reversals
643.4288 	ERROR 	Not enough reversal times allocated, reached 3 reversals at 5.3and still going (only allocated the following:[2.5 3.6 5.3] n= 151 current time =2.52 asking for time of next one, will assume no more reversals
643.4456 	ERROR 	Not enough reversal times allocated, reached 3 reversals at 5.3and still going (only allocated the following:[2.5 3.6 5.3] n= 152 current time =2.53 asking for time of next one, will assume no more reversals
643.4623 	ERROR 	Not enough reversal times allocated, reached 3 reversals at 5.3and still going (only allocated the following:[2.5 3.6 5.3] n= 153 current time =2.55 asking for time of next one, will assume no more reversals
643.4790 	ERROR 	Not enough reversal times allocated, reached 3 reversals at 5.3and still going (only allocated the following:[2.5 3.6 5.3] n= 154 current time =2.57 asking for time of next one, will assume no more reversals
643.4955 	ERROR 	Not enough reversal times allocated, reached 3 reversals at 5.3and still going (only allocated the following:[2.5 3.6 5.3] n= 155 current time =2.58 asking for time of next one, will assume no more reversals
643.5123 	ERROR 	Not enough reversal times allocated, reached 3 reversals at 5.3and still going (only allocated the following:[2.5 3.6 5.3] n= 156 current time =2.6 asking for time of next one, will assume no more reversals
643.5290 	ERROR 	Not enough reversal times allocated, reached 3 reversals at 5.3and still going (only allocated the following:[2.5 3.6 5.3] n= 157 current time =2.62 asking for time of next one, will assume no more reversals
645.2948 	WARNING 	No default speaker specified in Preferences / Hardware, using first speaker found: Speakers (2- Realtek(R) Audio)
645.3133 	INFO 	Created stream for speaker device: Speakers (2- Realtek(R) Audio) (5.0)
645.3150 	EXP 	: sampleRate = 48000
645.3150 	EXP 	: channels = None
645.3154 	EXP 	: sampleRate = 44100
645.3235 	INFO 	Resampled audio from 44100Hz to 48000Hz using method 'default'.
646.4174 	DATA 	Mouse: Left button down, pos=(762,403)
646.5099 	DATA 	Mouse:  Left button up, pos=(762,400)
646.6886 	EXP 	New trial (rep=2, index=8): {'basicShape': 'circle', 'numObjectsInRing': 2, 'speed': 'staircase', 'initialDirRing0': -1, 'numTargets': 1, 'whichIsTargetEachRing': array([   0., -999.,    1.]), 'ringToQuery': 0}
651.5828 	WARNING 	No default speaker specified in Preferences / Hardware, using first speaker found: Speakers (2- Realtek(R) Audio)
651.6064 	INFO 	Created stream for speaker device: Speakers (2- Realtek(R) Audio) (5.0)
651.6076 	EXP 	: sampleRate = 48000
651.6076 	EXP 	: channels = None
651.6081 	EXP 	: sampleRate = 44100
651.6150 	INFO 	Resampled audio from 44100Hz to 48000Hz using method 'default'.
653.4089 	DATA 	Mouse: Left button down, pos=(1236,504)
653.4676 	DATA 	Mouse:  Left button up, pos=(1230,505)
653.6760 	EXP 	New trial (rep=2, index=9): {'basicShape': 'circle', 'numObjectsInRing': 4, 'speed': [0.02, 0.1], 'initialDirRing0': -1, 'numTargets': 1, 'whichIsTargetEachRing': array([   3., -999.,    1.]), 'ringToQuery': 2}
660.3547 	WARNING 	No default speaker specified in Preferences / Hardware, using first speaker found: Speakers (2- Realtek(R) Audio)
660.3736 	INFO 	Created stream for speaker device: Speakers (2- Realtek(R) Audio) (5.0)
660.3751 	EXP 	: sampleRate = 48000
660.3751 	EXP 	: channels = None
660.3759 	EXP 	: sampleRate = 44100
660.3824 	INFO 	Resampled audio from 44100Hz to 48000Hz using method 'default'.
661.1296 	DATA 	Mouse: Left button down, pos=(993,880)
661.2335 	DATA 	Mouse:  Left button up, pos=(994,880)
661.3973 	EXP 	New trial (rep=2, index=10): {'basicShape': 'circle', 'numObjectsInRing': 2, 'speed': 'staircase', 'initialDirRing0': 1, 'numTargets': 2, 'whichIsTargetEachRing': array([   0.,    1., -999.]), 'ringToQuery': 1}
665.5635 	ERROR 	Not enough reversal times allocated, reached 3 reversals at 5.6and still going (only allocated the following:[2.6 4.4 5.6] n= 177 current time =2.95 asking for time of next one, will assume no more reversals
666.9586 	WARNING 	No default speaker specified in Preferences / Hardware, using first speaker found: Speakers (2- Realtek(R) Audio)
666.9768 	INFO 	Created stream for speaker device: Speakers (2- Realtek(R) Audio) (5.0)
666.9778 	EXP 	: sampleRate = 48000
666.9778 	EXP 	: channels = None
666.9782 	EXP 	: sampleRate = 44100
666.9819 	INFO 	Resampled audio from 44100Hz to 48000Hz using method 'default'.
667.9522 	DATA 	Mouse: Left button down, pos=(717,396)
668.0582 	DATA 	Mouse:  Left button up, pos=(718,395)
668.2192 	EXP 	New trial (rep=2, index=11): {'basicShape': 'circle', 'numObjectsInRing': 2, 'speed': [0.02, 0.1], 'initialDirRing0': -1, 'numTargets': 1, 'whichIsTargetEachRing': array([0., 0., 1.]), 'ringToQuery': 1}
673.1463 	WARNING 	No default speaker specified in Preferences / Hardware, using first speaker found: Speakers (2- Realtek(R) Audio)
673.1642 	INFO 	Created stream for speaker device: Speakers (2- Realtek(R) Audio) (5.0)
673.1653 	EXP 	: sampleRate = 48000
673.1654 	EXP 	: channels = None
673.1657 	EXP 	: sampleRate = 44100
673.1735 	INFO 	Resampled audio from 44100Hz to 48000Hz using method 'default'.
673.7882 	DATA 	Mouse: Left button down, pos=(673,694)
673.8806 	DATA 	Mouse:  Left button up, pos=(673,694)
674.0571 	EXP 	New trial (rep=2, index=12): {'basicShape': 'circle', 'numObjectsInRing': 4, 'speed': 'staircase', 'initialDirRing0': 1, 'numTargets': 1, 'whichIsTargetEachRing': array([0., 3., 2.]), 'ringToQuery': 0}
675.4353 	ERROR 	Not enough reversal times allocated, reached 3 reversals at 5.8and still going (only allocated the following:[3.2 4.2 5.8] n= 13 current time =0.22 asking for time of next one, will assume no more reversals
676.0874 	ERROR 	Not enough reversal times allocated, reached 3 reversals at 4.5and still going (only allocated the following:[1.9 3.6 4.5] n= 52 current time =0.87 asking for time of next one, will assume no more reversals
679.3176 	WARNING 	No default speaker specified in Preferences / Hardware, using first speaker found: Speakers (2- Realtek(R) Audio)
679.3375 	INFO 	Created stream for speaker device: Speakers (2- Realtek(R) Audio) (5.0)
679.3392 	EXP 	: sampleRate = 48000
679.3392 	EXP 	: channels = None
679.3398 	EXP 	: sampleRate = 44100
679.3440 	INFO 	Resampled audio from 44100Hz to 48000Hz using method 'default'.
680.0446 	DATA 	Mouse: Left button down, pos=(1119,495)
680.1211 	DATA 	Mouse:  Left button up, pos=(1114,499)
680.3142 	EXP 	New trial (rep=2, index=13): {'basicShape': 'circle', 'numObjectsInRing': 4, 'speed': 'staircase', 'initialDirRing0': 1, 'numTargets': 2, 'whichIsTargetEachRing': array([   0.,    0., -999.]), 'ringToQuery': 0}
681.9912 	ERROR 	Not enough reversal times allocated, reached 4 reversals at 6.4and still going (only allocated the following:[3.  3.9 5.3 6.4] n= 15 current time =0.25 asking for time of next one, will assume no more reversals
682.0060 	ERROR 	Not enough reversal times allocated, reached 5 reversals at 6.1and still going (only allocated the following:[1.7 2.3 3.3 4.3 6.1] n= 16 current time =0.27 asking for time of next one, will assume no more reversals
682.0228 	ERROR 	Not enough reversal times allocated, reached 5 reversals at 6.1and still going (only allocated the following:[1.7 2.3 3.3 4.3 6.1] n= 17 current time =0.28 asking for time of next one, will assume no more reversals
682.0398 	ERROR 	Not enough reversal times allocated, reached 5 reversals at 6.1and still going (only allocated the following:[1.7 2.3 3.3 4.3 6.1] n= 18 current time =0.3 asking for time of next one, will assume no more reversals
682.0562 	ERROR 	Not enough reversal times allocated, reached 5 reversals at 6.1and still going (only allocated the following:[1.7 2.3 3.3 4.3 6.1] n= 19 current time =0.32 asking for time of next one, will assume no more reversals
682.0729 	ERROR 	Not enough reversal times allocated, reached 5 reversals at 6.1and still going (only allocated the following:[1.7 2.3 3.3 4.3 6.1] n= 20 current time =0.33 asking for time of next one, will assume no more reversals
682.0897 	ERROR 	Not enough reversal times allocated, reached 5 reversals at 6.1and still going (only allocated the following:[1.7 2.3 3.3 4.3 6.1] n= 21 current time =0.35 asking for time of next one, will assume no more reversals
682.1061 	ERROR 	Not enough reversal times allocated, reached 5 reversals at 6.1and still going (only allocated the following:[1.7 2.3 3.3 4.3 6.1] n= 22 current time =0.37 asking for time of next one, will assume no more reversals
682.1228 	ERROR 	Not enough reversal times allocated, reached 5 reversals at 6.1and still going (only allocated the following:[1.7 2.3 3.3 4.3 6.1] n= 23 current time =0.38 asking for time of next one, will assume no more reversals
682.1394 	ERROR 	Not enough reversal times allocated, reached 5 reversals at 6.1and still going (only allocated the following:[1.7 2.3 3.3 4.3 6.1] n= 24 current time =0.4 asking for time of next one, will assume no more reversals
682.1562 	ERROR 	Not enough reversal times allocated, reached 5 reversals at 6.1and still going (only allocated the following:[1.7 2.3 3.3 4.3 6.1] n= 25 current time =0.42 asking for time of next one, will assume no more reversals
682.1729 	ERROR 	Not enough reversal times allocated, reached 5 reversals at 6.1and still going (only allocated the following:[1.7 2.3 3.3 4.3 6.1] n= 26 current time =0.43 asking for time of next one, will assume no more reversals
682.1896 	ERROR 	Not enough reversal times allocated, reached 5 reversals at 6.1and still going (only allocated the following:[1.7 2.3 3.3 4.3 6.1] n= 27 current time =0.45 asking for time of next one, will assume no more reversals
686.9584 	WARNING 	No default speaker specified in Preferences / Hardware, using first speaker found: Speakers (2- Realtek(R) Audio)
686.9794 	INFO 	Created stream for speaker device: Speakers (2- Realtek(R) Audio) (5.0)
686.9808 	EXP 	: sampleRate = 48000
686.9809 	EXP 	: channels = None
686.9813 	EXP 	: sampleRate = 44100
686.9855 	INFO 	Resampled audio from 44100Hz to 48000Hz using method 'default'.
687.9504 	DATA 	Mouse: Left button down, pos=(1136,445)
688.0662 	DATA 	Mouse:  Left button up, pos=(1134,463)
688.4673 	DATA 	Mouse: Left button down, pos=(1115,457)
688.5862 	DATA 	Mouse:  Left button up, pos=(1115,457)
688.8991 	DATA 	Mouse: Left button down, pos=(1110,493)
689.0035 	DATA 	Mouse:  Left button up, pos=(1109,490)
689.1656 	EXP 	New trial (rep=2, index=14): {'basicShape': 'circle', 'numObjectsInRing': 2, 'speed': 'staircase', 'initialDirRing0': 1, 'numTargets': 2, 'whichIsTargetEachRing': array([   0.,    1., -999.]), 'ringToQuery': 1}
690.6306 	ERROR 	Not enough reversal times allocated, reached 2 reversals at 4.5and still going (only allocated the following:[3.1 4.5] n= 20 current time =0.33 asking for time of next one, will assume no more reversals
690.6470 	ERROR 	Not enough reversal times allocated, reached 2 reversals at 4.5and still going (only allocated the following:[3.1 4.5] n= 21 current time =0.35 asking for time of next one, will assume no more reversals
690.6640 	ERROR 	Not enough reversal times allocated, reached 2 reversals at 4.5and still going (only allocated the following:[3.1 4.5] n= 22 current time =0.37 asking for time of next one, will assume no more reversals
690.6804 	ERROR 	Not enough reversal times allocated, reached 2 reversals at 4.5and still going (only allocated the following:[3.1 4.5] n= 23 current time =0.38 asking for time of next one, will assume no more reversals
690.6973 	ERROR 	Not enough reversal times allocated, reached 2 reversals at 4.5and still going (only allocated the following:[3.1 4.5] n= 24 current time =0.4 asking for time of next one, will assume no more reversals
690.7143 	ERROR 	Not enough reversal times allocated, reached 2 reversals at 4.5and still going (only allocated the following:[3.1 4.5] n= 25 current time =0.42 asking for time of next one, will assume no more reversals
690.7315 	ERROR 	Not enough reversal times allocated, reached 2 reversals at 4.5and still going (only allocated the following:[3.1 4.5] n= 26 current time =0.43 asking for time of next one, will assume no more reversals
690.7477 	ERROR 	Not enough reversal times allocated, reached 2 reversals at 4.5and still going (only allocated the following:[3.1 4.5] n= 27 current time =0.45 asking for time of next one, will assume no more reversals
690.7638 	ERROR 	Not enough reversal times allocated, reached 2 reversals at 4.5and still going (only allocated the following:[3.1 4.5] n= 28 current time =0.47 asking for time of next one, will assume no more reversals
694.2321 	WARNING 	No default speaker specified in Preferences / Hardware, using first speaker found: Speakers (2- Realtek(R) Audio)
694.2526 	INFO 	Created stream for speaker device: Speakers (2- Realtek(R) Audio) (5.0)
694.2542 	EXP 	: sampleRate = 48000
694.2542 	EXP 	: channels = None
694.2547 	EXP 	: sampleRate = 44100
694.2593 	INFO 	Resampled audio from 44100Hz to 48000Hz using method 'default'.
695.2540 	DATA 	Mouse: Left button down, pos=(1617,436)
695.3403 	DATA 	Mouse:  Left button up, pos=(1609,434)
695.5218 	EXP 	New trial (rep=2, index=15): {'basicShape': 'circle', 'numObjectsInRing': 4, 'speed': 'staircase', 'initialDirRing0': -1, 'numTargets': 2, 'whichIsTargetEachRing': array([   1.,    1., -999.]), 'ringToQuery': 0}
697.0999 	ERROR 	Not enough reversal times allocated, reached 2 reversals at 4.4and still going (only allocated the following:[3.1 4.4] n= 24 current time =0.4 asking for time of next one, will assume no more reversals
697.1166 	ERROR 	Not enough reversal times allocated, reached 2 reversals at 4.4and still going (only allocated the following:[3.1 4.4] n= 25 current time =0.42 asking for time of next one, will assume no more reversals
697.1338 	ERROR 	Not enough reversal times allocated, reached 2 reversals at 4.4and still going (only allocated the following:[3.1 4.4] n= 26 current time =0.43 asking for time of next one, will assume no more reversals
697.1502 	ERROR 	Not enough reversal times allocated, reached 2 reversals at 4.4and still going (only allocated the following:[3.1 4.4] n= 27 current time =0.45 asking for time of next one, will assume no more reversals
697.1666 	ERROR 	Not enough reversal times allocated, reached 2 reversals at 4.4and still going (only allocated the following:[3.1 4.4] n= 28 current time =0.47 asking for time of next one, will assume no more reversals
697.1835 	ERROR 	Not enough reversal times allocated, reached 2 reversals at 4.4and still going (only allocated the following:[3.1 4.4] n= 29 current time =0.48 asking for time of next one, will assume no more reversals
697.2003 	ERROR 	Not enough reversal times allocated, reached 2 reversals at 4.4and still going (only allocated the following:[3.1 4.4] n= 30 current time =0.5 asking for time of next one, will assume no more reversals
697.2169 	ERROR 	Not enough reversal times allocated, reached 2 reversals at 4.4and still going (only allocated the following:[3.1 4.4] n= 31 current time =0.52 asking for time of next one, will assume no more reversals
697.2334 	ERROR 	Not enough reversal times allocated, reached 2 reversals at 4.4and still going (only allocated the following:[3.1 4.4] n= 32 current time =0.53 asking for time of next one, will assume no more reversals
697.2501 	ERROR 	Not enough reversal times allocated, reached 2 reversals at 4.4and still going (only allocated the following:[3.1 4.4] n= 33 current time =0.55 asking for time of next one, will assume no more reversals
697.2667 	ERROR 	Not enough reversal times allocated, reached 2 reversals at 4.4and still going (only allocated the following:[3.1 4.4] n= 34 current time =0.57 asking for time of next one, will assume no more reversals
697.2835 	ERROR 	Not enough reversal times allocated, reached 2 reversals at 4.4and still going (only allocated the following:[3.1 4.4] n= 35 current time =0.58 asking for time of next one, will assume no more reversals
697.3000 	ERROR 	Not enough reversal times allocated, reached 2 reversals at 4.4and still going (only allocated the following:[3.1 4.4] n= 36 current time =0.6 asking for time of next one, will assume no more reversals
697.3168 	ERROR 	Not enough reversal times allocated, reached 2 reversals at 4.4and still going (only allocated the following:[3.1 4.4] n= 37 current time =0.62 asking for time of next one, will assume no more reversals
697.3334 	ERROR 	Not enough reversal times allocated, reached 2 reversals at 4.4and still going (only allocated the following:[3.1 4.4] n= 38 current time =0.63 asking for time of next one, will assume no more reversals
697.3501 	ERROR 	Not enough reversal times allocated, reached 2 reversals at 4.4and still going (only allocated the following:[3.1 4.4] n= 39 current time =0.65 asking for time of next one, will assume no more reversals
697.3552 	ERROR 	Not enough reversal times allocated, reached 3 reversals at 5.1and still going (only allocated the following:[2.2 3.4 5.1] n= 39 current time =0.65 asking for time of next one, will assume no more reversals
697.3713 	ERROR 	Not enough reversal times allocated, reached 3 reversals at 5.1and still going (only allocated the following:[2.2 3.4 5.1] n= 40 current time =0.67 asking for time of next one, will assume no more reversals
697.3871 	ERROR 	Not enough reversal times allocated, reached 3 reversals at 5.1and still going (only allocated the following:[2.2 3.4 5.1] n= 41 current time =0.68 asking for time of next one, will assume no more reversals
697.4054 	ERROR 	Not enough reversal times allocated, reached 3 reversals at 5.1and still going (only allocated the following:[2.2 3.4 5.1] n= 42 current time =0.7 asking for time of next one, will assume no more reversals
697.4216 	ERROR 	Not enough reversal times allocated, reached 3 reversals at 5.1and still going (only allocated the following:[2.2 3.4 5.1] n= 43 current time =0.72 asking for time of next one, will assume no more reversals
697.4395 	ERROR 	Not enough reversal times allocated, reached 3 reversals at 5.1and still going (only allocated the following:[2.2 3.4 5.1] n= 44 current time =0.73 asking for time of next one, will assume no more reversals
697.4549 	ERROR 	Not enough reversal times allocated, reached 3 reversals at 5.1and still going (only allocated the following:[2.2 3.4 5.1] n= 45 current time =0.75 asking for time of next one, will assume no more reversals
697.4716 	ERROR 	Not enough reversal times allocated, reached 3 reversals at 5.1and still going (only allocated the following:[2.2 3.4 5.1] n= 46 current time =0.77 asking for time of next one, will assume no more reversals
697.4874 	ERROR 	Not enough reversal times allocated, reached 3 reversals at 5.1and still going (only allocated the following:[2.2 3.4 5.1] n= 47 current time =0.78 asking for time of next one, will assume no more reversals
697.5046 	ERROR 	Not enough reversal times allocated, reached 3 reversals at 5.1and still going (only allocated the following:[2.2 3.4 5.1] n= 48 current time =0.8 asking for time of next one, will assume no more reversals
697.5228 	ERROR 	Not enough reversal times allocated, reached 3 reversals at 5.1and still going (only allocated the following:[2.2 3.4 5.1] n= 49 current time =0.82 asking for time of next one, will assume no more reversals
697.5389 	ERROR 	Not enough reversal times allocated, reached 3 reversals at 5.1and still going (only allocated the following:[2.2 3.4 5.1] n= 50 current time =0.83 asking for time of next one, will assume no more reversals
697.5563 	ERROR 	Not enough reversal times allocated, reached 3 reversals at 5.1and still going (only allocated the following:[2.2 3.4 5.1] n= 51 current time =0.85 asking for time of next one, will assume no more reversals
697.5732 	ERROR 	Not enough reversal times allocated, reached 3 reversals at 5.1and still going (only allocated the following:[2.2 3.4 5.1] n= 52 current time =0.87 asking for time of next one, will assume no more reversals
697.6055 	ERROR 	Not enough reversal times allocated, reached 2 reversals at 4.9and still going (only allocated the following:[3.2 4.9] n= 54 current time =0.9 asking for time of next one, will assume no more reversals
700.2983 	WARNING 	No default speaker specified in Preferences / Hardware, using first speaker found: Speakers (2- Realtek(R) Audio)
700.3162 	INFO 	Created stream for speaker device: Speakers (2- Realtek(R) Audio) (5.0)
700.3178 	EXP 	: sampleRate = 48000
700.3178 	EXP 	: channels = None
700.3189 	EXP 	: sampleRate = 44100
700.3237 	INFO 	Resampled audio from 44100Hz to 48000Hz using method 'default'.
701.2935 	DATA 	Mouse: Left button down, pos=(401,818)
701.4040 	DATA 	Mouse:  Left button up, pos=(358,792)
701.5633 	EXP 	New trial (rep=2, index=16): {'basicShape': 'circle', 'numObjectsInRing': 4, 'speed': 'staircase', 'initialDirRing0': 1, 'numTargets': 1, 'whichIsTargetEachRing': array([2., 0., 0.]), 'ringToQuery': 1}
702.9263 	ERROR 	Not enough reversal times allocated, reached 3 reversals at 4.6and still going (only allocated the following:[2.3 4.  4.6] n= 6 current time =0.1 asking for time of next one, will assume no more reversals
702.9289 	ERROR 	Not enough reversal times allocated, reached 3 reversals at 4.5and still going (only allocated the following:[3.  3.7 4.5] n= 6 current time =0.1 asking for time of next one, will assume no more reversals
706.7373 	WARNING 	No default speaker specified in Preferences / Hardware, using first speaker found: Speakers (2- Realtek(R) Audio)
706.7590 	INFO 	Created stream for speaker device: Speakers (2- Realtek(R) Audio) (5.0)
706.7606 	EXP 	: sampleRate = 48000
706.7606 	EXP 	: channels = None
706.7613 	EXP 	: sampleRate = 44100
706.7696 	INFO 	Resampled audio from 44100Hz to 48000Hz using method 'default'.
707.9967 	DATA 	Mouse: Left button down, pos=(1215,461)
708.0734 	DATA 	Mouse:  Left button up, pos=(1214,467)
708.2641 	EXP 	New trial (rep=2, index=17): {'basicShape': 'circle', 'numObjectsInRing': 4, 'speed': 'staircase', 'initialDirRing0': 1, 'numTargets': 2, 'whichIsTargetEachRing': array([   1.,    0., -999.]), 'ringToQuery': 1}
710.0760 	ERROR 	Not enough reversal times allocated, reached 3 reversals at 6.1and still going (only allocated the following:[3.  4.9 6.1] n= 19 current time =0.32 asking for time of next one, will assume no more reversals
710.0924 	ERROR 	Not enough reversal times allocated, reached 3 reversals at 6.1and still going (only allocated the following:[3.  4.9 6.1] n= 20 current time =0.33 asking for time of next one, will assume no more reversals
710.1091 	ERROR 	Not enough reversal times allocated, reached 3 reversals at 6.1and still going (only allocated the following:[3.  4.9 6.1] n= 21 current time =0.35 asking for time of next one, will assume no more reversals
710.1259 	ERROR 	Not enough reversal times allocated, reached 3 reversals at 6.1and still going (only allocated the following:[3.  4.9 6.1] n= 22 current time =0.37 asking for time of next one, will assume no more reversals
710.1426 	ERROR 	Not enough reversal times allocated, reached 3 reversals at 6.1and still going (only allocated the following:[3.  4.9 6.1] n= 23 current time =0.38 asking for time of next one, will assume no more reversals
710.1595 	ERROR 	Not enough reversal times allocated, reached 3 reversals at 6.1and still going (only allocated the following:[3.  4.9 6.1] n= 24 current time =0.4 asking for time of next one, will assume no more reversals
710.1758 	ERROR 	Not enough reversal times allocated, reached 3 reversals at 6.1and still going (only allocated the following:[3.  4.9 6.1] n= 25 current time =0.42 asking for time of next one, will assume no more reversals
710.1927 	ERROR 	Not enough reversal times allocated, reached 3 reversals at 6.1and still going (only allocated the following:[3.  4.9 6.1] n= 26 current time =0.43 asking for time of next one, will assume no more reversals
710.2095 	ERROR 	Not enough reversal times allocated, reached 3 reversals at 6.1and still going (only allocated the following:[3.  4.9 6.1] n= 27 current time =0.45 asking for time of next one, will assume no more reversals
710.2261 	ERROR 	Not enough reversal times allocated, reached 3 reversals at 6.1and still going (only allocated the following:[3.  4.9 6.1] n= 28 current time =0.47 asking for time of next one, will assume no more reversals
710.2426 	ERROR 	Not enough reversal times allocated, reached 3 reversals at 6.1and still going (only allocated the following:[3.  4.9 6.1] n= 29 current time =0.48 asking for time of next one, will assume no more reversals
710.2593 	ERROR 	Not enough reversal times allocated, reached 3 reversals at 6.1and still going (only allocated the following:[3.  4.9 6.1] n= 30 current time =0.5 asking for time of next one, will assume no more reversals
710.2759 	ERROR 	Not enough reversal times allocated, reached 3 reversals at 6.1and still going (only allocated the following:[3.  4.9 6.1] n= 31 current time =0.52 asking for time of next one, will assume no more reversals
710.2926 	ERROR 	Not enough reversal times allocated, reached 3 reversals at 6.1and still going (only allocated the following:[3.  4.9 6.1] n= 32 current time =0.53 asking for time of next one, will assume no more reversals
710.3126 	ERROR 	Not enough reversal times allocated, reached 4 reversals at 7.4and still going (only allocated the following:[2.2 4.2 5.7 7.4] n= 33 current time =0.55 asking for time of next one, will assume no more reversals
710.3301 	ERROR 	Not enough reversal times allocated, reached 4 reversals at 7.4and still going (only allocated the following:[2.2 4.2 5.7 7.4] n= 34 current time =0.57 asking for time of next one, will assume no more reversals
710.3458 	ERROR 	Not enough reversal times allocated, reached 4 reversals at 7.4and still going (only allocated the following:[2.2 4.2 5.7 7.4] n= 35 current time =0.58 asking for time of next one, will assume no more reversals
710.3635 	ERROR 	Not enough reversal times allocated, reached 4 reversals at 7.4and still going (only allocated the following:[2.2 4.2 5.7 7.4] n= 36 current time =0.6 asking for time of next one, will assume no more reversals
710.3791 	ERROR 	Not enough reversal times allocated, reached 4 reversals at 7.4and still going (only allocated the following:[2.2 4.2 5.7 7.4] n= 37 current time =0.62 asking for time of next one, will assume no more reversals
710.3969 	ERROR 	Not enough reversal times allocated, reached 4 reversals at 7.4and still going (only allocated the following:[2.2 4.2 5.7 7.4] n= 38 current time =0.63 asking for time of next one, will assume no more reversals
710.4141 	ERROR 	Not enough reversal times allocated, reached 4 reversals at 7.4and still going (only allocated the following:[2.2 4.2 5.7 7.4] n= 39 current time =0.65 asking for time of next one, will assume no more reversals
710.4300 	ERROR 	Not enough reversal times allocated, reached 4 reversals at 7.4and still going (only allocated the following:[2.2 4.2 5.7 7.4] n= 40 current time =0.67 asking for time of next one, will assume no more reversals
710.4471 	ERROR 	Not enough reversal times allocated, reached 4 reversals at 7.4and still going (only allocated the following:[2.2 4.2 5.7 7.4] n= 41 current time =0.68 asking for time of next one, will assume no more reversals
710.4628 	ERROR 	Not enough reversal times allocated, reached 4 reversals at 7.4and still going (only allocated the following:[2.2 4.2 5.7 7.4] n= 42 current time =0.7 asking for time of next one, will assume no more reversals
710.4800 	ERROR 	Not enough reversal times allocated, reached 4 reversals at 7.4and still going (only allocated the following:[2.2 4.2 5.7 7.4] n= 43 current time =0.72 asking for time of next one, will assume no more reversals
710.4965 	ERROR 	Not enough reversal times allocated, reached 4 reversals at 7.4and still going (only allocated the following:[2.2 4.2 5.7 7.4] n= 44 current time =0.73 asking for time of next one, will assume no more reversals
710.5143 	ERROR 	Not enough reversal times allocated, reached 4 reversals at 7.4and still going (only allocated the following:[2.2 4.2 5.7 7.4] n= 45 current time =0.75 asking for time of next one, will assume no more reversals
710.5298 	ERROR 	Not enough reversal times allocated, reached 4 reversals at 7.4and still going (only allocated the following:[2.2 4.2 5.7 7.4] n= 46 current time =0.77 asking for time of next one, will assume no more reversals
710.5469 	ERROR 	Not enough reversal times allocated, reached 4 reversals at 7.4and still going (only allocated the following:[2.2 4.2 5.7 7.4] n= 47 current time =0.78 asking for time of next one, will assume no more reversals
710.5950 	ERROR 	Not enough reversal times allocated, reached 5 reversals at 6.6and still going (only allocated the following:[1.8 3.1 3.6 4.9 6.6] n= 50 current time =0.83 asking for time of next one, will assume no more reversals
715.2788 	WARNING 	No default speaker specified in Preferences / Hardware, using first speaker found: Speakers (2- Realtek(R) Audio)
715.3004 	INFO 	Created stream for speaker device: Speakers (2- Realtek(R) Audio) (5.0)
715.3029 	EXP 	: sampleRate = 48000
715.3029 	EXP 	: channels = None
715.3033 	EXP 	: sampleRate = 44100
715.3064 	INFO 	Resampled audio from 44100Hz to 48000Hz using method 'default'.
716.2362 	DATA 	Mouse: Left button down, pos=(327,775)
716.3349 	DATA 	Mouse:  Left button up, pos=(327,775)
716.5044 	EXP 	New trial (rep=2, index=18): {'basicShape': 'circle', 'numObjectsInRing': 4, 'speed': 'staircase', 'initialDirRing0': -1, 'numTargets': 1, 'whichIsTargetEachRing': array([-999.,    3.,    3.]), 'ringToQuery': 1}
718.7152 	ERROR 	Not enough reversal times allocated, reached 4 reversals at 6.4and still going (only allocated the following:[1.9 2.9 4.6 6.4] n= 45 current time =0.75 asking for time of next one, will assume no more reversals
718.7322 	ERROR 	Not enough reversal times allocated, reached 4 reversals at 6.4and still going (only allocated the following:[1.9 2.9 4.6 6.4] n= 46 current time =0.77 asking for time of next one, will assume no more reversals
718.7486 	ERROR 	Not enough reversal times allocated, reached 4 reversals at 6.4and still going (only allocated the following:[1.9 2.9 4.6 6.4] n= 47 current time =0.78 asking for time of next one, will assume no more reversals
718.7656 	ERROR 	Not enough reversal times allocated, reached 4 reversals at 6.4and still going (only allocated the following:[1.9 2.9 4.6 6.4] n= 48 current time =0.8 asking for time of next one, will assume no more reversals
718.7821 	ERROR 	Not enough reversal times allocated, reached 4 reversals at 6.4and still going (only allocated the following:[1.9 2.9 4.6 6.4] n= 49 current time =0.82 asking for time of next one, will assume no more reversals
718.7987 	ERROR 	Not enough reversal times allocated, reached 4 reversals at 6.4and still going (only allocated the following:[1.9 2.9 4.6 6.4] n= 50 current time =0.83 asking for time of next one, will assume no more reversals
718.8159 	ERROR 	Not enough reversal times allocated, reached 4 reversals at 6.4and still going (only allocated the following:[1.9 2.9 4.6 6.4] n= 51 current time =0.85 asking for time of next one, will assume no more reversals
718.8325 	ERROR 	Not enough reversal times allocated, reached 4 reversals at 6.4and still going (only allocated the following:[1.9 2.9 4.6 6.4] n= 52 current time =0.87 asking for time of next one, will assume no more reversals
718.8493 	ERROR 	Not enough reversal times allocated, reached 4 reversals at 6.4and still going (only allocated the following:[1.9 2.9 4.6 6.4] n= 53 current time =0.88 asking for time of next one, will assume no more reversals
718.8655 	ERROR 	Not enough reversal times allocated, reached 4 reversals at 6.4and still going (only allocated the following:[1.9 2.9 4.6 6.4] n= 54 current time =0.9 asking for time of next one, will assume no more reversals
718.8825 	ERROR 	Not enough reversal times allocated, reached 4 reversals at 6.4and still going (only allocated the following:[1.9 2.9 4.6 6.4] n= 55 current time =0.92 asking for time of next one, will assume no more reversals
718.8891 	ERROR 	Not enough reversal times allocated, reached 5 reversals at 6.9and still going (only allocated the following:[2.7 4.  5.1 5.8 6.9] n= 55 current time =0.92 asking for time of next one, will assume no more reversals
718.9027 	ERROR 	Not enough reversal times allocated, reached 5 reversals at 6.9and still going (only allocated the following:[2.7 4.  5.1 5.8 6.9] n= 56 current time =0.93 asking for time of next one, will assume no more reversals
718.9199 	ERROR 	Not enough reversal times allocated, reached 5 reversals at 6.9and still going (only allocated the following:[2.7 4.  5.1 5.8 6.9] n= 57 current time =0.95 asking for time of next one, will assume no more reversals
718.9370 	ERROR 	Not enough reversal times allocated, reached 5 reversals at 6.9and still going (only allocated the following:[2.7 4.  5.1 5.8 6.9] n= 58 current time =0.97 asking for time of next one, will assume no more reversals
718.9531 	ERROR 	Not enough reversal times allocated, reached 5 reversals at 6.9and still going (only allocated the following:[2.7 4.  5.1 5.8 6.9] n= 59 current time =0.98 asking for time of next one, will assume no more reversals
718.9699 	ERROR 	Not enough reversal times allocated, reached 5 reversals at 6.9and still going (only allocated the following:[2.7 4.  5.1 5.8 6.9] n= 60 current time =1.0 asking for time of next one, will assume no more reversals
718.9867 	ERROR 	Not enough reversal times allocated, reached 5 reversals at 6.9and still going (only allocated the following:[2.7 4.  5.1 5.8 6.9] n= 61 current time =1.02 asking for time of next one, will assume no more reversals
719.0028 	ERROR 	Not enough reversal times allocated, reached 5 reversals at 6.9and still going (only allocated the following:[2.7 4.  5.1 5.8 6.9] n= 62 current time =1.03 asking for time of next one, will assume no more reversals
719.0209 	ERROR 	Not enough reversal times allocated, reached 5 reversals at 6.9and still going (only allocated the following:[2.7 4.  5.1 5.8 6.9] n= 63 current time =1.05 asking for time of next one, will assume no more reversals
719.0364 	ERROR 	Not enough reversal times allocated, reached 5 reversals at 6.9and still going (only allocated the following:[2.7 4.  5.1 5.8 6.9] n= 64 current time =1.07 asking for time of next one, will assume no more reversals
719.0530 	ERROR 	Not enough reversal times allocated, reached 5 reversals at 6.9and still going (only allocated the following:[2.7 4.  5.1 5.8 6.9] n= 65 current time =1.08 asking for time of next one, will assume no more reversals
720.2014 	ERROR 	Not enough reversal times allocated, reached 5 reversals at 6.1and still going (only allocated the following:[1.7 2.3 3.6 5.3 6.1] n= 134 current time =2.23 asking for time of next one, will assume no more reversals
720.2195 	ERROR 	Not enough reversal times allocated, reached 5 reversals at 6.1and still going (only allocated the following:[1.7 2.3 3.6 5.3 6.1] n= 135 current time =2.25 asking for time of next one, will assume no more reversals
720.2371 	ERROR 	Not enough reversal times allocated, reached 5 reversals at 6.1and still going (only allocated the following:[1.7 2.3 3.6 5.3 6.1] n= 136 current time =2.27 asking for time of next one, will assume no more reversals
720.2521 	ERROR 	Not enough reversal times allocated, reached 5 reversals at 6.1and still going (only allocated the following:[1.7 2.3 3.6 5.3 6.1] n= 137 current time =2.28 asking for time of next one, will assume no more reversals
720.2685 	ERROR 	Not enough reversal times allocated, reached 5 reversals at 6.1and still going (only allocated the following:[1.7 2.3 3.6 5.3 6.1] n= 138 current time =2.3 asking for time of next one, will assume no more reversals
720.2856 	ERROR 	Not enough reversal times allocated, reached 5 reversals at 6.1and still going (only allocated the following:[1.7 2.3 3.6 5.3 6.1] n= 139 current time =2.32 asking for time of next one, will assume no more reversals
720.3032 	ERROR 	Not enough reversal times allocated, reached 5 reversals at 6.1and still going (only allocated the following:[1.7 2.3 3.6 5.3 6.1] n= 140 current time =2.33 asking for time of next one, will assume no more reversals
720.3191 	ERROR 	Not enough reversal times allocated, reached 5 reversals at 6.1and still going (only allocated the following:[1.7 2.3 3.6 5.3 6.1] n= 141 current time =2.35 asking for time of next one, will assume no more reversals
720.3355 	ERROR 	Not enough reversal times allocated, reached 5 reversals at 6.1and still going (only allocated the following:[1.7 2.3 3.6 5.3 6.1] n= 142 current time =2.37 asking for time of next one, will assume no more reversals
720.3530 	ERROR 	Not enough reversal times allocated, reached 5 reversals at 6.1and still going (only allocated the following:[1.7 2.3 3.6 5.3 6.1] n= 143 current time =2.38 asking for time of next one, will assume no more reversals
720.3700 	ERROR 	Not enough reversal times allocated, reached 5 reversals at 6.1and still going (only allocated the following:[1.7 2.3 3.6 5.3 6.1] n= 144 current time =2.4 asking for time of next one, will assume no more reversals
720.3863 	ERROR 	Not enough reversal times allocated, reached 5 reversals at 6.1and still going (only allocated the following:[1.7 2.3 3.6 5.3 6.1] n= 145 current time =2.42 asking for time of next one, will assume no more reversals
720.4029 	ERROR 	Not enough reversal times allocated, reached 5 reversals at 6.1and still going (only allocated the following:[1.7 2.3 3.6 5.3 6.1] n= 146 current time =2.43 asking for time of next one, will assume no more reversals
720.4191 	ERROR 	Not enough reversal times allocated, reached 5 reversals at 6.1and still going (only allocated the following:[1.7 2.3 3.6 5.3 6.1] n= 147 current time =2.45 asking for time of next one, will assume no more reversals
720.4372 	ERROR 	Not enough reversal times allocated, reached 5 reversals at 6.1and still going (only allocated the following:[1.7 2.3 3.6 5.3 6.1] n= 148 current time =2.47 asking for time of next one, will assume no more reversals
720.4522 	ERROR 	Not enough reversal times allocated, reached 5 reversals at 6.1and still going (only allocated the following:[1.7 2.3 3.6 5.3 6.1] n= 149 current time =2.48 asking for time of next one, will assume no more reversals
720.4688 	ERROR 	Not enough reversal times allocated, reached 5 reversals at 6.1and still going (only allocated the following:[1.7 2.3 3.6 5.3 6.1] n= 150 current time =2.5 asking for time of next one, will assume no more reversals
720.4855 	ERROR 	Not enough reversal times allocated, reached 5 reversals at 6.1and still going (only allocated the following:[1.7 2.3 3.6 5.3 6.1] n= 151 current time =2.52 asking for time of next one, will assume no more reversals
720.5019 	ERROR 	Not enough reversal times allocated, reached 5 reversals at 6.1and still going (only allocated the following:[1.7 2.3 3.6 5.3 6.1] n= 152 current time =2.53 asking for time of next one, will assume no more reversals
720.5194 	ERROR 	Not enough reversal times allocated, reached 5 reversals at 6.1and still going (only allocated the following:[1.7 2.3 3.6 5.3 6.1] n= 153 current time =2.55 asking for time of next one, will assume no more reversals
720.5376 	ERROR 	Not enough reversal times allocated, reached 5 reversals at 6.1and still going (only allocated the following:[1.7 2.3 3.6 5.3 6.1] n= 154 current time =2.57 asking for time of next one, will assume no more reversals
720.5519 	ERROR 	Not enough reversal times allocated, reached 5 reversals at 6.1and still going (only allocated the following:[1.7 2.3 3.6 5.3 6.1] n= 155 current time =2.58 asking for time of next one, will assume no more reversals
720.5704 	ERROR 	Not enough reversal times allocated, reached 5 reversals at 6.1and still going (only allocated the following:[1.7 2.3 3.6 5.3 6.1] n= 156 current time =2.6 asking for time of next one, will assume no more reversals
720.5857 	ERROR 	Not enough reversal times allocated, reached 5 reversals at 6.1and still going (only allocated the following:[1.7 2.3 3.6 5.3 6.1] n= 157 current time =2.62 asking for time of next one, will assume no more reversals
720.6037 	ERROR 	Not enough reversal times allocated, reached 5 reversals at 6.1and still going (only allocated the following:[1.7 2.3 3.6 5.3 6.1] n= 158 current time =2.63 asking for time of next one, will assume no more reversals
723.5497 	WARNING 	No default speaker specified in Preferences / Hardware, using first speaker found: Speakers (2- Realtek(R) Audio)
723.5720 	INFO 	Created stream for speaker device: Speakers (2- Realtek(R) Audio) (5.0)
723.5736 	EXP 	: sampleRate = 48000
723.5736 	EXP 	: channels = None
723.5740 	EXP 	: sampleRate = 44100
723.5803 	INFO 	Resampled audio from 44100Hz to 48000Hz using method 'default'.
724.4255 	DATA 	Mouse: Left button down, pos=(1139,812)
724.5516 	DATA 	Mouse:  Left button up, pos=(1139,812)
724.6934 	EXP 	New trial (rep=2, index=19): {'basicShape': 'circle', 'numObjectsInRing': 2, 'speed': 'staircase', 'initialDirRing0': 1, 'numTargets': 2, 'whichIsTargetEachRing': array([   0.,    1., -999.]), 'ringToQuery': 1}
730.2547 	WARNING 	No default speaker specified in Preferences / Hardware, using first speaker found: Speakers (2- Realtek(R) Audio)
730.2752 	INFO 	Created stream for speaker device: Speakers (2- Realtek(R) Audio) (5.0)
730.2767 	EXP 	: sampleRate = 48000
730.2767 	EXP 	: channels = None
730.2771 	EXP 	: sampleRate = 44100
730.2810 	INFO 	Resampled audio from 44100Hz to 48000Hz using method 'default'.
731.1611 	DATA 	Mouse: Left button down, pos=(1330,333)
731.2618 	DATA 	Mouse:  Left button up, pos=(1330,333)
731.4283 	EXP 	New trial (rep=2, index=20): {'basicShape': 'circle', 'numObjectsInRing': 4, 'speed': 'staircase', 'initialDirRing0': 1, 'numTargets': 1, 'whichIsTargetEachRing': array([   3.,    0., -999.]), 'ringToQuery': 1}
735.4789 	ERROR 	Not enough reversal times allocated, reached 2 reversals at 4.8and still going (only allocated the following:[3.  4.8] n= 160 current time =2.67 asking for time of next one, will assume no more reversals
735.4956 	ERROR 	Not enough reversal times allocated, reached 2 reversals at 4.8and still going (only allocated the following:[3.  4.8] n= 161 current time =2.68 asking for time of next one, will assume no more reversals
735.5126 	ERROR 	Not enough reversal times allocated, reached 2 reversals at 4.8and still going (only allocated the following:[3.  4.8] n= 162 current time =2.7 asking for time of next one, will assume no more reversals
735.5299 	ERROR 	Not enough reversal times allocated, reached 2 reversals at 4.8and still going (only allocated the following:[3.  4.8] n= 163 current time =2.72 asking for time of next one, will assume no more reversals
735.5462 	ERROR 	Not enough reversal times allocated, reached 2 reversals at 4.8and still going (only allocated the following:[3.  4.8] n= 164 current time =2.73 asking for time of next one, will assume no more reversals
735.5640 	ERROR 	Not enough reversal times allocated, reached 2 reversals at 4.8and still going (only allocated the following:[3.  4.8] n= 165 current time =2.75 asking for time of next one, will assume no more reversals
735.5800 	ERROR 	Not enough reversal times allocated, reached 2 reversals at 4.8and still going (only allocated the following:[3.  4.8] n= 166 current time =2.77 asking for time of next one, will assume no more reversals
735.5968 	ERROR 	Not enough reversal times allocated, reached 2 reversals at 4.8and still going (only allocated the following:[3.  4.8] n= 167 current time =2.78 asking for time of next one, will assume no more reversals
735.6135 	ERROR 	Not enough reversal times allocated, reached 2 reversals at 4.8and still going (only allocated the following:[3.  4.8] n= 168 current time =2.8 asking for time of next one, will assume no more reversals
735.6301 	ERROR 	Not enough reversal times allocated, reached 2 reversals at 4.8and still going (only allocated the following:[3.  4.8] n= 169 current time =2.82 asking for time of next one, will assume no more reversals
735.6453 	ERROR 	Not enough reversal times allocated, reached 2 reversals at 4.8and still going (only allocated the following:[3.  4.8] n= 170 current time =2.83 asking for time of next one, will assume no more reversals
735.6623 	ERROR 	Not enough reversal times allocated, reached 2 reversals at 4.8and still going (only allocated the following:[3.  4.8] n= 171 current time =2.85 asking for time of next one, will assume no more reversals
735.6789 	ERROR 	Not enough reversal times allocated, reached 2 reversals at 4.8and still going (only allocated the following:[3.  4.8] n= 172 current time =2.87 asking for time of next one, will assume no more reversals
735.6957 	ERROR 	Not enough reversal times allocated, reached 2 reversals at 4.8and still going (only allocated the following:[3.  4.8] n= 173 current time =2.88 asking for time of next one, will assume no more reversals
735.7129 	ERROR 	Not enough reversal times allocated, reached 2 reversals at 4.8and still going (only allocated the following:[3.  4.8] n= 174 current time =2.9 asking for time of next one, will assume no more reversals
735.7296 	ERROR 	Not enough reversal times allocated, reached 2 reversals at 4.8and still going (only allocated the following:[3.  4.8] n= 175 current time =2.92 asking for time of next one, will assume no more reversals
735.7457 	ERROR 	Not enough reversal times allocated, reached 2 reversals at 4.8and still going (only allocated the following:[3.  4.8] n= 176 current time =2.93 asking for time of next one, will assume no more reversals
735.7631 	ERROR 	Not enough reversal times allocated, reached 2 reversals at 4.8and still going (only allocated the following:[3.  4.8] n= 177 current time =2.95 asking for time of next one, will assume no more reversals
735.7791 	ERROR 	Not enough reversal times allocated, reached 2 reversals at 4.8and still going (only allocated the following:[3.  4.8] n= 178 current time =2.97 asking for time of next one, will assume no more reversals
735.7959 	ERROR 	Not enough reversal times allocated, reached 2 reversals at 4.8and still going (only allocated the following:[3.  4.8] n= 179 current time =2.98 asking for time of next one, will assume no more reversals
735.8130 	ERROR 	Not enough reversal times allocated, reached 2 reversals at 4.8and still going (only allocated the following:[3.  4.8] n= 180 current time =3.0 asking for time of next one, will assume no more reversals
735.8291 	ERROR 	Not enough reversal times allocated, reached 2 reversals at 4.8and still going (only allocated the following:[3.  4.8] n= 181 current time =3.02 asking for time of next one, will assume no more reversals
735.8459 	ERROR 	Not enough reversal times allocated, reached 2 reversals at 4.8and still going (only allocated the following:[3.  4.8] n= 182 current time =3.03 asking for time of next one, will assume no more reversals
735.8630 	ERROR 	Not enough reversal times allocated, reached 2 reversals at 4.8and still going (only allocated the following:[3.  4.8] n= 183 current time =3.05 asking for time of next one, will assume no more reversals
735.8793 	ERROR 	Not enough reversal times allocated, reached 2 reversals at 4.8and still going (only allocated the following:[3.  4.8] n= 184 current time =3.07 asking for time of next one, will assume no more reversals
735.8968 	ERROR 	Not enough reversal times allocated, reached 2 reversals at 4.8and still going (only allocated the following:[3.  4.8] n= 185 current time =3.08 asking for time of next one, will assume no more reversals
735.9131 	ERROR 	Not enough reversal times allocated, reached 2 reversals at 4.8and still going (only allocated the following:[3.  4.8] n= 186 current time =3.1 asking for time of next one, will assume no more reversals
737.2114 	WARNING 	No default speaker specified in Preferences / Hardware, using first speaker found: Speakers (2- Realtek(R) Audio)
737.2326 	INFO 	Created stream for speaker device: Speakers (2- Realtek(R) Audio) (5.0)
737.2340 	EXP 	: sampleRate = 48000
737.2341 	EXP 	: channels = None
737.2346 	EXP 	: sampleRate = 44100
737.2409 	INFO 	Resampled audio from 44100Hz to 48000Hz using method 'default'.
738.1362 	DATA 	Mouse: Left button down, pos=(1549,808)
trialnum=101 ERROR,1 frames were longer than 21.167 ms apparently screen refreshes skipped, interframe durs were:[28.2] and was these frames: [101]
738.2639 	DATA 	Mouse:  Left button up, pos=(1563,760)
738.4031 	EXP 	New trial (rep=2, index=21): {'basicShape': 'circle', 'numObjectsInRing': 4, 'speed': [0.02, 0.1], 'initialDirRing0': -1, 'numTargets': 2, 'whichIsTargetEachRing': array([   2.,    2., -999.]), 'ringToQuery': 1}
744.5710 	WARNING 	No default speaker specified in Preferences / Hardware, using first speaker found: Speakers (2- Realtek(R) Audio)
744.5922 	INFO 	Created stream for speaker device: Speakers (2- Realtek(R) Audio) (5.0)
744.5940 	EXP 	: sampleRate = 48000
744.5940 	EXP 	: channels = None
744.5944 	EXP 	: sampleRate = 44100
744.5976 	INFO 	Resampled audio from 44100Hz to 48000Hz using method 'default'.
745.3067 	DATA 	Mouse: Left button down, pos=(448,325)
745.4050 	DATA 	Mouse:  Left button up, pos=(453,321)
745.5761 	EXP 	New trial (rep=2, index=22): {'basicShape': 'circle', 'numObjectsInRing': 2, 'speed': 'staircase', 'initialDirRing0': -1, 'numTargets': 2, 'whichIsTargetEachRing': array([   0.,    0., -999.]), 'ringToQuery': 0}
747.4033 	ERROR 	Not enough reversal times allocated, reached 3 reversals at 5.0and still going (only allocated the following:[2.2 3.6 5. ] n= 29 current time =0.48 asking for time of next one, will assume no more reversals
750.9221 	ERROR 	Not enough reversal times allocated, reached 3 reversals at 5.0and still going (only allocated the following:[2.  3.9 5. ] n= 240 current time =4.0 asking for time of next one, will assume no more reversals
751.3008 	WARNING 	No default speaker specified in Preferences / Hardware, using first speaker found: Speakers (2- Realtek(R) Audio)
751.3217 	INFO 	Created stream for speaker device: Speakers (2- Realtek(R) Audio) (5.0)
751.3235 	EXP 	: sampleRate = 48000
751.3236 	EXP 	: channels = None
751.3242 	EXP 	: sampleRate = 44100
751.3273 	INFO 	Resampled audio from 44100Hz to 48000Hz using method 'default'.
752.1422 	DATA 	Mouse: Left button down, pos=(762,436)
752.2195 	DATA 	Mouse:  Left button up, pos=(762,435)
752.4116 	EXP 	New trial (rep=2, index=23): {'basicShape': 'circle', 'numObjectsInRing': 4, 'speed': 'staircase', 'initialDirRing0': -1, 'numTargets': 1, 'whichIsTargetEachRing': array([2., 0., 0.]), 'ringToQuery': 2}
753.9755 	ERROR 	Not enough reversal times allocated, reached 4 reversals at 4.4and still going (only allocated the following:[2.2 2.8 3.8 4.4] n= 12 current time =0.2 asking for time of next one, will assume no more reversals
757.8907 	WARNING 	No default speaker specified in Preferences / Hardware, using first speaker found: Speakers (2- Realtek(R) Audio)
757.9132 	INFO 	Created stream for speaker device: Speakers (2- Realtek(R) Audio) (5.0)
757.9150 	EXP 	: sampleRate = 48000
757.9150 	EXP 	: channels = None
757.9154 	EXP 	: sampleRate = 44100
757.9193 	INFO 	Resampled audio from 44100Hz to 48000Hz using method 'default'.
758.7648 	DATA 	Mouse: Left button down, pos=(695,826)
758.9054 	DATA 	Mouse:  Left button up, pos=(694,824)
759.0334 	EXP 	New trial (rep=2, index=24): {'basicShape': 'circle', 'numObjectsInRing': 2, 'speed': 'staircase', 'initialDirRing0': 1, 'numTargets': 1, 'whichIsTargetEachRing': array([-999.,    0.,    0.]), 'ringToQuery': 2}
760.1839 	ERROR 	Not enough reversal times allocated, reached 3 reversals at 5.1and still going (only allocated the following:[2.5 4.  5.1] n= 6 current time =0.1 asking for time of next one, will assume no more reversals
760.1861 	ERROR 	Not enough reversal times allocated, reached 3 reversals at 5.4and still going (only allocated the following:[3.2 4.  5.4] n= 7 current time =0.12 asking for time of next one, will assume no more reversals
760.1873 	ERROR 	Not enough reversal times allocated, reached 3 reversals at 5.1and still going (only allocated the following:[2.5 4.  5.1] n= 7 current time =0.12 asking for time of next one, will assume no more reversals
760.1940 	ERROR 	Not enough reversal times allocated, reached 3 reversals at 5.4and still going (only allocated the following:[3.2 4.  5.4] n= 7 current time =0.12 asking for time of next one, will assume no more reversals
760.1951 	ERROR 	Not enough reversal times allocated, reached 3 reversals at 5.1and still going (only allocated the following:[2.5 4.  5.1] n= 7 current time =0.12 asking for time of next one, will assume no more reversals
760.2109 	ERROR 	Not enough reversal times allocated, reached 3 reversals at 5.4and still going (only allocated the following:[3.2 4.  5.4] n= 8 current time =0.13 asking for time of next one, will assume no more reversals
760.2126 	ERROR 	Not enough reversal times allocated, reached 3 reversals at 5.1and still going (only allocated the following:[2.5 4.  5.1] n= 8 current time =0.13 asking for time of next one, will assume no more reversals
760.2275 	ERROR 	Not enough reversal times allocated, reached 3 reversals at 5.4and still going (only allocated the following:[3.2 4.  5.4] n= 9 current time =0.15 asking for time of next one, will assume no more reversals
760.2297 	ERROR 	Not enough reversal times allocated, reached 3 reversals at 5.1and still going (only allocated the following:[2.5 4.  5.1] n= 9 current time =0.15 asking for time of next one, will assume no more reversals
760.2443 	ERROR 	Not enough reversal times allocated, reached 3 reversals at 5.4and still going (only allocated the following:[3.2 4.  5.4] n= 10 current time =0.17 asking for time of next one, will assume no more reversals
760.2455 	ERROR 	Not enough reversal times allocated, reached 3 reversals at 5.1and still going (only allocated the following:[2.5 4.  5.1] n= 10 current time =0.17 asking for time of next one, will assume no more reversals
760.2608 	ERROR 	Not enough reversal times allocated, reached 3 reversals at 5.4and still going (only allocated the following:[3.2 4.  5.4] n= 11 current time =0.18 asking for time of next one, will assume no more reversals
760.2622 	ERROR 	Not enough reversal times allocated, reached 3 reversals at 5.1and still going (only allocated the following:[2.5 4.  5.1] n= 11 current time =0.18 asking for time of next one, will assume no more reversals
760.2778 	ERROR 	Not enough reversal times allocated, reached 3 reversals at 5.4and still going (only allocated the following:[3.2 4.  5.4] n= 12 current time =0.2 asking for time of next one, will assume no more reversals
760.2798 	ERROR 	Not enough reversal times allocated, reached 3 reversals at 5.1and still going (only allocated the following:[2.5 4.  5.1] n= 12 current time =0.2 asking for time of next one, will assume no more reversals
760.2944 	ERROR 	Not enough reversal times allocated, reached 3 reversals at 5.4and still going (only allocated the following:[3.2 4.  5.4] n= 13 current time =0.22 asking for time of next one, will assume no more reversals
760.2965 	ERROR 	Not enough reversal times allocated, reached 3 reversals at 5.1and still going (only allocated the following:[2.5 4.  5.1] n= 13 current time =0.22 asking for time of next one, will assume no more reversals
760.3116 	ERROR 	Not enough reversal times allocated, reached 3 reversals at 5.4and still going (only allocated the following:[3.2 4.  5.4] n= 14 current time =0.23 asking for time of next one, will assume no more reversals
760.3133 	ERROR 	Not enough reversal times allocated, reached 3 reversals at 5.1and still going (only allocated the following:[2.5 4.  5.1] n= 14 current time =0.23 asking for time of next one, will assume no more reversals
760.3280 	ERROR 	Not enough reversal times allocated, reached 3 reversals at 5.4and still going (only allocated the following:[3.2 4.  5.4] n= 15 current time =0.25 asking for time of next one, will assume no more reversals
760.3296 	ERROR 	Not enough reversal times allocated, reached 3 reversals at 5.1and still going (only allocated the following:[2.5 4.  5.1] n= 15 current time =0.25 asking for time of next one, will assume no more reversals
760.3444 	ERROR 	Not enough reversal times allocated, reached 3 reversals at 5.4and still going (only allocated the following:[3.2 4.  5.4] n= 16 current time =0.27 asking for time of next one, will assume no more reversals
760.3459 	ERROR 	Not enough reversal times allocated, reached 3 reversals at 5.1and still going (only allocated the following:[2.5 4.  5.1] n= 16 current time =0.27 asking for time of next one, will assume no more reversals
760.3612 	ERROR 	Not enough reversal times allocated, reached 3 reversals at 5.4and still going (only allocated the following:[3.2 4.  5.4] n= 17 current time =0.28 asking for time of next one, will assume no more reversals
760.3625 	ERROR 	Not enough reversal times allocated, reached 3 reversals at 5.1and still going (only allocated the following:[2.5 4.  5.1] n= 17 current time =0.28 asking for time of next one, will assume no more reversals
760.3777 	ERROR 	Not enough reversal times allocated, reached 3 reversals at 5.4and still going (only allocated the following:[3.2 4.  5.4] n= 18 current time =0.3 asking for time of next one, will assume no more reversals
760.3792 	ERROR 	Not enough reversal times allocated, reached 3 reversals at 5.1and still going (only allocated the following:[2.5 4.  5.1] n= 18 current time =0.3 asking for time of next one, will assume no more reversals
760.3945 	ERROR 	Not enough reversal times allocated, reached 3 reversals at 5.4and still going (only allocated the following:[3.2 4.  5.4] n= 19 current time =0.32 asking for time of next one, will assume no more reversals
760.3969 	ERROR 	Not enough reversal times allocated, reached 3 reversals at 5.1and still going (only allocated the following:[2.5 4.  5.1] n= 19 current time =0.32 asking for time of next one, will assume no more reversals
760.4111 	ERROR 	Not enough reversal times allocated, reached 3 reversals at 5.4and still going (only allocated the following:[3.2 4.  5.4] n= 20 current time =0.33 asking for time of next one, will assume no more reversals
760.4133 	ERROR 	Not enough reversal times allocated, reached 3 reversals at 5.1and still going (only allocated the following:[2.5 4.  5.1] n= 20 current time =0.33 asking for time of next one, will assume no more reversals
760.4280 	ERROR 	Not enough reversal times allocated, reached 3 reversals at 5.4and still going (only allocated the following:[3.2 4.  5.4] n= 21 current time =0.35 asking for time of next one, will assume no more reversals
760.4296 	ERROR 	Not enough reversal times allocated, reached 3 reversals at 5.1and still going (only allocated the following:[2.5 4.  5.1] n= 21 current time =0.35 asking for time of next one, will assume no more reversals
760.4445 	ERROR 	Not enough reversal times allocated, reached 3 reversals at 5.4and still going (only allocated the following:[3.2 4.  5.4] n= 22 current time =0.37 asking for time of next one, will assume no more reversals
764.0467 	WARNING 	No default speaker specified in Preferences / Hardware, using first speaker found: Speakers (2- Realtek(R) Audio)
764.0664 	INFO 	Created stream for speaker device: Speakers (2- Realtek(R) Audio) (5.0)
764.0684 	EXP 	: sampleRate = 48000
764.0684 	EXP 	: channels = None
764.0696 	EXP 	: sampleRate = 44100
764.0748 	INFO 	Resampled audio from 44100Hz to 48000Hz using method 'default'.
764.9209 	DATA 	Mouse: Left button down, pos=(1629,527)
765.0037 	DATA 	Mouse:  Left button up, pos=(1632,516)
765.1917 	EXP 	New trial (rep=2, index=25): {'basicShape': 'circle', 'numObjectsInRing': 2, 'speed': [0.02, 0.1], 'initialDirRing0': 1, 'numTargets': 1, 'whichIsTargetEachRing': array([0., 0., 1.]), 'ringToQuery': 0}
771.4834 	WARNING 	No default speaker specified in Preferences / Hardware, using first speaker found: Speakers (2- Realtek(R) Audio)
771.5059 	INFO 	Created stream for speaker device: Speakers (2- Realtek(R) Audio) (5.0)
771.5071 	EXP 	: sampleRate = 48000
771.5072 	EXP 	: channels = None
771.5075 	EXP 	: sampleRate = 44100
771.5144 	INFO 	Resampled audio from 44100Hz to 48000Hz using method 'default'.
771.9409 	DATA 	Mouse: Left button down, pos=(1026,314)
772.0134 	DATA 	Mouse:  Left button up, pos=(1026,314)
772.2084 	EXP 	New trial (rep=2, index=26): {'basicShape': 'circle', 'numObjectsInRing': 4, 'speed': 'staircase', 'initialDirRing0': 1, 'numTargets': 1, 'whichIsTargetEachRing': array([-999.,    3.,    3.]), 'ringToQuery': 2}
776.3261 	ERROR 	Not enough reversal times allocated, reached 3 reversals at 4.2and still going (only allocated the following:[2.  2.9 4.2] n= 156 current time =2.6 asking for time of next one, will assume no more reversals
776.3392 	ERROR 	Not enough reversal times allocated, reached 3 reversals at 5.4and still going (only allocated the following:[2.2 3.9 5.4] n= 157 current time =2.62 asking for time of next one, will assume no more reversals
776.3439 	ERROR 	Not enough reversal times allocated, reached 3 reversals at 4.2and still going (only allocated the following:[2.  2.9 4.2] n= 157 current time =2.62 asking for time of next one, will assume no more reversals
776.3557 	ERROR 	Not enough reversal times allocated, reached 3 reversals at 5.4and still going (only allocated the following:[2.2 3.9 5.4] n= 158 current time =2.63 asking for time of next one, will assume no more reversals
776.3596 	ERROR 	Not enough reversal times allocated, reached 3 reversals at 4.2and still going (only allocated the following:[2.  2.9 4.2] n= 158 current time =2.63 asking for time of next one, will assume no more reversals
776.3724 	ERROR 	Not enough reversal times allocated, reached 3 reversals at 5.4and still going (only allocated the following:[2.2 3.9 5.4] n= 159 current time =2.65 asking for time of next one, will assume no more reversals
776.3761 	ERROR 	Not enough reversal times allocated, reached 3 reversals at 4.2and still going (only allocated the following:[2.  2.9 4.2] n= 159 current time =2.65 asking for time of next one, will assume no more reversals
776.3890 	ERROR 	Not enough reversal times allocated, reached 3 reversals at 5.4and still going (only allocated the following:[2.2 3.9 5.4] n= 160 current time =2.67 asking for time of next one, will assume no more reversals
776.3934 	ERROR 	Not enough reversal times allocated, reached 3 reversals at 4.2and still going (only allocated the following:[2.  2.9 4.2] n= 160 current time =2.67 asking for time of next one, will assume no more reversals
776.4057 	ERROR 	Not enough reversal times allocated, reached 3 reversals at 5.4and still going (only allocated the following:[2.2 3.9 5.4] n= 161 current time =2.68 asking for time of next one, will assume no more reversals
776.4094 	ERROR 	Not enough reversal times allocated, reached 3 reversals at 4.2and still going (only allocated the following:[2.  2.9 4.2] n= 161 current time =2.68 asking for time of next one, will assume no more reversals
776.4225 	ERROR 	Not enough reversal times allocated, reached 3 reversals at 5.4and still going (only allocated the following:[2.2 3.9 5.4] n= 162 current time =2.7 asking for time of next one, will assume no more reversals
776.4265 	ERROR 	Not enough reversal times allocated, reached 3 reversals at 4.2and still going (only allocated the following:[2.  2.9 4.2] n= 162 current time =2.7 asking for time of next one, will assume no more reversals
776.4390 	ERROR 	Not enough reversal times allocated, reached 3 reversals at 5.4and still going (only allocated the following:[2.2 3.9 5.4] n= 163 current time =2.72 asking for time of next one, will assume no more reversals
776.4433 	ERROR 	Not enough reversal times allocated, reached 3 reversals at 4.2and still going (only allocated the following:[2.  2.9 4.2] n= 163 current time =2.72 asking for time of next one, will assume no more reversals
776.4559 	ERROR 	Not enough reversal times allocated, reached 3 reversals at 5.4and still going (only allocated the following:[2.2 3.9 5.4] n= 164 current time =2.73 asking for time of next one, will assume no more reversals
776.4600 	ERROR 	Not enough reversal times allocated, reached 3 reversals at 4.2and still going (only allocated the following:[2.  2.9 4.2] n= 164 current time =2.73 asking for time of next one, will assume no more reversals
776.4726 	ERROR 	Not enough reversal times allocated, reached 3 reversals at 5.4and still going (only allocated the following:[2.2 3.9 5.4] n= 165 current time =2.75 asking for time of next one, will assume no more reversals
776.4764 	ERROR 	Not enough reversal times allocated, reached 3 reversals at 4.2and still going (only allocated the following:[2.  2.9 4.2] n= 165 current time =2.75 asking for time of next one, will assume no more reversals
776.4890 	ERROR 	Not enough reversal times allocated, reached 3 reversals at 5.4and still going (only allocated the following:[2.2 3.9 5.4] n= 166 current time =2.77 asking for time of next one, will assume no more reversals
776.4928 	ERROR 	Not enough reversal times allocated, reached 3 reversals at 4.2and still going (only allocated the following:[2.  2.9 4.2] n= 166 current time =2.77 asking for time of next one, will assume no more reversals
776.5058 	ERROR 	Not enough reversal times allocated, reached 3 reversals at 5.4and still going (only allocated the following:[2.2 3.9 5.4] n= 167 current time =2.78 asking for time of next one, will assume no more reversals
776.5095 	ERROR 	Not enough reversal times allocated, reached 3 reversals at 4.2and still going (only allocated the following:[2.  2.9 4.2] n= 167 current time =2.78 asking for time of next one, will assume no more reversals
776.5224 	ERROR 	Not enough reversal times allocated, reached 3 reversals at 5.4and still going (only allocated the following:[2.2 3.9 5.4] n= 168 current time =2.8 asking for time of next one, will assume no more reversals
776.5264 	ERROR 	Not enough reversal times allocated, reached 3 reversals at 4.2and still going (only allocated the following:[2.  2.9 4.2] n= 168 current time =2.8 asking for time of next one, will assume no more reversals
776.5413 	ERROR 	Not enough reversal times allocated, reached 3 reversals at 5.0and still going (only allocated the following:[2.7 3.7 5. ] n= 169 current time =2.82 asking for time of next one, will assume no more reversals
776.5434 	ERROR 	Not enough reversal times allocated, reached 3 reversals at 4.2and still going (only allocated the following:[2.  2.9 4.2] n= 169 current time =2.82 asking for time of next one, will assume no more reversals
777.5041 	WARNING 	No default speaker specified in Preferences / Hardware, using first speaker found: Speakers (2- Realtek(R) Audio)
777.5244 	INFO 	Created stream for speaker device: Speakers (2- Realtek(R) Audio) (5.0)
777.5259 	EXP 	: sampleRate = 48000
777.5259 	EXP 	: channels = None
777.5263 	EXP 	: sampleRate = 44100
777.5296 	INFO 	Resampled audio from 44100Hz to 48000Hz using method 'default'.
778.2792 	DATA 	Mouse: Left button down, pos=(813,524)
778.3799 	DATA 	Mouse:  Left button up, pos=(813,525)
778.5473 	EXP 	New trial (rep=2, index=27): {'basicShape': 'circle', 'numObjectsInRing': 4, 'speed': 'staircase', 'initialDirRing0': -1, 'numTargets': 1, 'whichIsTargetEachRing': array([0., 2., 2.]), 'ringToQuery': 1}
780.3084 	ERROR 	Not enough reversal times allocated, reached 3 reversals at 5.5and still going (only allocated the following:[2.8 4.  5.5] n= 40 current time =0.67 asking for time of next one, will assume no more reversals
780.3251 	ERROR 	Not enough reversal times allocated, reached 3 reversals at 5.5and still going (only allocated the following:[2.8 4.  5.5] n= 41 current time =0.68 asking for time of next one, will assume no more reversals
780.3418 	ERROR 	Not enough reversal times allocated, reached 3 reversals at 5.5and still going (only allocated the following:[2.8 4.  5.5] n= 42 current time =0.7 asking for time of next one, will assume no more reversals
780.3584 	ERROR 	Not enough reversal times allocated, reached 3 reversals at 5.5and still going (only allocated the following:[2.8 4.  5.5] n= 43 current time =0.72 asking for time of next one, will assume no more reversals
780.3752 	ERROR 	Not enough reversal times allocated, reached 3 reversals at 5.5and still going (only allocated the following:[2.8 4.  5.5] n= 44 current time =0.73 asking for time of next one, will assume no more reversals
780.3918 	ERROR 	Not enough reversal times allocated, reached 3 reversals at 5.5and still going (only allocated the following:[2.8 4.  5.5] n= 45 current time =0.75 asking for time of next one, will assume no more reversals
780.4085 	ERROR 	Not enough reversal times allocated, reached 3 reversals at 5.5and still going (only allocated the following:[2.8 4.  5.5] n= 46 current time =0.77 asking for time of next one, will assume no more reversals
780.4252 	ERROR 	Not enough reversal times allocated, reached 3 reversals at 5.5and still going (only allocated the following:[2.8 4.  5.5] n= 47 current time =0.78 asking for time of next one, will assume no more reversals
780.4418 	ERROR 	Not enough reversal times allocated, reached 3 reversals at 5.5and still going (only allocated the following:[2.8 4.  5.5] n= 48 current time =0.8 asking for time of next one, will assume no more reversals
780.4585 	ERROR 	Not enough reversal times allocated, reached 3 reversals at 5.5and still going (only allocated the following:[2.8 4.  5.5] n= 49 current time =0.82 asking for time of next one, will assume no more reversals
780.4752 	ERROR 	Not enough reversal times allocated, reached 3 reversals at 5.5and still going (only allocated the following:[2.8 4.  5.5] n= 50 current time =0.83 asking for time of next one, will assume no more reversals
780.4919 	ERROR 	Not enough reversal times allocated, reached 3 reversals at 5.5and still going (only allocated the following:[2.8 4.  5.5] n= 51 current time =0.85 asking for time of next one, will assume no more reversals
780.5085 	ERROR 	Not enough reversal times allocated, reached 3 reversals at 5.5and still going (only allocated the following:[2.8 4.  5.5] n= 52 current time =0.87 asking for time of next one, will assume no more reversals
780.5254 	ERROR 	Not enough reversal times allocated, reached 3 reversals at 5.5and still going (only allocated the following:[2.8 4.  5.5] n= 53 current time =0.88 asking for time of next one, will assume no more reversals
780.5276 	ERROR 	Not enough reversal times allocated, reached 4 reversals at 6.2and still going (only allocated the following:[2.2 3.6 4.5 6.2] n= 53 current time =0.88 asking for time of next one, will assume no more reversals
784.2590 	WARNING 	No default speaker specified in Preferences / Hardware, using first speaker found: Speakers (2- Realtek(R) Audio)
784.2787 	INFO 	Created stream for speaker device: Speakers (2- Realtek(R) Audio) (5.0)
784.2803 	EXP 	: sampleRate = 48000
784.2803 	EXP 	: channels = None
784.2807 	EXP 	: sampleRate = 44100
784.2843 	INFO 	Resampled audio from 44100Hz to 48000Hz using method 'default'.
784.9498 	DATA 	Mouse: Left button down, pos=(784,780)
785.0816 	DATA 	Mouse:  Left button up, pos=(785,779)
785.2180 	EXP 	New trial (rep=2, index=28): {'basicShape': 'circle', 'numObjectsInRing': 2, 'speed': 'staircase', 'initialDirRing0': -1, 'numTargets': 2, 'whichIsTargetEachRing': array([   1.,    1., -999.]), 'ringToQuery': 0}
789.9521 	ERROR 	Not enough reversal times allocated, reached 4 reversals at 4.4and still going (only allocated the following:[2.1 2.8 3.6 4.4] n= 221 current time =3.68 asking for time of next one, will assume no more reversals
790.1118 	WARNING 	No default speaker specified in Preferences / Hardware, using first speaker found: Speakers (2- Realtek(R) Audio)
790.1323 	INFO 	Created stream for speaker device: Speakers (2- Realtek(R) Audio) (5.0)
790.1344 	EXP 	: sampleRate = 48000
790.1345 	EXP 	: channels = None
790.1352 	EXP 	: sampleRate = 44100
790.1397 	INFO 	Resampled audio from 44100Hz to 48000Hz using method 'default'.
790.8878 	DATA 	Mouse: Left button down, pos=(599,304)
790.9828 	DATA 	Mouse:  Left button up, pos=(599,304)
791.1573 	EXP 	New trial (rep=2, index=29): {'basicShape': 'circle', 'numObjectsInRing': 2, 'speed': 'staircase', 'initialDirRing0': -1, 'numTargets': 2, 'whichIsTargetEachRing': array([   1.,    1., -999.]), 'ringToQuery': 0}
794.8534 	ERROR 	Not enough reversal times allocated, reached 3 reversals at 6.1and still going (only allocated the following:[2.8 4.5 6.1] n= 142 current time =2.37 asking for time of next one, will assume no more reversals
794.8549 	ERROR 	Not enough reversal times allocated, reached 5 reversals at 6.3and still going (only allocated the following:[2.3 3.3 5.2 5.7 6.3] n= 142 current time =2.37 asking for time of next one, will assume no more reversals
794.8711 	ERROR 	Not enough reversal times allocated, reached 5 reversals at 6.3and still going (only allocated the following:[2.3 3.3 5.2 5.7 6.3] n= 143 current time =2.38 asking for time of next one, will assume no more reversals
794.8881 	ERROR 	Not enough reversal times allocated, reached 5 reversals at 6.3and still going (only allocated the following:[2.3 3.3 5.2 5.7 6.3] n= 144 current time =2.4 asking for time of next one, will assume no more reversals
794.9047 	ERROR 	Not enough reversal times allocated, reached 5 reversals at 6.3and still going (only allocated the following:[2.3 3.3 5.2 5.7 6.3] n= 145 current time =2.42 asking for time of next one, will assume no more reversals
794.9218 	ERROR 	Not enough reversal times allocated, reached 5 reversals at 6.3and still going (only allocated the following:[2.3 3.3 5.2 5.7 6.3] n= 146 current time =2.43 asking for time of next one, will assume no more reversals
794.9399 	ERROR 	Not enough reversal times allocated, reached 5 reversals at 6.3and still going (only allocated the following:[2.3 3.3 5.2 5.7 6.3] n= 147 current time =2.45 asking for time of next one, will assume no more reversals
794.9555 	ERROR 	Not enough reversal times allocated, reached 5 reversals at 6.3and still going (only allocated the following:[2.3 3.3 5.2 5.7 6.3] n= 148 current time =2.47 asking for time of next one, will assume no more reversals
794.9721 	ERROR 	Not enough reversal times allocated, reached 5 reversals at 6.3and still going (only allocated the following:[2.3 3.3 5.2 5.7 6.3] n= 149 current time =2.48 asking for time of next one, will assume no more reversals
794.9880 	ERROR 	Not enough reversal times allocated, reached 5 reversals at 6.3and still going (only allocated the following:[2.3 3.3 5.2 5.7 6.3] n= 150 current time =2.5 asking for time of next one, will assume no more reversals
795.0069 	ERROR 	Not enough reversal times allocated, reached 5 reversals at 6.3and still going (only allocated the following:[2.3 3.3 5.2 5.7 6.3] n= 151 current time =2.52 asking for time of next one, will assume no more reversals
795.7697 	ERROR 	Not enough reversal times allocated, reached 5 reversals at 6.8and still going (only allocated the following:[1.8 3.1 4.1 5.2 6.8] n= 197 current time =3.28 asking for time of next one, will assume no more reversals
795.7864 	ERROR 	Not enough reversal times allocated, reached 5 reversals at 6.8and still going (only allocated the following:[1.8 3.1 4.1 5.2 6.8] n= 198 current time =3.3 asking for time of next one, will assume no more reversals
795.8033 	ERROR 	Not enough reversal times allocated, reached 5 reversals at 6.8and still going (only allocated the following:[1.8 3.1 4.1 5.2 6.8] n= 199 current time =3.32 asking for time of next one, will assume no more reversals
795.8200 	ERROR 	Not enough reversal times allocated, reached 5 reversals at 6.8and still going (only allocated the following:[1.8 3.1 4.1 5.2 6.8] n= 200 current time =3.33 asking for time of next one, will assume no more reversals
795.8366 	ERROR 	Not enough reversal times allocated, reached 5 reversals at 6.8and still going (only allocated the following:[1.8 3.1 4.1 5.2 6.8] n= 201 current time =3.35 asking for time of next one, will assume no more reversals
795.8537 	ERROR 	Not enough reversal times allocated, reached 5 reversals at 6.8and still going (only allocated the following:[1.8 3.1 4.1 5.2 6.8] n= 202 current time =3.37 asking for time of next one, will assume no more reversals
795.8705 	ERROR 	Not enough reversal times allocated, reached 5 reversals at 6.8and still going (only allocated the following:[1.8 3.1 4.1 5.2 6.8] n= 203 current time =3.38 asking for time of next one, will assume no more reversals
795.8864 	ERROR 	Not enough reversal times allocated, reached 5 reversals at 6.8and still going (only allocated the following:[1.8 3.1 4.1 5.2 6.8] n= 204 current time =3.4 asking for time of next one, will assume no more reversals
798.2012 	WARNING 	No default speaker specified in Preferences / Hardware, using first speaker found: Speakers (2- Realtek(R) Audio)
798.2239 	INFO 	Created stream for speaker device: Speakers (2- Realtek(R) Audio) (5.0)
798.2252 	EXP 	: sampleRate = 48000
798.2252 	EXP 	: channels = None
798.2255 	EXP 	: sampleRate = 44100
798.2295 	INFO 	Resampled audio from 44100Hz to 48000Hz using method 'default'.
798.9084 	DATA 	Mouse: Left button down, pos=(1090,615)
799.0090 	DATA 	Mouse:  Left button up, pos=(1088,609)
799.1801 	EXP 	New trial (rep=2, index=30): {'basicShape': 'circle', 'numObjectsInRing': 4, 'speed': 'staircase', 'initialDirRing0': -1, 'numTargets': 2, 'whichIsTargetEachRing': array([   0.,    0., -999.]), 'ringToQuery': 0}
801.9110 	ERROR 	Not enough reversal times allocated, reached 5 reversals at 6.7and still going (only allocated the following:[2.6 3.2 4.  5.  6.7] n= 83 current time =1.38 asking for time of next one, will assume no more reversals
801.9237 	ERROR 	Not enough reversal times allocated, reached 5 reversals at 7.0and still going (only allocated the following:[2.2 2.8 3.9 5.5 7. ] n= 84 current time =1.4 asking for time of next one, will assume no more reversals
801.9278 	ERROR 	Not enough reversal times allocated, reached 5 reversals at 6.7and still going (only allocated the following:[2.6 3.2 4.  5.  6.7] n= 84 current time =1.4 asking for time of next one, will assume no more reversals
801.9404 	ERROR 	Not enough reversal times allocated, reached 5 reversals at 7.0and still going (only allocated the following:[2.2 2.8 3.9 5.5 7. ] n= 85 current time =1.42 asking for time of next one, will assume no more reversals
801.9449 	ERROR 	Not enough reversal times allocated, reached 5 reversals at 6.7and still going (only allocated the following:[2.6 3.2 4.  5.  6.7] n= 85 current time =1.42 asking for time of next one, will assume no more reversals
801.9570 	ERROR 	Not enough reversal times allocated, reached 5 reversals at 7.0and still going (only allocated the following:[2.2 2.8 3.9 5.5 7. ] n= 86 current time =1.43 asking for time of next one, will assume no more reversals
801.9608 	ERROR 	Not enough reversal times allocated, reached 5 reversals at 6.7and still going (only allocated the following:[2.6 3.2 4.  5.  6.7] n= 86 current time =1.43 asking for time of next one, will assume no more reversals
801.9740 	ERROR 	Not enough reversal times allocated, reached 5 reversals at 7.0and still going (only allocated the following:[2.2 2.8 3.9 5.5 7. ] n= 87 current time =1.45 asking for time of next one, will assume no more reversals
801.9779 	ERROR 	Not enough reversal times allocated, reached 5 reversals at 6.7and still going (only allocated the following:[2.6 3.2 4.  5.  6.7] n= 87 current time =1.45 asking for time of next one, will assume no more reversals
801.9906 	ERROR 	Not enough reversal times allocated, reached 5 reversals at 7.0and still going (only allocated the following:[2.2 2.8 3.9 5.5 7. ] n= 88 current time =1.47 asking for time of next one, will assume no more reversals
801.9947 	ERROR 	Not enough reversal times allocated, reached 5 reversals at 6.7and still going (only allocated the following:[2.6 3.2 4.  5.  6.7] n= 88 current time =1.47 asking for time of next one, will assume no more reversals
802.0070 	ERROR 	Not enough reversal times allocated, reached 5 reversals at 7.0and still going (only allocated the following:[2.2 2.8 3.9 5.5 7. ] n= 89 current time =1.48 asking for time of next one, will assume no more reversals
802.0109 	ERROR 	Not enough reversal times allocated, reached 5 reversals at 6.7and still going (only allocated the following:[2.6 3.2 4.  5.  6.7] n= 89 current time =1.48 asking for time of next one, will assume no more reversals
802.0239 	ERROR 	Not enough reversal times allocated, reached 5 reversals at 7.0and still going (only allocated the following:[2.2 2.8 3.9 5.5 7. ] n= 90 current time =1.5 asking for time of next one, will assume no more reversals
802.0276 	ERROR 	Not enough reversal times allocated, reached 5 reversals at 6.7and still going (only allocated the following:[2.6 3.2 4.  5.  6.7] n= 90 current time =1.5 asking for time of next one, will assume no more reversals
802.0404 	ERROR 	Not enough reversal times allocated, reached 5 reversals at 7.0and still going (only allocated the following:[2.2 2.8 3.9 5.5 7. ] n= 91 current time =1.52 asking for time of next one, will assume no more reversals
802.0444 	ERROR 	Not enough reversal times allocated, reached 5 reversals at 6.7and still going (only allocated the following:[2.6 3.2 4.  5.  6.7] n= 91 current time =1.52 asking for time of next one, will assume no more reversals
802.0572 	ERROR 	Not enough reversal times allocated, reached 5 reversals at 7.0and still going (only allocated the following:[2.2 2.8 3.9 5.5 7. ] n= 92 current time =1.53 asking for time of next one, will assume no more reversals
802.0614 	ERROR 	Not enough reversal times allocated, reached 5 reversals at 6.7and still going (only allocated the following:[2.6 3.2 4.  5.  6.7] n= 92 current time =1.53 asking for time of next one, will assume no more reversals
802.0741 	ERROR 	Not enough reversal times allocated, reached 5 reversals at 7.0and still going (only allocated the following:[2.2 2.8 3.9 5.5 7. ] n= 93 current time =1.55 asking for time of next one, will assume no more reversals
802.0784 	ERROR 	Not enough reversal times allocated, reached 5 reversals at 6.7and still going (only allocated the following:[2.6 3.2 4.  5.  6.7] n= 93 current time =1.55 asking for time of next one, will assume no more reversals
802.0905 	ERROR 	Not enough reversal times allocated, reached 5 reversals at 7.0and still going (only allocated the following:[2.2 2.8 3.9 5.5 7. ] n= 94 current time =1.57 asking for time of next one, will assume no more reversals
802.0952 	ERROR 	Not enough reversal times allocated, reached 5 reversals at 6.7and still going (only allocated the following:[2.6 3.2 4.  5.  6.7] n= 94 current time =1.57 asking for time of next one, will assume no more reversals
802.1075 	ERROR 	Not enough reversal times allocated, reached 5 reversals at 7.0and still going (only allocated the following:[2.2 2.8 3.9 5.5 7. ] n= 95 current time =1.58 asking for time of next one, will assume no more reversals
802.1141 	ERROR 	Not enough reversal times allocated, reached 5 reversals at 6.7and still going (only allocated the following:[2.6 3.2 4.  5.  6.7] n= 95 current time =1.58 asking for time of next one, will assume no more reversals
802.1242 	ERROR 	Not enough reversal times allocated, reached 5 reversals at 7.0and still going (only allocated the following:[2.2 2.8 3.9 5.5 7. ] n= 96 current time =1.6 asking for time of next one, will assume no more reversals
802.1302 	ERROR 	Not enough reversal times allocated, reached 5 reversals at 6.7and still going (only allocated the following:[2.6 3.2 4.  5.  6.7] n= 96 current time =1.6 asking for time of next one, will assume no more reversals
802.1407 	ERROR 	Not enough reversal times allocated, reached 5 reversals at 7.0and still going (only allocated the following:[2.2 2.8 3.9 5.5 7. ] n= 97 current time =1.62 asking for time of next one, will assume no more reversals
802.1452 	ERROR 	Not enough reversal times allocated, reached 5 reversals at 6.7and still going (only allocated the following:[2.6 3.2 4.  5.  6.7] n= 97 current time =1.62 asking for time of next one, will assume no more reversals
802.1572 	ERROR 	Not enough reversal times allocated, reached 5 reversals at 7.0and still going (only allocated the following:[2.2 2.8 3.9 5.5 7. ] n= 98 current time =1.63 asking for time of next one, will assume no more reversals
802.1741 	ERROR 	Not enough reversal times allocated, reached 5 reversals at 7.0and still going (only allocated the following:[2.2 2.8 3.9 5.5 7. ] n= 99 current time =1.65 asking for time of next one, will assume no more reversals
802.1906 	ERROR 	Not enough reversal times allocated, reached 5 reversals at 7.0and still going (only allocated the following:[2.2 2.8 3.9 5.5 7. ] n= 100 current time =1.67 asking for time of next one, will assume no more reversals
802.1927 	ERROR 	Not enough reversal times allocated, reached 4 reversals at 7.0and still going (only allocated the following:[1.9 3.1 5.  7. ] n= 100 current time =1.67 asking for time of next one, will assume no more reversals
802.2073 	ERROR 	Not enough reversal times allocated, reached 5 reversals at 7.0and still going (only allocated the following:[2.2 2.8 3.9 5.5 7. ] n= 101 current time =1.68 asking for time of next one, will assume no more reversals
802.2241 	ERROR 	Not enough reversal times allocated, reached 5 reversals at 7.0and still going (only allocated the following:[2.2 2.8 3.9 5.5 7. ] n= 102 current time =1.7 asking for time of next one, will assume no more reversals
806.2082 	WARNING 	No default speaker specified in Preferences / Hardware, using first speaker found: Speakers (2- Realtek(R) Audio)
806.2278 	INFO 	Created stream for speaker device: Speakers (2- Realtek(R) Audio) (5.0)
806.2292 	EXP 	: sampleRate = 48000
806.2293 	EXP 	: channels = None
806.2298 	EXP 	: sampleRate = 44100
806.2350 	INFO 	Resampled audio from 44100Hz to 48000Hz using method 'default'.
806.9668 	DATA 	Mouse: Left button down, pos=(1231,834)
807.0618 	DATA 	Mouse:  Left button up, pos=(1228,822)
807.2341 	EXP 	New trial (rep=2, index=31): {'basicShape': 'circle', 'numObjectsInRing': 4, 'speed': 'staircase', 'initialDirRing0': 1, 'numTargets': 2, 'whichIsTargetEachRing': array([   0.,    1., -999.]), 'ringToQuery': 0}
809.0993 	ERROR 	Not enough reversal times allocated, reached 2 reversals at 4.2and still going (only allocated the following:[3.1 4.2] n= 23 current time =0.38 asking for time of next one, will assume no more reversals
809.1120 	ERROR 	Not enough reversal times allocated, reached 2 reversals at 4.2and still going (only allocated the following:[2.5 4.2] n= 24 current time =0.4 asking for time of next one, will assume no more reversals
809.1641 	ERROR 	Not enough reversal times allocated, reached 2 reversals at 4.2and still going (only allocated the following:[2.2 4.2] n= 27 current time =0.45 asking for time of next one, will assume no more reversals
809.1808 	ERROR 	Not enough reversal times allocated, reached 2 reversals at 4.2and still going (only allocated the following:[2.2 4.2] n= 28 current time =0.47 asking for time of next one, will assume no more reversals
809.1973 	ERROR 	Not enough reversal times allocated, reached 2 reversals at 4.2and still going (only allocated the following:[2.2 4.2] n= 29 current time =0.48 asking for time of next one, will assume no more reversals
809.2140 	ERROR 	Not enough reversal times allocated, reached 2 reversals at 4.2and still going (only allocated the following:[2.2 4.2] n= 30 current time =0.5 asking for time of next one, will assume no more reversals
809.2307 	ERROR 	Not enough reversal times allocated, reached 2 reversals at 4.2and still going (only allocated the following:[2.2 4.2] n= 31 current time =0.52 asking for time of next one, will assume no more reversals
809.2475 	ERROR 	Not enough reversal times allocated, reached 2 reversals at 4.2and still going (only allocated the following:[2.2 4.2] n= 32 current time =0.53 asking for time of next one, will assume no more reversals
809.2643 	ERROR 	Not enough reversal times allocated, reached 2 reversals at 4.2and still going (only allocated the following:[2.2 4.2] n= 33 current time =0.55 asking for time of next one, will assume no more reversals
809.2806 	ERROR 	Not enough reversal times allocated, reached 2 reversals at 4.2and still going (only allocated the following:[2.2 4.2] n= 34 current time =0.57 asking for time of next one, will assume no more reversals
809.2976 	ERROR 	Not enough reversal times allocated, reached 2 reversals at 4.2and still going (only allocated the following:[2.2 4.2] n= 35 current time =0.58 asking for time of next one, will assume no more reversals
809.3141 	ERROR 	Not enough reversal times allocated, reached 2 reversals at 4.2and still going (only allocated the following:[2.2 4.2] n= 36 current time =0.6 asking for time of next one, will assume no more reversals
809.3311 	ERROR 	Not enough reversal times allocated, reached 2 reversals at 4.2and still going (only allocated the following:[2.2 4.2] n= 37 current time =0.62 asking for time of next one, will assume no more reversals
809.3487 	ERROR 	Not enough reversal times allocated, reached 2 reversals at 4.2and still going (only allocated the following:[2.2 4.2] n= 38 current time =0.63 asking for time of next one, will assume no more reversals
809.3650 	ERROR 	Not enough reversal times allocated, reached 2 reversals at 4.2and still going (only allocated the following:[2.2 4.2] n= 39 current time =0.65 asking for time of next one, will assume no more reversals
809.3817 	ERROR 	Not enough reversal times allocated, reached 2 reversals at 4.2and still going (only allocated the following:[2.2 4.2] n= 40 current time =0.67 asking for time of next one, will assume no more reversals
809.3976 	ERROR 	Not enough reversal times allocated, reached 2 reversals at 4.2and still going (only allocated the following:[2.2 4.2] n= 41 current time =0.68 asking for time of next one, will assume no more reversals
809.4145 	ERROR 	Not enough reversal times allocated, reached 2 reversals at 4.2and still going (only allocated the following:[2.2 4.2] n= 42 current time =0.7 asking for time of next one, will assume no more reversals
809.4313 	ERROR 	Not enough reversal times allocated, reached 2 reversals at 4.2and still going (only allocated the following:[2.2 4.2] n= 43 current time =0.72 asking for time of next one, will assume no more reversals
809.4477 	ERROR 	Not enough reversal times allocated, reached 2 reversals at 4.2and still going (only allocated the following:[2.2 4.2] n= 44 current time =0.73 asking for time of next one, will assume no more reversals
809.4656 	ERROR 	Not enough reversal times allocated, reached 2 reversals at 4.2and still going (only allocated the following:[2.2 4.2] n= 45 current time =0.75 asking for time of next one, will assume no more reversals
809.4808 	ERROR 	Not enough reversal times allocated, reached 2 reversals at 4.2and still going (only allocated the following:[2.2 4.2] n= 46 current time =0.77 asking for time of next one, will assume no more reversals
809.4982 	ERROR 	Not enough reversal times allocated, reached 2 reversals at 4.2and still going (only allocated the following:[2.2 4.2] n= 47 current time =0.78 asking for time of next one, will assume no more reversals
809.5157 	ERROR 	Not enough reversal times allocated, reached 2 reversals at 4.2and still going (only allocated the following:[2.2 4.2] n= 48 current time =0.8 asking for time of next one, will assume no more reversals
809.5318 	ERROR 	Not enough reversal times allocated, reached 2 reversals at 4.2and still going (only allocated the following:[2.2 4.2] n= 49 current time =0.82 asking for time of next one, will assume no more reversals
809.5483 	ERROR 	Not enough reversal times allocated, reached 2 reversals at 4.2and still going (only allocated the following:[2.2 4.2] n= 50 current time =0.83 asking for time of next one, will assume no more reversals
809.5649 	ERROR 	Not enough reversal times allocated, reached 2 reversals at 4.2and still going (only allocated the following:[2.2 4.2] n= 51 current time =0.85 asking for time of next one, will assume no more reversals
809.5821 	ERROR 	Not enough reversal times allocated, reached 2 reversals at 4.2and still going (only allocated the following:[2.2 4.2] n= 52 current time =0.87 asking for time of next one, will assume no more reversals
809.5981 	ERROR 	Not enough reversal times allocated, reached 2 reversals at 4.2and still going (only allocated the following:[2.2 4.2] n= 53 current time =0.88 asking for time of next one, will assume no more reversals
809.6156 	ERROR 	Not enough reversal times allocated, reached 2 reversals at 4.2and still going (only allocated the following:[2.2 4.2] n= 54 current time =0.9 asking for time of next one, will assume no more reversals
809.6333 	ERROR 	Not enough reversal times allocated, reached 2 reversals at 4.2and still going (only allocated the following:[2.2 4.2] n= 55 current time =0.92 asking for time of next one, will assume no more reversals
809.6485 	ERROR 	Not enough reversal times allocated, reached 2 reversals at 4.2and still going (only allocated the following:[2.2 4.2] n= 56 current time =0.93 asking for time of next one, will assume no more reversals
809.6657 	ERROR 	Not enough reversal times allocated, reached 2 reversals at 4.2and still going (only allocated the following:[2.2 4.2] n= 57 current time =0.95 asking for time of next one, will assume no more reversals
809.6822 	ERROR 	Not enough reversal times allocated, reached 2 reversals at 4.2and still going (only allocated the following:[2.2 4.2] n= 58 current time =0.97 asking for time of next one, will assume no more reversals
809.6981 	ERROR 	Not enough reversal times allocated, reached 2 reversals at 4.2and still going (only allocated the following:[2.2 4.2] n= 59 current time =0.98 asking for time of next one, will assume no more reversals
809.7151 	ERROR 	Not enough reversal times allocated, reached 2 reversals at 4.2and still going (only allocated the following:[2.2 4.2] n= 60 current time =1.0 asking for time of next one, will assume no more reversals
809.7310 	ERROR 	Not enough reversal times allocated, reached 2 reversals at 4.2and still going (only allocated the following:[2.2 4.2] n= 61 current time =1.02 asking for time of next one, will assume no more reversals
809.7476 	ERROR 	Not enough reversal times allocated, reached 2 reversals at 4.2and still going (only allocated the following:[2.2 4.2] n= 62 current time =1.03 asking for time of next one, will assume no more reversals
809.7659 	ERROR 	Not enough reversal times allocated, reached 2 reversals at 4.2and still going (only allocated the following:[2.2 4.2] n= 63 current time =1.05 asking for time of next one, will assume no more reversals
809.7814 	ERROR 	Not enough reversal times allocated, reached 2 reversals at 4.2and still going (only allocated the following:[2.2 4.2] n= 64 current time =1.07 asking for time of next one, will assume no more reversals
809.7977 	ERROR 	Not enough reversal times allocated, reached 2 reversals at 4.2and still going (only allocated the following:[2.2 4.2] n= 65 current time =1.08 asking for time of next one, will assume no more reversals
809.8152 	ERROR 	Not enough reversal times allocated, reached 2 reversals at 4.2and still going (only allocated the following:[2.2 4.2] n= 66 current time =1.1 asking for time of next one, will assume no more reversals
809.8314 	ERROR 	Not enough reversal times allocated, reached 2 reversals at 4.2and still going (only allocated the following:[2.2 4.2] n= 67 current time =1.12 asking for time of next one, will assume no more reversals
809.8480 	ERROR 	Not enough reversal times allocated, reached 2 reversals at 4.2and still going (only allocated the following:[2.2 4.2] n= 68 current time =1.13 asking for time of next one, will assume no more reversals
809.8648 	ERROR 	Not enough reversal times allocated, reached 2 reversals at 4.2and still going (only allocated the following:[2.2 4.2] n= 69 current time =1.15 asking for time of next one, will assume no more reversals
809.8821 	ERROR 	Not enough reversal times allocated, reached 2 reversals at 4.2and still going (only allocated the following:[2.2 4.2] n= 70 current time =1.17 asking for time of next one, will assume no more reversals
809.8976 	ERROR 	Not enough reversal times allocated, reached 2 reversals at 4.2and still going (only allocated the following:[2.2 4.2] n= 71 current time =1.18 asking for time of next one, will assume no more reversals
809.9156 	ERROR 	Not enough reversal times allocated, reached 2 reversals at 4.2and still going (only allocated the following:[2.2 4.2] n= 72 current time =1.2 asking for time of next one, will assume no more reversals
809.9313 	ERROR 	Not enough reversal times allocated, reached 2 reversals at 4.2and still going (only allocated the following:[2.2 4.2] n= 73 current time =1.22 asking for time of next one, will assume no more reversals
809.9496 	ERROR 	Not enough reversal times allocated, reached 2 reversals at 4.2and still going (only allocated the following:[2.2 4.2] n= 74 current time =1.23 asking for time of next one, will assume no more reversals
809.9654 	ERROR 	Not enough reversal times allocated, reached 2 reversals at 4.2and still going (only allocated the following:[2.2 4.2] n= 75 current time =1.25 asking for time of next one, will assume no more reversals
809.9840 	ERROR 	Not enough reversal times allocated, reached 2 reversals at 4.2and still going (only allocated the following:[2.2 4.2] n= 76 current time =1.27 asking for time of next one, will assume no more reversals
809.9979 	ERROR 	Not enough reversal times allocated, reached 2 reversals at 4.2and still going (only allocated the following:[2.2 4.2] n= 77 current time =1.28 asking for time of next one, will assume no more reversals
810.0159 	ERROR 	Not enough reversal times allocated, reached 2 reversals at 4.2and still going (only allocated the following:[2.2 4.2] n= 78 current time =1.3 asking for time of next one, will assume no more reversals
810.0319 	ERROR 	Not enough reversal times allocated, reached 2 reversals at 4.2and still going (only allocated the following:[2.2 4.2] n= 79 current time =1.32 asking for time of next one, will assume no more reversals
810.0482 	ERROR 	Not enough reversal times allocated, reached 2 reversals at 4.2and still going (only allocated the following:[2.2 4.2] n= 80 current time =1.33 asking for time of next one, will assume no more reversals
810.0650 	ERROR 	Not enough reversal times allocated, reached 2 reversals at 4.2and still going (only allocated the following:[2.2 4.2] n= 81 current time =1.35 asking for time of next one, will assume no more reversals
810.0811 	ERROR 	Not enough reversal times allocated, reached 2 reversals at 4.2and still going (only allocated the following:[2.2 4.2] n= 82 current time =1.37 asking for time of next one, will assume no more reversals
810.0995 	ERROR 	Not enough reversal times allocated, reached 2 reversals at 4.2and still going (only allocated the following:[2.2 4.2] n= 83 current time =1.38 asking for time of next one, will assume no more reversals
810.1158 	ERROR 	Not enough reversal times allocated, reached 2 reversals at 4.2and still going (only allocated the following:[2.2 4.2] n= 84 current time =1.4 asking for time of next one, will assume no more reversals
810.1315 	ERROR 	Not enough reversal times allocated, reached 2 reversals at 4.2and still going (only allocated the following:[2.2 4.2] n= 85 current time =1.42 asking for time of next one, will assume no more reversals
810.1492 	ERROR 	Not enough reversal times allocated, reached 2 reversals at 4.2and still going (only allocated the following:[2.2 4.2] n= 86 current time =1.43 asking for time of next one, will assume no more reversals
810.1656 	ERROR 	Not enough reversal times allocated, reached 2 reversals at 4.2and still going (only allocated the following:[2.2 4.2] n= 87 current time =1.45 asking for time of next one, will assume no more reversals
810.1821 	ERROR 	Not enough reversal times allocated, reached 2 reversals at 4.2and still going (only allocated the following:[2.2 4.2] n= 88 current time =1.47 asking for time of next one, will assume no more reversals
810.1991 	ERROR 	Not enough reversal times allocated, reached 2 reversals at 4.2and still going (only allocated the following:[2.2 4.2] n= 89 current time =1.48 asking for time of next one, will assume no more reversals
810.2158 	ERROR 	Not enough reversal times allocated, reached 2 reversals at 4.2and still going (only allocated the following:[2.2 4.2] n= 90 current time =1.5 asking for time of next one, will assume no more reversals
810.2326 	ERROR 	Not enough reversal times allocated, reached 2 reversals at 4.2and still going (only allocated the following:[2.2 4.2] n= 91 current time =1.52 asking for time of next one, will assume no more reversals
810.2484 	ERROR 	Not enough reversal times allocated, reached 2 reversals at 4.2and still going (only allocated the following:[2.2 4.2] n= 92 current time =1.53 asking for time of next one, will assume no more reversals
810.2650 	ERROR 	Not enough reversal times allocated, reached 2 reversals at 4.2and still going (only allocated the following:[2.2 4.2] n= 93 current time =1.55 asking for time of next one, will assume no more reversals
810.2823 	ERROR 	Not enough reversal times allocated, reached 2 reversals at 4.2and still going (only allocated the following:[2.2 4.2] n= 94 current time =1.57 asking for time of next one, will assume no more reversals
810.3005 	ERROR 	Not enough reversal times allocated, reached 2 reversals at 4.2and still going (only allocated the following:[2.2 4.2] n= 95 current time =1.58 asking for time of next one, will assume no more reversals
810.3158 	ERROR 	Not enough reversal times allocated, reached 2 reversals at 4.2and still going (only allocated the following:[2.2 4.2] n= 96 current time =1.6 asking for time of next one, will assume no more reversals
810.3322 	ERROR 	Not enough reversal times allocated, reached 2 reversals at 4.2and still going (only allocated the following:[2.2 4.2] n= 97 current time =1.62 asking for time of next one, will assume no more reversals
810.3485 	ERROR 	Not enough reversal times allocated, reached 2 reversals at 4.2and still going (only allocated the following:[2.2 4.2] n= 98 current time =1.63 asking for time of next one, will assume no more reversals
810.3651 	ERROR 	Not enough reversal times allocated, reached 2 reversals at 4.2and still going (only allocated the following:[2.2 4.2] n= 99 current time =1.65 asking for time of next one, will assume no more reversals
810.3813 	ERROR 	Not enough reversal times allocated, reached 2 reversals at 4.2and still going (only allocated the following:[2.2 4.2] n= 100 current time =1.67 asking for time of next one, will assume no more reversals
810.3981 	ERROR 	Not enough reversal times allocated, reached 2 reversals at 4.2and still going (only allocated the following:[2.2 4.2] n= 101 current time =1.68 asking for time of next one, will assume no more reversals
810.4156 	ERROR 	Not enough reversal times allocated, reached 2 reversals at 4.2and still going (only allocated the following:[2.2 4.2] n= 102 current time =1.7 asking for time of next one, will assume no more reversals
810.4323 	ERROR 	Not enough reversal times allocated, reached 2 reversals at 4.2and still going (only allocated the following:[2.2 4.2] n= 103 current time =1.72 asking for time of next one, will assume no more reversals
810.4482 	ERROR 	Not enough reversal times allocated, reached 2 reversals at 4.2and still going (only allocated the following:[2.2 4.2] n= 104 current time =1.73 asking for time of next one, will assume no more reversals
810.4651 	ERROR 	Not enough reversal times allocated, reached 2 reversals at 4.2and still going (only allocated the following:[2.2 4.2] n= 105 current time =1.75 asking for time of next one, will assume no more reversals
810.4822 	ERROR 	Not enough reversal times allocated, reached 2 reversals at 4.2and still going (only allocated the following:[2.2 4.2] n= 106 current time =1.77 asking for time of next one, will assume no more reversals
810.4982 	ERROR 	Not enough reversal times allocated, reached 2 reversals at 4.2and still going (only allocated the following:[2.2 4.2] n= 107 current time =1.78 asking for time of next one, will assume no more reversals
810.5155 	ERROR 	Not enough reversal times allocated, reached 2 reversals at 4.2and still going (only allocated the following:[2.2 4.2] n= 108 current time =1.8 asking for time of next one, will assume no more reversals
810.5321 	ERROR 	Not enough reversal times allocated, reached 2 reversals at 4.2and still going (only allocated the following:[2.2 4.2] n= 109 current time =1.82 asking for time of next one, will assume no more reversals
810.5485 	ERROR 	Not enough reversal times allocated, reached 2 reversals at 4.2and still going (only allocated the following:[2.2 4.2] n= 110 current time =1.83 asking for time of next one, will assume no more reversals
810.5655 	ERROR 	Not enough reversal times allocated, reached 2 reversals at 4.2and still going (only allocated the following:[2.2 4.2] n= 111 current time =1.85 asking for time of next one, will assume no more reversals
810.5830 	ERROR 	Not enough reversal times allocated, reached 2 reversals at 4.2and still going (only allocated the following:[2.2 4.2] n= 112 current time =1.87 asking for time of next one, will assume no more reversals
810.5998 	ERROR 	Not enough reversal times allocated, reached 2 reversals at 4.2and still going (only allocated the following:[2.2 4.2] n= 113 current time =1.88 asking for time of next one, will assume no more reversals
810.6160 	ERROR 	Not enough reversal times allocated, reached 2 reversals at 4.2and still going (only allocated the following:[2.2 4.2] n= 114 current time =1.9 asking for time of next one, will assume no more reversals
810.6328 	ERROR 	Not enough reversal times allocated, reached 2 reversals at 4.2and still going (only allocated the following:[2.2 4.2] n= 115 current time =1.92 asking for time of next one, will assume no more reversals
810.6494 	ERROR 	Not enough reversal times allocated, reached 2 reversals at 4.2and still going (only allocated the following:[2.2 4.2] n= 116 current time =1.93 asking for time of next one, will assume no more reversals
810.6658 	ERROR 	Not enough reversal times allocated, reached 2 reversals at 4.2and still going (only allocated the following:[2.2 4.2] n= 117 current time =1.95 asking for time of next one, will assume no more reversals
810.6827 	ERROR 	Not enough reversal times allocated, reached 2 reversals at 4.2and still going (only allocated the following:[2.2 4.2] n= 118 current time =1.97 asking for time of next one, will assume no more reversals
810.6998 	ERROR 	Not enough reversal times allocated, reached 2 reversals at 4.2and still going (only allocated the following:[2.2 4.2] n= 119 current time =1.98 asking for time of next one, will assume no more reversals
810.7158 	ERROR 	Not enough reversal times allocated, reached 2 reversals at 4.2and still going (only allocated the following:[2.2 4.2] n= 120 current time =2.0 asking for time of next one, will assume no more reversals
810.7320 	ERROR 	Not enough reversal times allocated, reached 2 reversals at 4.2and still going (only allocated the following:[2.2 4.2] n= 121 current time =2.02 asking for time of next one, will assume no more reversals
810.7499 	ERROR 	Not enough reversal times allocated, reached 2 reversals at 4.2and still going (only allocated the following:[2.2 4.2] n= 122 current time =2.03 asking for time of next one, will assume no more reversals
810.7654 	ERROR 	Not enough reversal times allocated, reached 2 reversals at 4.2and still going (only allocated the following:[2.2 4.2] n= 123 current time =2.05 asking for time of next one, will assume no more reversals
810.7829 	ERROR 	Not enough reversal times allocated, reached 2 reversals at 4.2and still going (only allocated the following:[2.2 4.2] n= 124 current time =2.07 asking for time of next one, will assume no more reversals
810.7985 	ERROR 	Not enough reversal times allocated, reached 2 reversals at 4.2and still going (only allocated the following:[2.2 4.2] n= 125 current time =2.08 asking for time of next one, will assume no more reversals
810.8158 	ERROR 	Not enough reversal times allocated, reached 2 reversals at 4.2and still going (only allocated the following:[2.2 4.2] n= 126 current time =2.1 asking for time of next one, will assume no more reversals
810.8329 	ERROR 	Not enough reversal times allocated, reached 2 reversals at 4.2and still going (only allocated the following:[2.2 4.2] n= 127 current time =2.12 asking for time of next one, will assume no more reversals
810.8497 	ERROR 	Not enough reversal times allocated, reached 2 reversals at 4.2and still going (only allocated the following:[2.2 4.2] n= 128 current time =2.13 asking for time of next one, will assume no more reversals
810.8660 	ERROR 	Not enough reversal times allocated, reached 2 reversals at 4.2and still going (only allocated the following:[2.2 4.2] n= 129 current time =2.15 asking for time of next one, will assume no more reversals
810.8823 	ERROR 	Not enough reversal times allocated, reached 2 reversals at 4.2and still going (only allocated the following:[2.2 4.2] n= 130 current time =2.17 asking for time of next one, will assume no more reversals
810.8982 	ERROR 	Not enough reversal times allocated, reached 2 reversals at 4.2and still going (only allocated the following:[2.2 4.2] n= 131 current time =2.18 asking for time of next one, will assume no more reversals
810.9154 	ERROR 	Not enough reversal times allocated, reached 2 reversals at 4.2and still going (only allocated the following:[2.2 4.2] n= 132 current time =2.2 asking for time of next one, will assume no more reversals
810.9321 	ERROR 	Not enough reversal times allocated, reached 2 reversals at 4.2and still going (only allocated the following:[2.2 4.2] n= 133 current time =2.22 asking for time of next one, will assume no more reversals
810.9496 	ERROR 	Not enough reversal times allocated, reached 2 reversals at 4.2and still going (only allocated the following:[2.2 4.2] n= 134 current time =2.23 asking for time of next one, will assume no more reversals
810.9661 	ERROR 	Not enough reversal times allocated, reached 2 reversals at 4.2and still going (only allocated the following:[2.2 4.2] n= 135 current time =2.25 asking for time of next one, will assume no more reversals
810.9815 	ERROR 	Not enough reversal times allocated, reached 2 reversals at 4.2and still going (only allocated the following:[2.2 4.2] n= 136 current time =2.27 asking for time of next one, will assume no more reversals
810.9990 	ERROR 	Not enough reversal times allocated, reached 2 reversals at 4.2and still going (only allocated the following:[2.2 4.2] n= 137 current time =2.28 asking for time of next one, will assume no more reversals
811.0156 	ERROR 	Not enough reversal times allocated, reached 2 reversals at 4.2and still going (only allocated the following:[2.2 4.2] n= 138 current time =2.3 asking for time of next one, will assume no more reversals
811.0326 	ERROR 	Not enough reversal times allocated, reached 2 reversals at 4.2and still going (only allocated the following:[2.2 4.2] n= 139 current time =2.32 asking for time of next one, will assume no more reversals
811.0482 	ERROR 	Not enough reversal times allocated, reached 2 reversals at 4.2and still going (only allocated the following:[2.2 4.2] n= 140 current time =2.33 asking for time of next one, will assume no more reversals
811.0657 	ERROR 	Not enough reversal times allocated, reached 2 reversals at 4.2and still going (only allocated the following:[2.2 4.2] n= 141 current time =2.35 asking for time of next one, will assume no more reversals
811.0821 	ERROR 	Not enough reversal times allocated, reached 2 reversals at 4.2and still going (only allocated the following:[2.2 4.2] n= 142 current time =2.37 asking for time of next one, will assume no more reversals
811.0989 	ERROR 	Not enough reversal times allocated, reached 2 reversals at 4.2and still going (only allocated the following:[2.2 4.2] n= 143 current time =2.38 asking for time of next one, will assume no more reversals
811.1161 	ERROR 	Not enough reversal times allocated, reached 2 reversals at 4.2and still going (only allocated the following:[2.2 4.2] n= 144 current time =2.4 asking for time of next one, will assume no more reversals
811.1329 	ERROR 	Not enough reversal times allocated, reached 2 reversals at 4.2and still going (only allocated the following:[2.2 4.2] n= 145 current time =2.42 asking for time of next one, will assume no more reversals
811.1486 	ERROR 	Not enough reversal times allocated, reached 2 reversals at 4.2and still going (only allocated the following:[2.2 4.2] n= 146 current time =2.43 asking for time of next one, will assume no more reversals
811.1660 	ERROR 	Not enough reversal times allocated, reached 2 reversals at 4.2and still going (only allocated the following:[2.2 4.2] n= 147 current time =2.45 asking for time of next one, will assume no more reversals
811.1828 	ERROR 	Not enough reversal times allocated, reached 2 reversals at 4.2and still going (only allocated the following:[2.2 4.2] n= 148 current time =2.47 asking for time of next one, will assume no more reversals
811.1991 	ERROR 	Not enough reversal times allocated, reached 2 reversals at 4.2and still going (only allocated the following:[2.2 4.2] n= 149 current time =2.48 asking for time of next one, will assume no more reversals
811.2158 	ERROR 	Not enough reversal times allocated, reached 2 reversals at 4.2and still going (only allocated the following:[2.2 4.2] n= 150 current time =2.5 asking for time of next one, will assume no more reversals
811.2330 	ERROR 	Not enough reversal times allocated, reached 2 reversals at 4.2and still going (only allocated the following:[2.2 4.2] n= 151 current time =2.52 asking for time of next one, will assume no more reversals
811.2497 	ERROR 	Not enough reversal times allocated, reached 2 reversals at 4.2and still going (only allocated the following:[2.2 4.2] n= 152 current time =2.53 asking for time of next one, will assume no more reversals
811.2660 	ERROR 	Not enough reversal times allocated, reached 2 reversals at 4.2and still going (only allocated the following:[2.2 4.2] n= 153 current time =2.55 asking for time of next one, will assume no more reversals
811.2826 	ERROR 	Not enough reversal times allocated, reached 2 reversals at 4.2and still going (only allocated the following:[2.2 4.2] n= 154 current time =2.57 asking for time of next one, will assume no more reversals
811.2998 	ERROR 	Not enough reversal times allocated, reached 2 reversals at 4.2and still going (only allocated the following:[2.2 4.2] n= 155 current time =2.58 asking for time of next one, will assume no more reversals
811.3157 	ERROR 	Not enough reversal times allocated, reached 2 reversals at 4.2and still going (only allocated the following:[2.2 4.2] n= 156 current time =2.6 asking for time of next one, will assume no more reversals
811.3330 	ERROR 	Not enough reversal times allocated, reached 2 reversals at 4.2and still going (only allocated the following:[2.2 4.2] n= 157 current time =2.62 asking for time of next one, will assume no more reversals
811.3497 	ERROR 	Not enough reversal times allocated, reached 2 reversals at 4.2and still going (only allocated the following:[2.2 4.2] n= 158 current time =2.63 asking for time of next one, will assume no more reversals
811.3653 	ERROR 	Not enough reversal times allocated, reached 2 reversals at 4.2and still going (only allocated the following:[2.2 4.2] n= 159 current time =2.65 asking for time of next one, will assume no more reversals
811.3839 	ERROR 	Not enough reversal times allocated, reached 2 reversals at 4.2and still going (only allocated the following:[2.2 4.2] n= 160 current time =2.67 asking for time of next one, will assume no more reversals
811.3999 	ERROR 	Not enough reversal times allocated, reached 2 reversals at 4.2and still going (only allocated the following:[2.2 4.2] n= 161 current time =2.68 asking for time of next one, will assume no more reversals
811.4159 	ERROR 	Not enough reversal times allocated, reached 2 reversals at 4.2and still going (only allocated the following:[2.2 4.2] n= 162 current time =2.7 asking for time of next one, will assume no more reversals
811.4322 	ERROR 	Not enough reversal times allocated, reached 2 reversals at 4.2and still going (only allocated the following:[2.2 4.2] n= 163 current time =2.72 asking for time of next one, will assume no more reversals
811.4498 	ERROR 	Not enough reversal times allocated, reached 2 reversals at 4.2and still going (only allocated the following:[2.2 4.2] n= 164 current time =2.73 asking for time of next one, will assume no more reversals
811.4661 	ERROR 	Not enough reversal times allocated, reached 2 reversals at 4.2and still going (only allocated the following:[2.2 4.2] n= 165 current time =2.75 asking for time of next one, will assume no more reversals
812.4144 	WARNING 	No default speaker specified in Preferences / Hardware, using first speaker found: Speakers (2- Realtek(R) Audio)
812.4350 	INFO 	Created stream for speaker device: Speakers (2- Realtek(R) Audio) (5.0)
812.4364 	EXP 	: sampleRate = 48000
812.4365 	EXP 	: channels = None
812.4369 	EXP 	: sampleRate = 44100
812.4414 	INFO 	Resampled audio from 44100Hz to 48000Hz using method 'default'.
813.2377 	DATA 	Mouse: Left button down, pos=(1137,719)
813.3207 	DATA 	Mouse:  Left button up, pos=(1138,718)
813.5120 	EXP 	New trial (rep=2, index=32): {'basicShape': 'circle', 'numObjectsInRing': 2, 'speed': 'staircase', 'initialDirRing0': 1, 'numTargets': 1, 'whichIsTargetEachRing': array([   0., -999.,    1.]), 'ringToQuery': 2}
817.5205 	ERROR 	Not enough reversal times allocated, reached 2 reversals at 4.0and still going (only allocated the following:[2.7 4. ] n= 166 current time =2.77 asking for time of next one, will assume no more reversals
817.5372 	ERROR 	Not enough reversal times allocated, reached 2 reversals at 4.0and still going (only allocated the following:[2.7 4. ] n= 167 current time =2.78 asking for time of next one, will assume no more reversals
817.5543 	ERROR 	Not enough reversal times allocated, reached 2 reversals at 4.0and still going (only allocated the following:[2.7 4. ] n= 168 current time =2.8 asking for time of next one, will assume no more reversals
817.5708 	ERROR 	Not enough reversal times allocated, reached 2 reversals at 4.0and still going (only allocated the following:[2.7 4. ] n= 169 current time =2.82 asking for time of next one, will assume no more reversals
817.5865 	ERROR 	Not enough reversal times allocated, reached 2 reversals at 4.0and still going (only allocated the following:[2.7 4. ] n= 170 current time =2.83 asking for time of next one, will assume no more reversals
817.6027 	ERROR 	Not enough reversal times allocated, reached 2 reversals at 4.0and still going (only allocated the following:[2.7 4. ] n= 171 current time =2.85 asking for time of next one, will assume no more reversals
817.6216 	ERROR 	Not enough reversal times allocated, reached 2 reversals at 4.0and still going (only allocated the following:[2.7 4. ] n= 172 current time =2.87 asking for time of next one, will assume no more reversals
817.6346 	ERROR 	Not enough reversal times allocated, reached 3 reversals at 4.8and still going (only allocated the following:[2.5 3.5 4.8] n= 173 current time =2.88 asking for time of next one, will assume no more reversals
817.6514 	ERROR 	Not enough reversal times allocated, reached 3 reversals at 4.8and still going (only allocated the following:[2.5 3.5 4.8] n= 174 current time =2.9 asking for time of next one, will assume no more reversals
817.6688 	ERROR 	Not enough reversal times allocated, reached 3 reversals at 4.8and still going (only allocated the following:[2.5 3.5 4.8] n= 175 current time =2.92 asking for time of next one, will assume no more reversals
817.6856 	ERROR 	Not enough reversal times allocated, reached 3 reversals at 4.8and still going (only allocated the following:[2.5 3.5 4.8] n= 176 current time =2.93 asking for time of next one, will assume no more reversals
817.7016 	ERROR 	Not enough reversal times allocated, reached 3 reversals at 4.8and still going (only allocated the following:[2.5 3.5 4.8] n= 177 current time =2.95 asking for time of next one, will assume no more reversals
817.7187 	ERROR 	Not enough reversal times allocated, reached 3 reversals at 4.8and still going (only allocated the following:[2.5 3.5 4.8] n= 178 current time =2.97 asking for time of next one, will assume no more reversals
817.7354 	ERROR 	Not enough reversal times allocated, reached 3 reversals at 4.8and still going (only allocated the following:[2.5 3.5 4.8] n= 179 current time =2.98 asking for time of next one, will assume no more reversals
818.0670 	WARNING 	No default speaker specified in Preferences / Hardware, using first speaker found: Speakers (2- Realtek(R) Audio)
818.0909 	INFO 	Created stream for speaker device: Speakers (2- Realtek(R) Audio) (5.0)
818.0922 	EXP 	: sampleRate = 48000
818.0922 	EXP 	: channels = None
818.0926 	EXP 	: sampleRate = 44100
818.0958 	INFO 	Resampled audio from 44100Hz to 48000Hz using method 'default'.
820.7414 	DATA 	Mouse: Left button down, pos=(814,633)
820.8605 	DATA 	Mouse:  Left button up, pos=(814,633)
821.0107 	EXP 	New trial (rep=2, index=33): {'basicShape': 'circle', 'numObjectsInRing': 4, 'speed': [0.02, 0.1], 'initialDirRing0': 1, 'numTargets': 2, 'whichIsTargetEachRing': array([   0.,    3., -999.]), 'ringToQuery': 0}
822.8386 	ERROR 	Not enough reversal times allocated, reached 4 reversals at 7.4and still going (only allocated the following:[2.7 4.2 5.6 7.4] n= 38 current time =0.63 asking for time of next one, will assume no more reversals
825.5420 	ERROR 	Not enough reversal times allocated, reached 5 reversals at 6.1and still going (only allocated the following:[1.7 2.9 3.5 4.7 6.1] n= 200 current time =3.33 asking for time of next one, will assume no more reversals
827.9101 	WARNING 	No default speaker specified in Preferences / Hardware, using first speaker found: Speakers (2- Realtek(R) Audio)
827.9313 	INFO 	Created stream for speaker device: Speakers (2- Realtek(R) Audio) (5.0)
827.9325 	EXP 	: sampleRate = 48000
827.9325 	EXP 	: channels = None
827.9329 	EXP 	: sampleRate = 44100
827.9365 	INFO 	Resampled audio from 44100Hz to 48000Hz using method 'default'.
828.5481 	DATA 	Mouse: Left button down, pos=(670,844)
828.6597 	DATA 	Mouse:  Left button up, pos=(670,842)
828.8154 	EXP 	New trial (rep=2, index=34): {'basicShape': 'circle', 'numObjectsInRing': 4, 'speed': 'staircase', 'initialDirRing0': 1, 'numTargets': 2, 'whichIsTargetEachRing': array([   2.,    1., -999.]), 'ringToQuery': 0}
832.1636 	ERROR 	Not enough reversal times allocated, reached 3 reversals at 4.8and still going (only allocated the following:[2.  3.8 4.8] n= 115 current time =1.92 asking for time of next one, will assume no more reversals
832.1805 	ERROR 	Not enough reversal times allocated, reached 3 reversals at 4.8and still going (only allocated the following:[2.  3.8 4.8] n= 116 current time =1.93 asking for time of next one, will assume no more reversals
832.1979 	ERROR 	Not enough reversal times allocated, reached 3 reversals at 4.8and still going (only allocated the following:[2.  3.8 4.8] n= 117 current time =1.95 asking for time of next one, will assume no more reversals
832.2147 	ERROR 	Not enough reversal times allocated, reached 3 reversals at 4.8and still going (only allocated the following:[2.  3.8 4.8] n= 118 current time =1.97 asking for time of next one, will assume no more reversals
832.2310 	ERROR 	Not enough reversal times allocated, reached 3 reversals at 4.8and still going (only allocated the following:[2.  3.8 4.8] n= 119 current time =1.98 asking for time of next one, will assume no more reversals
832.2471 	ERROR 	Not enough reversal times allocated, reached 3 reversals at 4.8and still going (only allocated the following:[2.  3.8 4.8] n= 120 current time =2.0 asking for time of next one, will assume no more reversals
832.2636 	ERROR 	Not enough reversal times allocated, reached 3 reversals at 4.8and still going (only allocated the following:[2.  3.8 4.8] n= 121 current time =2.02 asking for time of next one, will assume no more reversals
832.2807 	ERROR 	Not enough reversal times allocated, reached 3 reversals at 4.8and still going (only allocated the following:[2.  3.8 4.8] n= 122 current time =2.03 asking for time of next one, will assume no more reversals
832.2978 	ERROR 	Not enough reversal times allocated, reached 3 reversals at 4.8and still going (only allocated the following:[2.  3.8 4.8] n= 123 current time =2.05 asking for time of next one, will assume no more reversals
832.3137 	ERROR 	Not enough reversal times allocated, reached 3 reversals at 4.8and still going (only allocated the following:[2.  3.8 4.8] n= 124 current time =2.07 asking for time of next one, will assume no more reversals
832.3316 	ERROR 	Not enough reversal times allocated, reached 3 reversals at 4.8and still going (only allocated the following:[2.  3.8 4.8] n= 125 current time =2.08 asking for time of next one, will assume no more reversals
832.3473 	ERROR 	Not enough reversal times allocated, reached 3 reversals at 4.8and still going (only allocated the following:[2.  3.8 4.8] n= 126 current time =2.1 asking for time of next one, will assume no more reversals
832.3647 	ERROR 	Not enough reversal times allocated, reached 3 reversals at 4.8and still going (only allocated the following:[2.  3.8 4.8] n= 127 current time =2.12 asking for time of next one, will assume no more reversals
832.3805 	ERROR 	Not enough reversal times allocated, reached 3 reversals at 4.8and still going (only allocated the following:[2.  3.8 4.8] n= 128 current time =2.13 asking for time of next one, will assume no more reversals
832.3971 	ERROR 	Not enough reversal times allocated, reached 3 reversals at 4.8and still going (only allocated the following:[2.  3.8 4.8] n= 129 current time =2.15 asking for time of next one, will assume no more reversals
832.4149 	ERROR 	Not enough reversal times allocated, reached 3 reversals at 4.8and still going (only allocated the following:[2.  3.8 4.8] n= 130 current time =2.17 asking for time of next one, will assume no more reversals
832.4311 	ERROR 	Not enough reversal times allocated, reached 3 reversals at 4.8and still going (only allocated the following:[2.  3.8 4.8] n= 131 current time =2.18 asking for time of next one, will assume no more reversals
832.4472 	ERROR 	Not enough reversal times allocated, reached 3 reversals at 4.8and still going (only allocated the following:[2.  3.8 4.8] n= 132 current time =2.2 asking for time of next one, will assume no more reversals
834.1940 	WARNING 	No default speaker specified in Preferences / Hardware, using first speaker found: Speakers (2- Realtek(R) Audio)
834.2130 	INFO 	Created stream for speaker device: Speakers (2- Realtek(R) Audio) (5.0)
834.2144 	EXP 	: sampleRate = 48000
834.2144 	EXP 	: channels = None
834.2152 	EXP 	: sampleRate = 44100
834.2211 	INFO 	Resampled audio from 44100Hz to 48000Hz using method 'default'.
834.9191 	DATA 	Mouse: Left button down, pos=(1298,834)
835.0282 	DATA 	Mouse:  Left button up, pos=(1298,833)
835.1884 	EXP 	New trial (rep=2, index=35): {'basicShape': 'circle', 'numObjectsInRing': 2, 'speed': 'staircase', 'initialDirRing0': 1, 'numTargets': 1, 'whichIsTargetEachRing': array([   0., -999.,    0.]), 'ringToQuery': 0}
836.7066 	ERROR 	Not enough reversal times allocated, reached 3 reversals at 5.1and still going (only allocated the following:[2.6 3.9 5.1] n= 6 current time =0.1 asking for time of next one, will assume no more reversals
836.7091 	ERROR 	Not enough reversal times allocated, reached 3 reversals at 5.1and still going (only allocated the following:[2.6 3.9 5.1] n= 7 current time =0.12 asking for time of next one, will assume no more reversals
836.7168 	ERROR 	Not enough reversal times allocated, reached 3 reversals at 5.1and still going (only allocated the following:[2.6 3.9 5.1] n= 7 current time =0.12 asking for time of next one, will assume no more reversals
836.7336 	ERROR 	Not enough reversal times allocated, reached 3 reversals at 5.1and still going (only allocated the following:[2.6 3.9 5.1] n= 8 current time =0.13 asking for time of next one, will assume no more reversals
836.7499 	ERROR 	Not enough reversal times allocated, reached 3 reversals at 5.1and still going (only allocated the following:[2.6 3.9 5.1] n= 9 current time =0.15 asking for time of next one, will assume no more reversals
836.7665 	ERROR 	Not enough reversal times allocated, reached 3 reversals at 5.1and still going (only allocated the following:[2.6 3.9 5.1] n= 10 current time =0.17 asking for time of next one, will assume no more reversals
836.7831 	ERROR 	Not enough reversal times allocated, reached 3 reversals at 5.1and still going (only allocated the following:[2.6 3.9 5.1] n= 11 current time =0.18 asking for time of next one, will assume no more reversals
836.8001 	ERROR 	Not enough reversal times allocated, reached 3 reversals at 5.1and still going (only allocated the following:[2.6 3.9 5.1] n= 12 current time =0.2 asking for time of next one, will assume no more reversals
838.6673 	ERROR 	Not enough reversal times allocated, reached 4 reversals at 4.9and still going (only allocated the following:[2.5 3.1 4.  4.9] n= 124 current time =2.07 asking for time of next one, will assume no more reversals
840.8484 	WARNING 	No default speaker specified in Preferences / Hardware, using first speaker found: Speakers (2- Realtek(R) Audio)
840.8685 	INFO 	Created stream for speaker device: Speakers (2- Realtek(R) Audio) (5.0)
840.8714 	EXP 	: sampleRate = 48000
840.8714 	EXP 	: channels = None
840.8725 	EXP 	: sampleRate = 44100
840.8804 	INFO 	Resampled audio from 44100Hz to 48000Hz using method 'default'.
841.9234 	DATA 	Mouse: Left button down, pos=(1034,873)
842.0186 	DATA 	Mouse:  Left button up, pos=(1034,872)
842.1933 	EXP 	New trial (rep=2, index=36): {'basicShape': 'circle', 'numObjectsInRing': 2, 'speed': 'staircase', 'initialDirRing0': 1, 'numTargets': 1, 'whichIsTargetEachRing': array([0., 0., 1.]), 'ringToQuery': 0}
846.1216 	ERROR 	Not enough reversal times allocated, reached 4 reversals at 5.8and still going (only allocated the following:[2.2 2.8 3.9 5.8] n= 168 current time =2.8 asking for time of next one, will assume no more reversals
846.1383 	ERROR 	Not enough reversal times allocated, reached 4 reversals at 5.8and still going (only allocated the following:[2.2 2.8 3.9 5.8] n= 169 current time =2.82 asking for time of next one, will assume no more reversals
846.1550 	ERROR 	Not enough reversal times allocated, reached 4 reversals at 5.8and still going (only allocated the following:[2.2 2.8 3.9 5.8] n= 170 current time =2.83 asking for time of next one, will assume no more reversals
846.1719 	ERROR 	Not enough reversal times allocated, reached 4 reversals at 5.8and still going (only allocated the following:[2.2 2.8 3.9 5.8] n= 171 current time =2.85 asking for time of next one, will assume no more reversals
846.1882 	ERROR 	Not enough reversal times allocated, reached 4 reversals at 5.8and still going (only allocated the following:[2.2 2.8 3.9 5.8] n= 172 current time =2.87 asking for time of next one, will assume no more reversals
846.2049 	ERROR 	Not enough reversal times allocated, reached 4 reversals at 5.8and still going (only allocated the following:[2.2 2.8 3.9 5.8] n= 173 current time =2.88 asking for time of next one, will assume no more reversals
846.2216 	ERROR 	Not enough reversal times allocated, reached 4 reversals at 5.8and still going (only allocated the following:[2.2 2.8 3.9 5.8] n= 174 current time =2.9 asking for time of next one, will assume no more reversals
846.2386 	ERROR 	Not enough reversal times allocated, reached 4 reversals at 5.8and still going (only allocated the following:[2.2 2.8 3.9 5.8] n= 175 current time =2.92 asking for time of next one, will assume no more reversals
846.2554 	ERROR 	Not enough reversal times allocated, reached 4 reversals at 5.8and still going (only allocated the following:[2.2 2.8 3.9 5.8] n= 176 current time =2.93 asking for time of next one, will assume no more reversals
846.2716 	ERROR 	Not enough reversal times allocated, reached 4 reversals at 5.8and still going (only allocated the following:[2.2 2.8 3.9 5.8] n= 177 current time =2.95 asking for time of next one, will assume no more reversals
846.2885 	ERROR 	Not enough reversal times allocated, reached 4 reversals at 5.8and still going (only allocated the following:[2.2 2.8 3.9 5.8] n= 178 current time =2.97 asking for time of next one, will assume no more reversals
846.3048 	ERROR 	Not enough reversal times allocated, reached 4 reversals at 5.8and still going (only allocated the following:[2.2 2.8 3.9 5.8] n= 179 current time =2.98 asking for time of next one, will assume no more reversals
846.3216 	ERROR 	Not enough reversal times allocated, reached 4 reversals at 5.8and still going (only allocated the following:[2.2 2.8 3.9 5.8] n= 180 current time =3.0 asking for time of next one, will assume no more reversals
846.3381 	ERROR 	Not enough reversal times allocated, reached 4 reversals at 5.8and still going (only allocated the following:[2.2 2.8 3.9 5.8] n= 181 current time =3.02 asking for time of next one, will assume no more reversals
846.3551 	ERROR 	Not enough reversal times allocated, reached 4 reversals at 5.8and still going (only allocated the following:[2.2 2.8 3.9 5.8] n= 182 current time =3.03 asking for time of next one, will assume no more reversals
846.3715 	ERROR 	Not enough reversal times allocated, reached 4 reversals at 5.8and still going (only allocated the following:[2.2 2.8 3.9 5.8] n= 183 current time =3.05 asking for time of next one, will assume no more reversals
846.3881 	ERROR 	Not enough reversal times allocated, reached 4 reversals at 5.8and still going (only allocated the following:[2.2 2.8 3.9 5.8] n= 184 current time =3.07 asking for time of next one, will assume no more reversals
847.5030 	WARNING 	No default speaker specified in Preferences / Hardware, using first speaker found: Speakers (2- Realtek(R) Audio)
847.5217 	INFO 	Created stream for speaker device: Speakers (2- Realtek(R) Audio) (5.0)
847.5230 	EXP 	: sampleRate = 48000
847.5230 	EXP 	: channels = None
847.5236 	EXP 	: sampleRate = 44100
847.5302 	INFO 	Resampled audio from 44100Hz to 48000Hz using method 'default'.
848.3434 	DATA 	Mouse: Left button down, pos=(983,318)
848.4443 	DATA 	Mouse:  Left button up, pos=(979,307)
848.6129 	EXP 	New trial (rep=2, index=37): {'basicShape': 'circle', 'numObjectsInRing': 2, 'speed': 'staircase', 'initialDirRing0': -1, 'numTargets': 1, 'whichIsTargetEachRing': array([0., 0., 1.]), 'ringToQuery': 2}
850.4919 	ERROR 	Not enough reversal times allocated, reached 5 reversals at 6.1and still going (only allocated the following:[2.  2.6 3.6 4.4 6.1] n= 36 current time =0.6 asking for time of next one, will assume no more reversals
850.5076 	ERROR 	Not enough reversal times allocated, reached 5 reversals at 5.8and still going (only allocated the following:[1.8 3.3 4.  4.8 5.8] n= 37 current time =0.62 asking for time of next one, will assume no more reversals
850.5099 	ERROR 	Not enough reversal times allocated, reached 5 reversals at 6.1and still going (only allocated the following:[2.  2.6 3.6 4.4 6.1] n= 37 current time =0.62 asking for time of next one, will assume no more reversals
850.5246 	ERROR 	Not enough reversal times allocated, reached 5 reversals at 5.8and still going (only allocated the following:[1.8 3.3 4.  4.8 5.8] n= 38 current time =0.63 asking for time of next one, will assume no more reversals
850.5268 	ERROR 	Not enough reversal times allocated, reached 5 reversals at 6.1and still going (only allocated the following:[2.  2.6 3.6 4.4 6.1] n= 38 current time =0.63 asking for time of next one, will assume no more reversals
850.5410 	ERROR 	Not enough reversal times allocated, reached 5 reversals at 5.8and still going (only allocated the following:[1.8 3.3 4.  4.8 5.8] n= 39 current time =0.65 asking for time of next one, will assume no more reversals
850.5425 	ERROR 	Not enough reversal times allocated, reached 5 reversals at 6.1and still going (only allocated the following:[2.  2.6 3.6 4.4 6.1] n= 39 current time =0.65 asking for time of next one, will assume no more reversals
850.5578 	ERROR 	Not enough reversal times allocated, reached 5 reversals at 5.8and still going (only allocated the following:[1.8 3.3 4.  4.8 5.8] n= 40 current time =0.67 asking for time of next one, will assume no more reversals
850.5602 	ERROR 	Not enough reversal times allocated, reached 5 reversals at 6.1and still going (only allocated the following:[2.  2.6 3.6 4.4 6.1] n= 40 current time =0.67 asking for time of next one, will assume no more reversals
850.5745 	ERROR 	Not enough reversal times allocated, reached 5 reversals at 5.8and still going (only allocated the following:[1.8 3.3 4.  4.8 5.8] n= 41 current time =0.68 asking for time of next one, will assume no more reversals
850.5763 	ERROR 	Not enough reversal times allocated, reached 5 reversals at 6.1and still going (only allocated the following:[2.  2.6 3.6 4.4 6.1] n= 41 current time =0.68 asking for time of next one, will assume no more reversals
850.5913 	ERROR 	Not enough reversal times allocated, reached 5 reversals at 5.8and still going (only allocated the following:[1.8 3.3 4.  4.8 5.8] n= 42 current time =0.7 asking for time of next one, will assume no more reversals
850.5926 	ERROR 	Not enough reversal times allocated, reached 5 reversals at 6.1and still going (only allocated the following:[2.  2.6 3.6 4.4 6.1] n= 42 current time =0.7 asking for time of next one, will assume no more reversals
850.6079 	ERROR 	Not enough reversal times allocated, reached 5 reversals at 5.8and still going (only allocated the following:[1.8 3.3 4.  4.8 5.8] n= 43 current time =0.72 asking for time of next one, will assume no more reversals
850.6098 	ERROR 	Not enough reversal times allocated, reached 5 reversals at 6.1and still going (only allocated the following:[2.  2.6 3.6 4.4 6.1] n= 43 current time =0.72 asking for time of next one, will assume no more reversals
850.6247 	ERROR 	Not enough reversal times allocated, reached 5 reversals at 5.8and still going (only allocated the following:[1.8 3.3 4.  4.8 5.8] n= 44 current time =0.73 asking for time of next one, will assume no more reversals
854.4976 	WARNING 	No default speaker specified in Preferences / Hardware, using first speaker found: Speakers (2- Realtek(R) Audio)
854.5203 	INFO 	Created stream for speaker device: Speakers (2- Realtek(R) Audio) (5.0)
854.5218 	EXP 	: sampleRate = 48000
854.5218 	EXP 	: channels = None
854.5222 	EXP 	: sampleRate = 44100
854.5261 	INFO 	Resampled audio from 44100Hz to 48000Hz using method 'default'.
855.1154 	DATA 	Mouse: Left button down, pos=(478,344)
855.2054 	DATA 	Mouse:  Left button up, pos=(475,343)
855.3833 	EXP 	New trial (rep=2, index=38): {'basicShape': 'circle', 'numObjectsInRing': 2, 'speed': [0.02, 0.1], 'initialDirRing0': 1, 'numTargets': 2, 'whichIsTargetEachRing': array([   0.,    1., -999.]), 'ringToQuery': 0}
861.7813 	WARNING 	No default speaker specified in Preferences / Hardware, using first speaker found: Speakers (2- Realtek(R) Audio)
861.8051 	INFO 	Created stream for speaker device: Speakers (2- Realtek(R) Audio) (5.0)
861.8065 	EXP 	: sampleRate = 48000
861.8065 	EXP 	: channels = None
861.8069 	EXP 	: sampleRate = 44100
861.8104 	INFO 	Resampled audio from 44100Hz to 48000Hz using method 'default'.
862.6369 	DATA 	Mouse: Left button down, pos=(333,499)
862.7254 	DATA 	Mouse:  Left button up, pos=(318,502)
862.9074 	EXP 	New trial (rep=2, index=39): {'basicShape': 'circle', 'numObjectsInRing': 4, 'speed': 'staircase', 'initialDirRing0': -1, 'numTargets': 1, 'whichIsTargetEachRing': array([   3.,    0., -999.]), 'ringToQuery': 1}
868.6705 	ERROR 	Not enough reversal times allocated, reached 4 reversals at 7.3and still going (only allocated the following:[2.2 4.2 5.5 7.3] n= 266 current time =4.43 asking for time of next one, will assume no more reversals
868.6875 	ERROR 	Not enough reversal times allocated, reached 4 reversals at 7.3and still going (only allocated the following:[2.2 4.2 5.5 7.3] n= 267 current time =4.45 asking for time of next one, will assume no more reversals
868.7047 	ERROR 	Not enough reversal times allocated, reached 4 reversals at 7.3and still going (only allocated the following:[2.2 4.2 5.5 7.3] n= 268 current time =4.47 asking for time of next one, will assume no more reversals
868.7209 	ERROR 	Not enough reversal times allocated, reached 4 reversals at 7.3and still going (only allocated the following:[2.2 4.2 5.5 7.3] n= 269 current time =4.48 asking for time of next one, will assume no more reversals
868.7379 	ERROR 	Not enough reversal times allocated, reached 4 reversals at 7.3and still going (only allocated the following:[2.2 4.2 5.5 7.3] n= 270 current time =4.5 asking for time of next one, will assume no more reversals
868.7545 	ERROR 	Not enough reversal times allocated, reached 4 reversals at 7.3and still going (only allocated the following:[2.2 4.2 5.5 7.3] n= 271 current time =4.52 asking for time of next one, will assume no more reversals
868.7710 	ERROR 	Not enough reversal times allocated, reached 4 reversals at 7.3and still going (only allocated the following:[2.2 4.2 5.5 7.3] n= 272 current time =4.53 asking for time of next one, will assume no more reversals
868.7875 	ERROR 	Not enough reversal times allocated, reached 4 reversals at 7.3and still going (only allocated the following:[2.2 4.2 5.5 7.3] n= 273 current time =4.55 asking for time of next one, will assume no more reversals
868.8042 	ERROR 	Not enough reversal times allocated, reached 4 reversals at 7.3and still going (only allocated the following:[2.2 4.2 5.5 7.3] n= 274 current time =4.57 asking for time of next one, will assume no more reversals
868.8208 	ERROR 	Not enough reversal times allocated, reached 4 reversals at 7.3and still going (only allocated the following:[2.2 4.2 5.5 7.3] n= 275 current time =4.58 asking for time of next one, will assume no more reversals
868.8382 	ERROR 	Not enough reversal times allocated, reached 4 reversals at 7.3and still going (only allocated the following:[2.2 4.2 5.5 7.3] n= 276 current time =4.6 asking for time of next one, will assume no more reversals
868.8543 	ERROR 	Not enough reversal times allocated, reached 4 reversals at 7.3and still going (only allocated the following:[2.2 4.2 5.5 7.3] n= 277 current time =4.62 asking for time of next one, will assume no more reversals
868.8571 	ERROR 	Not enough reversal times allocated, reached 5 reversals at 7.4and still going (only allocated the following:[2.5 3.7 4.9 5.5 7.4] n= 277 current time =4.62 asking for time of next one, will assume no more reversals
868.8732 	ERROR 	Not enough reversal times allocated, reached 5 reversals at 7.4and still going (only allocated the following:[2.5 3.7 4.9 5.5 7.4] n= 278 current time =4.63 asking for time of next one, will assume no more reversals
868.8900 	ERROR 	Not enough reversal times allocated, reached 5 reversals at 7.4and still going (only allocated the following:[2.5 3.7 4.9 5.5 7.4] n= 279 current time =4.65 asking for time of next one, will assume no more reversals
868.9073 	ERROR 	Not enough reversal times allocated, reached 5 reversals at 7.4and still going (only allocated the following:[2.5 3.7 4.9 5.5 7.4] n= 280 current time =4.67 asking for time of next one, will assume no more reversals
868.9232 	ERROR 	Not enough reversal times allocated, reached 5 reversals at 7.4and still going (only allocated the following:[2.5 3.7 4.9 5.5 7.4] n= 281 current time =4.68 asking for time of next one, will assume no more reversals
868.9401 	ERROR 	Not enough reversal times allocated, reached 5 reversals at 7.4and still going (only allocated the following:[2.5 3.7 4.9 5.5 7.4] n= 282 current time =4.7 asking for time of next one, will assume no more reversals
868.9574 	ERROR 	Not enough reversal times allocated, reached 5 reversals at 7.4and still going (only allocated the following:[2.5 3.7 4.9 5.5 7.4] n= 283 current time =4.72 asking for time of next one, will assume no more reversals
868.9750 	ERROR 	Not enough reversal times allocated, reached 5 reversals at 7.4and still going (only allocated the following:[2.5 3.7 4.9 5.5 7.4] n= 284 current time =4.73 asking for time of next one, will assume no more reversals
868.9918 	ERROR 	Not enough reversal times allocated, reached 5 reversals at 7.4and still going (only allocated the following:[2.5 3.7 4.9 5.5 7.4] n= 285 current time =4.75 asking for time of next one, will assume no more reversals
869.0070 	ERROR 	Not enough reversal times allocated, reached 5 reversals at 7.4and still going (only allocated the following:[2.5 3.7 4.9 5.5 7.4] n= 286 current time =4.77 asking for time of next one, will assume no more reversals
869.0256 	ERROR 	Not enough reversal times allocated, reached 5 reversals at 7.4and still going (only allocated the following:[2.5 3.7 4.9 5.5 7.4] n= 287 current time =4.78 asking for time of next one, will assume no more reversals
869.0400 	ERROR 	Not enough reversal times allocated, reached 5 reversals at 7.4and still going (only allocated the following:[2.5 3.7 4.9 5.5 7.4] n= 288 current time =4.8 asking for time of next one, will assume no more reversals
869.6220 	WARNING 	No default speaker specified in Preferences / Hardware, using first speaker found: Speakers (2- Realtek(R) Audio)
869.6419 	INFO 	Created stream for speaker device: Speakers (2- Realtek(R) Audio) (5.0)
869.6433 	EXP 	: sampleRate = 48000
869.6433 	EXP 	: channels = None
869.6437 	EXP 	: sampleRate = 44100
869.6524 	INFO 	Resampled audio from 44100Hz to 48000Hz using method 'default'.
870.2931 	DATA 	Mouse: Left button down, pos=(660,649)
870.3888 	DATA 	Mouse:  Left button up, pos=(660,646)
870.6090 	INFO 	Finishing now, at 17Aug2026_00-08
870.6094 	INFO 	Didnt try to eyetrack because "eyetracking" was set to False
871.5556 	INFO 	saved wide-format data to tempYouCanDeleteThisFile.tsv

Finishing now, at 17Aug2026_00-08
condition of this staircase =  {'numTargets': 1.0, 'numObjects': 2.0, 'midpointThreshPrevLit': nan}
Staircase should converge on the 79.4 % threshold, whose actual value for this condition is nan
Mean of final 5 reversals = 1.73
condition of this staircase =  {'numTargets': 1.0, 'numObjects': 4.0, 'midpointThreshPrevLit': nan}
Staircase should converge on the 79.4 % threshold, whose actual value for this condition is nan
Mean of final 4 reversals = 1.02
condition of this staircase =  {'numTargets': 2.0, 'numObjects': 2.0, 'midpointThreshPrevLit': 1.9375}
Staircase should converge on the 79.4 % threshold, whose actual value for this condition is 1.9375
Mean of final 2 reversals = 1.60
condition of this staircase =  {'numTargets': 2.0, 'numObjects': 4.0, 'midpointThreshPrevLit': 0.96875}
Staircase should converge on the 79.4 % threshold, whose actual value for this condition is 0.96875
Mean of final 4 reversals = 0.83
About to plot staircases
C:\Users\vipla\AppData\Local\Programs\PsychoPy\lib\site-packages\psychopy\data\trial.py:709: FutureWarning: The behavior of DataFrame concatenation with empty or all-NA entries is deprecated. In a future version, this will no longer exclude empty or all-NA columns when determining the result dtypes. To retain the old behavior, exclude the relevant entries before the concat operation.
  df = pd.concat([df, pd.DataFrame(entriesList)])
Session appears to have completed all ( 120 trials), because no double-dashes ("--") appear in the file

dtype= float64
trialNum= 120
error when doing logistic fit: divide by zero encountered in log
Got to the end of the program and now quitting normally.